Month,Day,Hour,Cap and Trade,GHG Adder,GHG Rebalancing,Energy,Generation Capacity,Transmission Capacity,Distribution Capacity,Ancillary Services,Losses,Methane Leakage,Air Quality Adder,Total Levelized Value
1,1,0,23.22765735,75.06512122,-12.05151253,80.58028603,0,0,0,0.019233086,5.834012709,4.803638518,0,177.4784364
1,1,1,22.69973483,71.82221627,-12.05151253,78.93194662,0,0,0,0.020138367,5.714672935,4.593603428,0,171.7307999
1,1,2,25.46565625,82.54911599,-12.05151253,86.61945223,0,0,0,0.019817002,6.271248341,5.345153565,0,194.2189308
1,1,3,25.07540158,81.71628589,-12.05151253,85.18479999,0,0,0,0.018881803,6.16737952,5.277027744,0,191.388264
1,1,4,25.28639159,82.82514345,-12.05151253,85.64579927,0,0,0,0.018502373,6.200755867,5.350543253,0,193.2756233
1,1,5,25.74889478,82.85938612,-12.05151253,87.70244122,0,0,0,0.020486099,6.349656745,5.378211998,0,196.0075644
1,1,6,26.48605595,87.89124024,-12.05151253,90.67181156,0,0,0,0.019626153,6.564639157,5.699546149,0,205.2814067
1,1,7,26.85956335,89.58826342,-12.05151253,91.90376007,0,0,0,0.019297479,6.653832229,5.814874703,0,208.7880787
1,1,8,22.62679864,73.54973384,-12.05151253,76.86190016,0,0,0,0.017994807,5.564801572,4.685763611,0,171.2554801
1,1,9,20.69238721,66.73941038,-12.05151253,71.25687943,0,0,0,0.016562929,5.158998071,4.198681878,0,156.0114074
1,1,10,16.78877467,52.83645565,-12.05151253,59.17928112,0,0,0,0.015436434,4.284579953,3.206856081,0,124.2598714
1,1,11,16.28249292,50.6359188,-12.05151253,57.99364319,0,0,0,0.015501122,4.198739767,3.056086284,0,120.1308695
1,1,12,16.42735583,50.99038125,-12.05151253,58.289727,0,0,0,0.015578923,4.220176235,3.083898707,0,120.9756054
1,1,13,15.82318082,48.57312583,-12.05151253,56.80694361,0,0,0,0.015632473,4.112822717,2.915605032,0,116.1957979
1,1,14,16.85185843,52.69824188,-12.05151253,59.99518877,0,0,0,0.015725029,4.343651667,3.202671339,0,125.0558246
1,1,15,19.56162544,62.49905943,-12.05151253,67.82433468,0,0,0,0.016379265,4.910481831,3.899510899,0,146.659879
1,1,16,26.00592066,84.76733024,-12.05151253,89.27519474,0,0,0,0.021392701,6.463524099,5.498800827,0,199.9806507
1,1,17,28.14708212,90.56187681,-12.05151253,99.58339155,0,0,0,0.023308661,7.209837548,5.940819764,0,219.4148039
1,1,18,17.75884115,52.47235149,-12.05151253,68.03487073,0,0,0,0.021238403,4.925724641,3.240608182,0,134.4021221
1,1,19,18.162508,54.36074672,-12.05151253,69.50354759,0,0,0,0.02095411,5.032056845,3.36827604,0,138.3965768
1,1,20,17.16709144,50.27363506,-12.05151253,66.12890851,0,0,0,0.020951563,4.787732976,3.085179218,0,129.4119862
1,1,21,24.34902929,77.19844866,-12.05151253,84.49958365,0,0,0,0.021871108,6.117769856,4.984925273,0,185.1201153
1,1,22,28.59571786,93.39441572,-12.05151253,98.88203669,0,0,0,0.022883884,7.159059456,6.123581193,0,222.1261823
1,1,23,26.30476167,84.92032002,-12.05151253,91.35075652,0,0,0,0.021122666,6.613794772,5.523967802,0,202.6832109
1,2,0,24.42365955,78.5969999,-12.05151253,84.42358566,0,0,0,0.01816703,6.112267602,5.066981483,0,186.5901487
1,2,1,21.5369177,67.94971924,-12.05151253,75.68116138,0,0,0,0.018035947,5.479316084,4.313136429,0,162.9267742
1,2,2,23.46142824,75.20571258,-12.05151253,79.34559255,0,0,0,0.017671215,5.7446209,4.824490496,0,176.5480034
1,2,3,22.56115228,71.82999881,-12.05151253,76.82093182,0,0,0,0.017590435,5.561835464,4.586317867,0,169.3263141
1,2,4,22.89637471,72.38682905,-12.05151253,78.31535478,0,0,0,0.018254711,5.670031686,4.636005202,0,171.8713376
1,2,5,23.95484684,74.8658091,-12.05151253,82.67042384,0,0,0,0.020439247,5.985338686,4.833041288,0,180.2783865
1,2,6,26.28458575,83.90040904,-12.05151253,89.5687767,0,0,0,0.021058299,6.484779433,5.466034961,0,199.6741316
1,2,7,25.32224904,80.62718237,-12.05151253,88.46719905,0,0,0,0.021989496,6.405025211,5.230114082,0,194.0222467
1,2,8,22.00250869,69.36200801,-12.05151253,76.2522135,0,0,0,0.018482989,5.520660257,4.417734332,0,165.5220952
1,2,9,15.60914223,46.92257873,-12.05151253,57.0569636,0,0,0,0.01665942,4.130924164,2.81174761,0,114.4965032
1,2,10,12.30661549,35.17237311,-12.05151253,48.34459296,0,0,0,0.016122489,3.50014853,1.973310417,0,89.26165047
1,2,11,11.59493548,32.83372665,-12.05151253,46.12430014,0,0,0,0.016302829,3.33939933,1.803407232,0,83.66055912
1,2,12,16.20056011,50.0422421,-12.05151253,57.86266176,0,0,0,0.01571603,4.189256712,3.018454835,0,119.277379
1,2,13,10.16192212,27.24998021,-12.05151253,41.51463789,0,0,0,0.015678352,3.005659783,1.412573711,0,71.30893952
1,2,14,13.6365056,40.81784417,-12.05151253,50.90690288,0,0,0,0.015203527,3.685659768,2.361838034,0,99.37244144
1,2,15,11.49359269,32.3773716,-12.05151253,45.514551,0,0,0,0.015690323,3.295253493,1.772343463,0,82.41729003
1,2,16,19.69720974,60.49882239,-12.05151253,71.02202652,0,0,0,0.02009564,5.14199472,3.795649742,0,148.1242862
1,2,17,25.59944471,81.91687674,-12.05151253,89.82881004,0,0,0,0.020641126,6.503605847,5.317389857,0,197.1352558
1,2,18,23.48886368,73.94355977,-12.05151253,81.45279263,0,0,0,0.02035697,5.897182187,4.755716738,0,177.5069594
1,2,19,20.9648992,65.72811163,-12.05151253,74.24440132,0,0,0,0.018441339,5.375294655,4.157531456,0,158.4371671
1,2,20,23.26895345,75.2676777,-12.05151253,80.37194225,0,0,0,0.018074023,5.818928619,4.817221107,0,177.5112846
1,2,21,17.07440716,51.47434724,-12.05151253,63.48583184,0,0,0,0.020862509,4.596374225,3.146896372,0,127.7472068
1,2,22,21.41864017,68.27536418,-12.05151253,74.04393971,0,0,0,0.019203668,5.360781235,4.324686794,0,161.3911032
1,2,23,20.66039086,65.87950067,-12.05151253,70.89752018,0,0,0,0.017342727,5.132980461,4.14900271,0,154.6852251
1,3,0,21.66290954,69.80459447,-12.05151253,73.92173587,0,0,0,0.017352861,5.351933677,4.423470725,0,163.1304846
1,3,1,21.10610749,68.20723166,-12.05151253,72.27282145,0,0,0,0.017154951,5.232552273,4.303483742,0,159.087839
1,3,2,20.77142013,66.98167632,-12.05151253,71.01939081,0,0,0,0.016868658,5.141803894,4.216578224,0,156.0962255
1,3,3,20.74294341,66.68882422,-12.05151253,70.88753678,0,0,0,0.016817586,5.132257663,4.198680209,0,155.6155473
1,3,4,20.44572604,65.45598004,-12.05151253,70.18725199,0,0,0,0.016884299,5.081557044,4.113455781,0,153.2493427
1,3,5,21.06320678,66.63908591,-12.05151253,72.64406545,0,0,0,0.017592336,5.259430338,4.213748455,0,157.7856167
1,3,6,21.92591263,69.45886645,-12.05151253,76.13760101,0,0,0,0.018682396,5.512362313,4.418862947,0,165.4207752
1,3,7,16.90364375,51.90012389,-12.05151253,61.59543483,0,0,0,0.017216229,4.459509482,3.161100609,0,125.9855162
1,3,8,12.73450546,37.09202042,-12.05151253,49.07048262,0,0,0,0.01534276,3.552702942,2.104068244,0,92.51760992
1,3,9,9.28065033,23.31087821,-12.05151253,38.7046935,0,0,0,0.014926796,2.802219809,1.144078891,0,63.205935
1,3,10,9.222491171,23.1101258,-12.05151253,38.48796179,0,0,0,0.015077086,2.786528434,1.129657517,0,62.70032927
1,3,11,6.446805572,10.14973269,-12.05151253,28.60030472,0,0,0,0.014161969,2.070662062,0.253157933,0,35.48331242
1,3,12,5.005546462,3.13039785,-12.05151253,23.1062551,0,0,0,0.013715846,1.672892869,-0.21809715,0,20.65919844
1,3,13,4.451867502,1.682283269,-12.05151253,20.76085111,0,0,0,0.01315637,1.503085621,-0.32959705,0,16.03013429
1,3,14,4.374007045,0.92907285,-12.05151253,20.5038661,0,0,0,0.013412349,1.484479906,-0.375887698,0,14.87743802
1,3,15,6.70068757,11.98695689,-12.05151253,29.5233199,0,0,0,0.014339189,2.137488361,0.369632548,0,38.68091193
1,3,16,22.75630999,72.23081135,-12.05151253,79.00770672,0,0,0,0.020093616,5.720157967,4.61951341,0,172.3030805
1,3,17,28.04525954,90.6450889,-12.05151253,99.40008548,0,0,0,0.021410499,7.196566189,5.93978316,0,219.1966812
1,3,18,18.21022094,55.09210332,-12.05151253,68.81300124,0,0,0,0.020277025,4.98206129,3.411670213,0,138.4778215
1,3,19,18.48917678,57.03160956,-12.05151253,69.89872252,0,0,0,0.019940085,5.06066751,3.535238551,0,141.9838425
1,3,20,23.90085889,77.24444071,-12.05151253,82.16618105,0,0,0,0.019423817,5.948831508,4.96252394,0,182.1907474
1,3,21,23.56292032,75.90400313,-12.05151253,81.35238839,0,0,0,0.019260947,5.889912919,4.869038388,0,179.5460116
1,3,22,24.12921127,77.38942023,-12.05151253,86.59199799,0,0,0,0.020891784,6.269260655,4.983318527,0,187.3325879
1,3,23,25.37767503,79.23118323,-12.05151253,88.34554867,0,0,0,0.023182345,6.396217724,5.155444157,0,192.4777386
1,4,0,26.79470418,84.34851928,-12.05151253,94.34732809,0,0,0,0.024079272,6.830746554,5.519408299,0,205.8132731
1,4,1,26.05404611,82.97773238,-12.05151253,91.29939955,0,0,0,0.023325062,6.610076527,5.401800814,0,200.3148679
1,4,2,27.97256388,89.80809409,-12.05151253,101.6028401,0,0,0,0.022089918,7.356045621,5.889113401,0,220.5992345
1,4,3,26.58561527,84.7417401,-12.05151253,92.67859675,0,0,0,0.022206115,6.709930405,5.529664446,0,204.2162406
1,4,4,28.25667458,91.60311173,-12.05151253,98.13598021,0,0,0,0.022611526,7.105044968,6.00492085,0,219.0768313
1,4,5,28.46500175,91.95084718,-12.05151253,100.7614276,0,0,0,0.02380774,7.295127359,6.035893537,0,222.4805926
1,4,6,23.44276066,70.78510143,-12.05151253,91.36272609,0,0,0,0.026716081,6.614661369,4.57722267,0,184.7576758
1,4,7,19.0410943,54.07591444,-12.05151253,70.21559785,0,0,0,0.022570503,5.083609284,3.401348139,0,139.788622
1,4,8,19.53916433,61.47568162,-12.05151253,69.58686772,0,0,0,0.019015521,5.038089223,3.841257672,0,147.4485636
1,4,9,8.282333757,18.13679589,-12.05151253,35.56741792,0,0,0,0.017056411,2.575081057,0.800276273,0,53.32744878
1,4,10,7.691377739,16.47427025,-12.05151253,33.1703426,0,0,0,0.015820609,2.401532804,0.674757345,0,48.37658881
1,4,11,5.967994604,8.819491797,-12.05151253,26.41062139,0,0,0,0.01500556,1.912128988,0.152393744,0,31.22612355
1,4,12,5.301633524,5.57266427,-12.05151253,23.91175556,0,0,0,0.014858737,1.731211103,-0.065570861,0,24.4150398
1,4,13,5.006411282,4.824179193,-12.05151253,22.64240093,0,0,0,0.014574709,1.639309827,-0.123705359,0,21.95165805
1,4,14,3.749329212,1.824119966,-12.05151253,17.74434795,0,0,0,0.014068873,1.284690791,-0.360828129,0,12.20421613
1,4,15,4.548927117,1.085895476,-12.05151253,21.41645332,0,0,0,0.014786851,1.550551221,-0.35740963,0,16.20769182
1,4,16,22.18986519,69.37607267,-12.05151253,79.06080325,0,0,0,0.02127464,5.724002156,4.42895349,0,168.7494589
1,4,17,29.37497614,92.04638448,-12.05151253,110.8062077,0,0,0,0.027924389,8.022369435,6.091900538,0,234.3182501
1,4,18,16.55082547,40.71699997,-12.05151253,73.65563172,0,0,0,0.028662826,5.332667737,2.518548629,0,126.7518238
1,4,19,18.25978475,54.0247587,-12.05151253,66.34052513,0,0,0,0.020653805,4.803054019,3.354979822,0,134.7522437
1,4,20,23.44735354,74.29813015,-12.05151253,83.16865917,0,0,0,0.022435502,6.021410924,4.773154194,0,179.679631
1,4,21,24.53839324,78.58811709,-12.05151253,84.94239281,0,0,0,0.021513023,6.14982924,5.072877377,0,187.2616102
1,4,22,26.04855879,84.44610863,-12.05151253,89.66374875,0,0,0,0.02155125,6.491655409,5.483283727,0,200.103394
1,4,23,24.98157824,80.73404679,-12.05151253,85.70718739,0,0,0,0.021124969,6.205200367,5.217091066,0,190.8147163
1,5,0,24.04327096,76.75459179,-12.05151253,83.8712551,0,0,0,0.021244821,6.072278869,4.943171707,0,183.6543007
1,5,1,25.35005403,82.12069759,-12.05151253,86.8480273,0,0,0,0.020700933,6.287797176,5.314851617,0,193.8906161
1,5,2,26.60067133,86.96261791,-12.05151253,90.71231665,0,0,0,0.020736898,6.567571726,5.654205962,0,204.4666079
1,5,3,25.93480917,83.68461685,-12.05151253,88.38768605,0,0,0,0.020622717,6.39926847,5.434532781,0,197.8100235
1,5,4,25.75711136,83.6763173,-12.05151253,88.45873541,0,0,0,0.020646559,6.404412444,5.424172728,0,197.6898833
1,5,5,26.43093285,85.66627603,-12.05151253,90.69289177,0,0,0,0.021037717,6.566165364,5.572545286,0,202.8983365
1,5,6,25.34615375,78.70622029,-12.05151253,93.91425243,0,0,0,0.022224441,6.799391876,5.124447986,0,197.8611782
1,5,7,19.00436581,53.68628477,-12.05151253,70.29021677,0,0,0,0.021659303,5.089011694,3.377599989,0,139.4176258
1,5,8,17.64975707,54.1785313,-12.05151253,64.73827668,0,0,0,0.018062966,4.687051232,3.329566414,0,132.5497331
1,5,9,13.28144873,37.50855184,-12.05151253,50.06203923,0,0,0,0.015758576,3.62449164,2.157733784,0,94.59851126
1,5,10,11.1412784,29.76320605,-12.05151253,44.29217205,0,0,0,0.015542226,3.206753256,1.607110536,0,77.97454998
1,5,11,8.610433289,18.21896359,-12.05151253,35.97687833,0,0,0,0.015088735,2.604725991,0.823128158,0,54.19770555
1,5,12,5.910338771,6.682205339,-12.05151253,26.94874796,0,0,0,0.014624823,1.951089353,0.030135459,0,29.48562917
1,5,13,4.704566465,2.841828666,-12.05151253,21.81404015,0,0,0,0.014101923,1.579336507,-0.250935039,0,18.65142614
1,5,14,3.921842701,0.095886378,-12.05151253,18.64454971,0,0,0,0.013829688,1.349865399,-0.447481738,0,11.5269796
1,5,15,4.743125423,1.896887854,-12.05151253,22.08637176,0,0,0,0.014156355,1.599053316,-0.301420509,0,17.98666167
1,5,16,22.93689452,71.30701628,-12.05151253,80.89823134,0,0,0,0.020911613,5.857031949,4.578116584,0,173.5466898
1,5,17,29.9785379,94.09245616,-12.05151253,117.1074001,0,0,0,0.027185823,8.478575765,6.239485121,0,243.8721283
1,5,18,23.11096545,73.47901176,-12.05151253,81.77066689,0,0,0,0.021359053,5.920196283,4.708792483,0,176.9594794
1,5,19,24.38273463,77.07870545,-12.05151253,84.79608924,0,0,0,0.022006356,6.139236861,4.980132964,0,185.347393
1,5,20,19.03362279,56.79058532,-12.05151253,71.10930728,0,0,0,0.021752451,5.148313847,3.552139144,0,143.6042083
1,5,21,24.71957247,78.7432111,-12.05151253,85.93826078,0,0,0,0.021486501,6.221930081,5.091607797,0,188.6845562
1,5,22,28.79734406,90.78020384,-12.05151253,103.0533504,0,0,0,0.025917625,7.461062571,5.98920017,0,224.0555662
1,5,23,29.10500735,93.42421144,-12.05151253,102.597746,0,0,0,0.024655681,7.428076812,6.153608238,0,226.681793
1,6,0,18.69331826,56.72960849,-12.05151253,70.89459482,0,0,0,0.021442035,5.132768665,3.529787772,0,142.9500075
1,6,1,16.80566476,50.92272459,-12.05151253,64.62650033,0,0,0,0.020486715,4.678958624,3.101202039,0,128.1040245
1,6,2,24.03026923,77.99982951,-12.05151253,82.93582833,0,0,0,0.020325935,6.004553971,5.011807252,0,183.9511017
1,6,3,24.49331245,79.10292206,-12.05151253,83.32679868,0,0,0,0.020327114,6.032860225,5.099041014,0,186.023749
1,6,4,22.6703961,71.93502481,-12.05151253,78.37653689,0,0,0,0.020921641,5.674461271,4.598252697,0,171.2240809
1,6,5,20.87387887,65.42396578,-12.05151253,74.17998976,0,0,0,0.021027965,5.370631259,4.135520699,0,157.9535018
1,6,6,22.32780169,70.96930373,-12.05151253,78.67227832,0,0,0,0.020465086,5.69587295,4.525379523,0,170.1595888
1,6,7,20.18926458,63.51877582,-12.05151253,72.73107645,0,0,0,0.019955315,5.265729935,3.991268602,0,153.6645582
1,6,8,16.55959789,50.6362936,-12.05151253,60.36854443,0,0,0,0.018170682,4.370682617,3.071541908,0,122.9733186
1,6,9,14.29197457,43.88369406,-12.05151253,53.08680551,0,0,0,0.016887127,3.843484719,2.569115495,0,105.640449
1,6,10,10.8587477,31.21398154,-12.05151253,43.15838045,0,0,0,0.015456428,3.124666745,1.672181771,0,77.9919021
1,6,11,10.53899255,29.35363227,-12.05151253,42.05438426,0,0,0,0.015396444,3.04473742,1.550749954,0,74.50638036
1,6,12,9.64506029,25.90503096,-12.05151253,39.40051362,0,0,0,0.015426227,2.852597186,1.308870835,0,67.07598658
1,6,13,11.38091727,33.35480427,-12.05151253,44.83245205,0,0,0,0.015201875,3.245869528,1.820510442,0,82.59824291
1,6,14,11.18248192,32.18457419,-12.05151253,44.23842681,0,0,0,0.015564235,3.202862101,1.744275777,0,80.5166725
1,6,15,11.56933832,33.50936985,-12.05151253,45.65166619,0,0,0,0.016179177,3.305180632,1.839614797,0,83.83983643
1,6,16,23.18231128,75.12910018,-12.05151253,80.09275717,0,0,0,0.020023917,5.798715619,4.80467637,0,176.976072
1,6,17,26.59735529,83.11080227,-12.05151253,94.51751962,0,0,0,0.026285052,6.84306842,5.439475128,0,204.4829932
1,6,18,22.43192207,68.32709145,-12.05151253,79.28664258,0,0,0,0.024359955,5.740352923,4.384007805,0,168.1428642
1,6,19,23.65554845,75.85930678,-12.05151253,82.4269614,0,0,0,0.020877934,5.967712005,4.871708188,0,180.7506022
1,6,20,23.30612428,74.78836456,-12.05151253,80.53738241,0,0,0,0.019433502,5.830906487,4.792593781,0,177.2232925
1,6,21,22.61252596,71.87097339,-12.05151253,78.22735258,0,0,0,0.019433834,5.663660327,4.591461666,0,170.9338952
1,6,22,21.9397038,67.43505138,-12.05151253,79.62143379,0,0,0,0.02343929,5.764591807,4.306904615,0,167.0396122
1,6,23,26.81507985,88.25525248,-12.05151253,93.10116158,0,0,0,0.021213718,6.740524099,5.738148263,0,208.6198675
1,7,0,24.5456274,80.3121173,-12.05151253,85.06554703,0,0,0,0.020964594,6.158745605,5.169307132,0,189.2207965
1,7,1,24.86546335,81.38412469,-12.05151253,86.06365424,0,0,0,0.020825901,6.231008567,5.246832806,0,191.760397
1,7,2,23.36712124,75.49376968,-12.05151253,81.59200977,0,0,0,0.020484705,5.907261507,4.835282376,0,179.1644167
1,7,3,24.82425046,79.95926543,-12.05151253,84.44010968,0,0,0,0.020554487,6.113463941,5.165172587,0,188.4713041
1,7,4,24.24700454,77.94205306,-12.05151253,82.93349966,0,0,0,0.020331002,6.004385375,5.02066126,0,184.1164224
1,7,5,23.76116349,76.09104891,-12.05151253,81.7074668,0,0,0,0.020556384,5.915620596,4.890498983,0,180.3348426
1,7,6,25.81508011,83.84841759,-12.05151253,88.27570535,0,0,0,0.021302377,6.391161067,5.436987574,0,197.7371415
1,7,7,25.29300135,82.14274963,-12.05151253,87.1249907,0,0,0,0.021178056,6.307849327,5.312902082,0,194.1511586
1,7,8,11.09012458,31.63547299,-12.05151253,43.99781577,0,0,0,0.015257095,3.185441862,1.708546537,0,79.5811463
1,7,9,6.909586643,14.99212561,-12.05151253,30.01420168,0,0,0,0.013635134,2.173028202,0.548656124,0,42.59972086
1,7,10,6.589376045,13.7016171,-12.05151253,28.5485592,0,0,0,0.013406127,2.066915686,0.45893907,0,39.32730069
1,7,11,4.378613066,2.414881239,-12.05151253,20.33242624,0,0,0,0.012981398,1.47206766,-0.292871615,0,16.26658545
1,7,12,4.269498854,2.349612705,-12.05151253,19.84998678,0,0,0,0.012754713,1.437139043,-0.302584734,0,15.56489483
1,7,13,4.510649131,3.292725093,-12.05151253,20.82436481,0,0,0,0.0128537,1.507684012,-0.236621304,0,17.86014291
1,7,14,4.410587717,3.096336487,-12.05151253,20.38668623,0,0,0,0.012606494,1.475996083,-0.25313357,0,17.07756691
1,7,15,8.368649644,21.70072546,-12.05151253,34.52927241,0,0,0,0.014055905,2.499919323,1.003594945,0,56.06470515
1,7,16,25.74984157,84.24443662,-12.05151253,87.71300085,0,0,0,0.019887154,6.350421262,5.455412047,0,197.481487
1,7,17,29.11681462,90.85404219,-12.05151253,104.2581382,0,0,0,0.027854061,7.548289206,6.011107476,0,225.7647332
1,7,18,29.86191669,93.90456815,-12.05151253,112.0003567,0,0,0,0.028453915,8.108825823,6.222523958,0,238.0751327
1,7,19,25.88455901,86.94022007,-12.05151253,90.14114365,0,0,0,0.019992058,6.5262188,5.613070946,0,203.073692
1,7,20,22.38689074,71.32511528,-12.05151253,77.84164717,0,0,0,0.019425925,5.635735255,4.548489487,0,169.7057913
1,7,21,20.48550371,63.64560101,-12.05151253,72.74921246,0,0,0,0.020152472,5.267042982,4.014833285,0,154.1308334
1,7,22,21.76147702,67.53078717,-12.05151253,75.89145378,0,0,0,0.020571398,5.494541253,4.302309867,0,162.949628
1,7,23,21.56796797,67.58678191,-12.05151253,74.63888768,0,0,0,0.020061111,5.403855468,4.29465032,0,161.4606919
1,8,0,17.79832216,56.13343709,-12.05151253,61.90309916,0,0,0,0.016891428,4.481784379,3.446729742,0,131.7287514
1,8,1,17.92028298,56.31101691,-12.05151253,62.40783827,0,0,0,0.017385126,4.518327491,3.463414156,0,132.5867524
1,8,2,17.62135633,54.9784321,-12.05151253,61.90722627,0,0,0,0.016931721,4.482083182,3.372538968,0,130.327056
1,8,3,21.87094841,70.81231627,-12.05151253,74.4921112,0,0,0,0.017847812,5.393228851,4.491188595,0,165.0261286
1,8,4,22.76746666,72.59407637,-12.05151253,77.56258483,0,0,0,0.01949511,5.615531142,4.640368699,0,171.1480103
1,8,5,18.68831143,58.51426705,-12.05151253,65.46981407,0,0,0,0.018447351,4.740014539,3.628914373,0,139.0082563
1,8,6,18.64429495,57.39697949,-12.05151253,66.32062106,0,0,0,0.019311736,4.801612965,3.564229738,0,138.6955374
1,8,7,22.34463524,71.46076383,-12.05151253,77.1086992,0,0,0,0.019953518,5.582669822,4.55369148,0,169.0189006
1,8,8,11.07678026,32.54465834,-12.05151253,43.64650456,0,0,0,0.014547238,3.16000693,1.758444882,0,80.14942968
1,8,9,7.924828728,18.91937668,-12.05151253,32.89229794,0,0,0,0.013849353,2.381402371,0.823952993,0,50.90419553
1,8,10,6.402550827,11.7800947,-12.05151253,27.95412641,0,0,0,0.013661894,2.023878752,0.341504108,0,36.46430416
1,8,11,5.431527779,7.216316727,-12.05151253,24.26510683,0,0,0,0.013569897,1.756793734,0.033215691,0,26.66501812
1,8,12,5.189135687,5.837367747,-12.05151253,23.37593431,0,0,0,0.013327487,1.692417644,-0.057093007,0,23.99957734
1,8,13,4.652277047,3.925092323,-12.05151253,21.32461728,0,0,0,0.01279716,1.543902291,-0.193509774,0,19.21366379
1,8,14,4.189162754,2.198460858,-12.05151253,19.50835,0,0,0,0.012678562,1.41240454,-0.315478613,0,14.95406556
1,8,15,4.456800176,3.359485736,-12.05151253,20.69206515,0,0,0,0.012955957,1.498105517,-0.235902123,0,17.73199788
1,8,16,18.8650856,59.96132851,-12.05151253,68.2598056,0,0,0,0.019654649,4.942009925,3.719362017,0,143.7157338
1,8,17,22.99310518,75.04264135,-12.05151253,80.41182452,0,0,0,0.019163993,5.821816095,4.789321834,0,177.0263604
1,8,18,21.07642602,66.05505016,-12.05151253,74.18801946,0,0,0,0.020873337,5.371212609,4.181953975,0,158.842023
1,8,19,20.21694099,64.40546976,-12.05151253,70.55534996,0,0,0,0.018700367,5.108207337,4.042199031,0,152.2953549
1,8,20,20.97860472,66.95881695,-12.05151253,72.86123784,0,0,0,0.019036245,5.27515362,4.226845139,0,158.268182
1,8,21,21.19477693,66.65780098,-12.05151253,73.89197864,0,0,0,0.020619414,5.349779253,4.222119341,0,159.285562
1,8,22,23.24934019,74.26016941,-12.05151253,81.39903491,0,0,0,0.020754478,5.893290128,4.760010437,0,177.531087
1,8,23,22.5722125,71.70062879,-12.05151253,79.17487148,0,0,0,0.020297235,5.732260695,4.579728011,0,171.7284862
1,9,0,23.51232791,75.36686893,-12.05151253,81.91308475,0,0,0,0.020442204,5.930507336,4.836302016,0,179.5280206
1,9,1,22.84952508,72.94816615,-12.05151253,79.46852644,0,0,0,0.019650126,5.753521314,4.664662153,0,173.6525387
1,9,2,23.16680978,74.46706756,-12.05151253,78.84250496,0,0,0,0.019312017,5.708197359,4.76693772,0,174.9193169
1,9,3,21.60573689,68.08717278,-12.05151253,74.42332886,0,0,0,0.019636266,5.388249009,4.324625821,0,161.7972371
1,9,4,21.76721421,68.28222347,-12.05151253,75.26789768,0,0,0,0.019960629,5.449395792,4.344484431,0,163.0796637
1,9,5,23.49236359,74.91439423,-12.05151253,80.50471884,0,0,0,0.02018601,5.828541644,4.809987162,0,177.5186789
1,9,6,26.64620068,89.41563691,-12.05151253,98.82108208,0,0,0,0.019651935,7.154646342,5.793375105,0,215.7990805
1,9,7,22.79404028,74.30519708,-12.05151253,78.362104,0,0,0,0.018712111,5.673416329,4.737158273,0,173.8391155
1,9,8,19.0945988,60.52025352,-12.05151253,66.56374858,0,0,0,0.017668823,4.819215397,3.763278026,0,142.7272506
1,9,9,15.16830393,47.12189696,-12.05151253,54.26679526,0,0,0,0.015133248,3.928915977,2.798294942,0,111.2478278
1,9,10,15.30869714,47.91954475,-12.05151253,54.77314763,0,0,0,0.015078273,3.965575889,2.850543825,0,112.781075
1,9,11,14.37245274,43.67453735,-12.05151253,51.9078248,0,0,0,0.015036388,3.758126515,2.5619481,0,104.2384134
1,9,12,14.67385502,45.29439913,-12.05151253,52.87913186,0,0,0,0.015050594,3.828449146,2.668962508,0,107.3083357
1,9,13,12.53087268,36.92716981,-12.05151253,47.11434392,0,0,0,0.014823477,3.4110785,2.083543718,0,90.03031957
1,9,14,11.26955094,31.63801597,-12.05151253,43.57326103,0,0,0,0.014922121,3.154704099,1.718682229,0,79.31762386
1,9,15,15.4120898,47.90446632,-12.05151253,55.04711327,0,0,0,0.015196309,3.985411,2.855462928,0,113.1682271
1,9,16,24.64815789,80.53679488,-12.05151253,85.36014047,0,0,0,0.02071997,6.18007417,5.187532621,0,189.8819075
1,9,17,29.80763139,94.7682008,-12.05151253,105.6901376,0,0,0,0.026794127,7.651965959,6.267604605,0,232.1608219
1,9,18,16.70397676,49.34226432,-12.05151253,64.23862812,0,0,0,0.020488991,4.650876676,3.00750638,0,125.9122287
1,9,19,16.20983832,48.16800099,-12.05151253,61.84067347,0,0,0,0.019096591,4.477264759,2.914576401,0,121.577938
1,9,20,16.11367827,47.70679739,-12.05151253,61.43922354,0,0,0,0.019147264,4.448199784,2.883531246,0,120.559065
1,9,21,24.19174931,77.68737619,-12.05151253,81.83600461,0,0,0,0.019114509,5.924926734,5.003398042,0,182.6110569
1,9,22,23.80609889,75.69548594,-12.05151253,81.03831339,0,0,0,0.020124215,5.86717389,4.870969027,0,179.2466528
1,9,23,22.22253723,70.71059086,-12.05151253,76.66973519,0,0,0,0.019449302,5.550888828,4.505105987,0,167.6267949
1,10,0,25.67305584,84.21630036,-12.05151253,88.10563231,0,0,0,0.020024344,6.37884778,5.449567892,0,197.791916
1,10,1,23.6903672,76.5772096,-12.05151253,81.91036936,0,0,0,0.019067289,5.930310741,4.91363478,0,180.9894464
1,10,2,23.5722301,75.69802452,-12.05151253,79.87280604,0,0,0,0.018782591,5.782791158,4.858083934,0,177.7512058
1,10,3,22.54558727,71.91679476,-12.05151253,76.79114648,0,0,0,0.018596385,5.559679005,4.590285431,0,169.3705768
1,10,4,21.94198149,69.12536357,-12.05151253,75.67214306,0,0,0,0.019803765,5.478663157,4.401181872,0,164.5876244
1,10,5,24.84676068,80.58609929,-12.05151253,84.29848544,0,0,0,0.020009892,6.103210346,5.201341052,0,189.0043942
1,10,6,23.04710477,74.06164052,-12.05151253,83.35729237,0,0,0,0.020738407,6.035067967,4.737687865,0,179.2080194
1,10,7,22.42937499,70.62290044,-12.05151253,77.51228185,0,0,0,0.019714098,5.611889206,4.511742493,0,168.6563905
1,10,8,14.72137469,46.05918692,-12.05151253,53.80793577,0,0,0,0.015115508,3.89569455,2.714208034,0,109.1620029
1,10,9,4.032109192,3.7685917,-12.05151253,18.83182621,0,0,0,0.012300273,1.363424218,-0.236770208,0,15.71996885
1,10,10,2.880893759,0.517998129,-12.05151253,13.93057362,0,0,0,0.011648376,1.00857353,-0.48195097,0,5.816223915
1,10,11,2.667927083,0.059187567,-12.05151253,12.95035186,0,0,0,0.011292368,0.937605475,-0.519368962,0,4.05548286
1,10,12,2.686517618,0.05767768,-12.05151253,13.04795249,0,0,0,0.011469053,0.94467176,-0.51841757,0,4.178358494
1,10,13,2.522049938,0.057677679,-12.05151253,12.29209907,0,0,0,0.011216147,0.889947973,-0.52757842,0,3.19389985
1,10,14,2.123064267,0.003321755,-12.05151253,10.56589284,0,0,0,0.010819799,0.764970642,-0.552829547,0,0.863727225
1,10,15,4.219856605,3.192011992,-12.05151253,19.54909831,0,0,0,0.012295162,1.415354718,-0.258428167,0,16.07867609
1,10,16,19.29658255,61.29643466,-12.05151253,68.63705156,0,0,0,0.018347276,4.969322533,3.81776181,0,145.9839879
1,10,17,25.1126297,79.15509411,-12.05151253,91.4450624,0,0,0,0.02200601,6.620622518,5.136442968,0,195.4403452
1,10,18,16.20751543,48.63831234,-12.05151253,61.11903633,0,0,0,0.018363434,4.42501823,2.940643358,0,121.2973766
1,10,19,16.28011919,49.03767061,-12.05151253,60.97696283,0,0,0,0.01827091,4.414732109,2.966931644,0,121.6431748
1,10,20,16.0975892,48.37683129,-12.05151253,60.60766549,0,0,0,0.01836421,4.387994981,2.919955973,0,120.3568886
1,10,21,23.69342496,75.55999458,-12.05151253,80.82363841,0,0,0,0.022177204,5.851631421,4.85714622,0,178.7565003
1,10,22,26.25909304,85.55910452,-12.05151253,91.07902342,0,0,0,0.021735238,6.594121295,5.557004356,0,203.0185693
1,10,23,26.3004832,86.56494607,-12.05151253,90.6881545,0,0,0,0.020214855,6.565822386,5.615335162,0,203.7034436
1,11,0,25.83705138,85.25159205,-12.05151253,88.92354561,0,0,0,0.020041849,6.438064702,5.516368191,0,199.9351513
1,11,1,24.10714942,78.34267249,-12.05151253,83.57538528,0,0,0,0.019588585,6.050857894,5.035185832,0,185.079327
1,11,2,22.40919019,72.24852934,-12.05151253,77.38450755,0,0,0,0.018712304,5.602638347,4.60116573,0,170.2132309
1,11,3,23.15922229,74.44015302,-12.05151253,78.66009408,0,0,0,0.019705405,5.694990811,4.765015957,0,174.687669
1,11,4,22.74980125,72.70101709,-12.05151253,77.78237346,0,0,0,0.01991513,5.631443839,4.645341333,0,171.4783796
1,11,5,23.89701871,77.30664821,-12.05151253,81.19490681,0,0,0,0.01960528,5.878511253,4.965774999,0,181.2109527
1,11,6,25.70884921,86.32196118,-12.05151253,88.67816276,0,0,0,0.019396667,6.420298984,5.568846891,0,200.6660032
1,11,7,21.39842195,68.51538809,-12.05151253,74.36069272,0,0,0,0.019273734,5.383714153,4.336929971,0,161.9629081
1,11,8,15.92319065,50.63913951,-12.05151253,56.77291597,0,0,0,0.015193942,4.110359116,3.036252542,0,118.4455392
1,11,9,9.892621207,26.45074262,-12.05151253,39.37647387,0,0,0,0.014456386,2.850856708,1.353056117,0,67.88669438
1,11,10,8.420688714,19.2190213,-12.05151253,34.23061373,0,0,0,0.014154066,2.478296434,0.868262599,0,53.17952431
1,11,11,5.78490522,7.285861558,-12.05151253,24.91361858,0,0,0,0.01379987,1.803745985,0.056772461,0,27.80719114
1,11,12,6.854041748,11.55957503,-12.05151253,28.3449687,0,0,0,0.013777375,2.052175734,0.354369206,0,37.12739526
1,11,13,6.549392184,10.33777919,-12.05151253,27.21958859,0,0,0,0.013704457,1.970698214,0.269346197,0,34.3089963
1,11,14,5.897578965,7.851089222,-12.05151253,25.25286044,0,0,0,0.013631989,1.828307096,0.09453157,0,28.88648675
1,11,15,10.32209683,29.43980895,-12.05151253,41.03962076,0,0,0,0.014502347,2.971268543,1.543468903,0,73.27925379
1,11,16,22.93376466,73.31166304,-12.05151253,79.12385799,0,0,0,0.019856993,5.728567318,4.689601075,0,173.7557985
1,11,17,24.48668497,78.91808145,-12.05151253,89.13339464,0,0,0,0.020176097,6.453257772,5.088376241,0,192.0484586
1,11,18,16.86167365,51.2785236,-12.05151253,63.69977983,0,0,0,0.018966249,4.611864059,3.124139739,0,127.5434346
1,11,19,18.67160837,57.96769056,-12.05151253,67.59851005,0,0,0,0.018616482,4.894132128,3.597539702,0,140.6965848
1,11,20,20.38713485,63.98085109,-12.05151253,72.39217338,0,0,0,0.019098344,5.241193352,4.028027569,0,153.996966
1,11,21,22.76759735,71.69533364,-12.05151253,79.0137802,0,0,0,0.021328598,5.720597687,4.590316008,0,171.757441
1,11,22,26.5594212,85.52219538,-12.05151253,91.66843202,0,0,0,0.020745201,6.636794479,5.571676795,0,203.9277525
1,11,23,27.79321901,93.2907066,-12.05151253,95.38312137,0,0,0,0.020463744,6.905737987,6.073105409,0,217.4148416
1,12,0,25.78962158,84.5956511,-12.05151253,88.2803621,0,0,0,0.020360802,6.391498216,5.47719044,0,198.5031717
1,12,1,21.47694761,68.17420346,-12.05151253,75.9454693,0,0,0,0.019876364,5.498451978,4.322299867,0,163.3857361
1,12,2,22.17720626,70.60915004,-12.05151253,77.30991829,0,0,0,0.019739716,5.597238084,4.496930798,0,168.1586707
1,12,3,22.6434014,71.81646086,-12.05151253,77.4935354,0,0,0,0.019546316,5.610531963,4.59014508,0,170.1221085
1,12,4,22.69161525,71.97918044,-12.05151253,78.03510921,0,0,0,0.019797801,5.649741907,4.601894072,0,170.9258261
1,12,5,25.06387248,80.7598825,-12.05151253,85.38377697,0,0,0,0.020715132,6.181785453,5.223113904,0,190.5816339
1,12,6,23.08979424,73.68069651,-12.05151253,88.19424142,0,0,0,0.021011351,6.385263079,4.718847087,0,184.0383411
1,12,7,21.86561491,68.97094649,-12.05151253,76.03489554,0,0,0,0.019080245,5.504926437,4.388327222,0,164.7322783
1,12,8,16.68851836,52.9786055,-12.05151253,59.17330532,0,0,0,0.015630239,4.284147305,3.209189551,0,124.2978837
1,12,9,7.355274863,13.8025273,-12.05151253,30.60332763,0,0,0,0.014175102,2.21568092,0.507220332,0,42.44669361
1,12,10,4.972447438,5.271487412,-12.05151253,22.74271534,0,0,0,0.013701028,1.64657259,-0.100682077,0,22.49472919
1,12,11,4.093834738,1.107313876,-12.05151253,19.24263053,0,0,0,0.013195174,1.39316645,-0.38156527,0,13.41706296
1,12,12,4.255370035,1.724688573,-12.05151253,19.89792276,0,0,0,0.013334156,1.440609608,-0.338179984,0,14.94223261
1,12,13,4.31817895,1.933499912,-12.05151253,20.15052354,0,0,0,0.013374578,1.458897904,-0.323050736,0,15.49991162
1,12,14,4.075560369,1.165032976,-12.05151253,19.16081613,0,0,0,0.013235284,1.387243088,-0.379368199,0,13.37100712
1,12,15,4.787924264,4.103775003,-12.05151253,22.10303503,0,0,0,0.013741449,1.600259736,-0.176001599,0,20.38122135
1,12,16,20.7318748,66.00490276,-12.05151253,73.40115714,0,0,0,0.019201949,5.314243777,4.159969262,0,157.5798372
1,12,17,20.93784574,62.71474475,-12.05151253,81.11985621,0,0,0,0.025400249,5.873077589,3.988180042,0,162.607592
1,12,18,24.27233799,74.19346161,-12.05151253,85.15262654,0,0,0,0.025078738,6.165050161,4.813275789,0,182.5703183
1,12,19,16.74108194,50.45811071,-12.05151253,62.89180965,0,0,0,0.01965474,4.553367018,3.071725783,0,125.6842373
1,12,20,18.71392574,57.25424351,-12.05151253,68.03081581,0,0,0,0.019527702,4.925431065,3.560157779,0,140.4525891
1,12,21,21.94796875,69.36556546,-12.05151253,76.39859458,0,0,0,0.019405085,5.531258248,4.414894607,0,165.6261742
1,12,22,22.64165862,73.16959741,-12.05151253,80.65749556,0,0,0,0.019894118,5.839602679,4.665417713,0,174.9421536
1,12,23,26.16587684,86.31191197,-12.05151253,89.74855631,0,0,0,0.020005149,6.497795477,5.593743589,0,202.2863768
1,13,0,19.08245221,60.01149822,-12.05151253,71.16888588,0,0,0,0.020295736,5.152627338,3.734263791,0,147.1185106
1,13,1,25.4255579,82.3937663,-12.05151253,87.54030043,0,0,0,0.019834915,6.337917751,5.33426711,0,195.0001319
1,13,2,22.26123393,70.45037464,-12.05151253,77.79242644,0,0,0,0.019381864,5.632171674,4.492767349,0,168.5968434
1,13,3,21.35842248,67.38168353,-12.05151253,74.94474664,0,0,0,0.018862152,5.425999657,4.271554657,0,161.3497566
1,13,4,23.95807811,76.94553551,-12.05151253,81.07291364,0,0,0,0.018823798,5.869678947,4.94906203,0,180.7625795
1,13,5,23.88127078,76.54454496,-12.05151253,81.11796636,0,0,0,0.018988971,5.872940764,4.922448689,0,180.306648
1,13,6,24.06090723,76.29919585,-12.05151253,82.37127755,0,0,0,0.021118968,5.963680494,4.918788494,0,181.5834561
1,13,7,17.89154989,55.69315573,-12.05151253,62.88349157,0,0,0,0.017109418,4.55276479,3.427398855,0,132.4139577
1,13,8,7.217453698,14.881722,-12.05151253,30.86305261,0,0,0,0.014314547,2.234485009,0.559654838,0,43.71917016
1,13,9,4.855461984,3.986695232,-12.05151253,22.38415274,0,0,0,0.013524408,1.620612658,-0.178761091,0,20.6301734
1,13,10,4.287556013,2.260622988,-12.05151253,20.08798679,0,0,0,0.013223128,1.454370243,-0.306535678,0,15.74571094
1,13,11,4.130944008,1.6079394,-12.05151253,19.39249097,0,0,0,0.012906407,1.404016346,-0.351613442,0,14.14517116
1,13,12,4.446074016,2.842071695,-12.05151253,20.69436686,0,0,0,0.012833197,1.49827216,-0.265319532,0,17.17678586
1,13,13,3.532232755,0.175675605,-12.05151253,16.81044447,0,0,0,0.012064213,1.21707618,-0.464738752,0,9.23124194
1,13,14,4.088453838,1.988199239,-12.05151253,19.05169561,0,0,0,0.012195625,1.379342762,-0.332799672,0,14.13557487
1,13,15,4.872682917,5.590679945,-12.05151253,22.25786031,0,0,0,0.012898701,1.611469086,-0.088459937,0,22.20561849
1,13,16,22.96105408,73.55421384,-12.05151253,78.86261271,0,0,0,0.019090024,5.70965316,4.704631175,0,173.7597425
1,13,17,22.21533041,70.88225427,-12.05151253,76.68017397,0,0,0,0.019188919,5.551644595,4.514266219,0,167.8113458
1,13,18,20.64724239,64.93898869,-12.05151253,72.2610006,0,0,0,0.018862564,5.231696444,4.095883823,0,155.142162
1,13,19,20.93851048,65.83002842,-12.05151253,73.14857037,0,0,0,0.019239674,5.295956495,4.161738369,0,157.3425313
1,13,20,21.22654127,67.01824814,-12.05151253,73.65605554,0,0,0,0.018988995,5.332698421,4.243965522,0,159.4449854
1,13,21,20.7889433,65.3610396,-12.05151253,72.72204372,0,0,0,0.019101033,5.265075966,4.1272848,0,156.2319759
1,13,22,25.87301996,82.57587752,-12.05151253,90.07788222,0,0,0,0.022575652,6.521638673,5.369334342,0,198.3888158
1,13,23,24.50068947,78.62303575,-12.05151253,84.8759323,0,0,0,0.020600048,6.145017499,5.072722247,0,187.1864848
1,14,0,23.8893731,76.32664489,-12.05151253,83.34009862,0,0,0,0.020251136,6.03382314,4.910762954,0,182.4694413
1,14,1,24.34265457,78.32126259,-12.05151253,84.14431868,0,0,0,0.019391479,6.092048673,5.047110938,0,185.9152744
1,14,2,23.07262132,73.64064051,-12.05151253,79.70659382,0,0,0,0.018524752,5.770757393,4.715659436,0,174.8732847
1,14,3,23.02325495,73.51357713,-12.05151253,78.2651265,0,0,0,0.01799148,5.666395159,4.705832299,0,173.140665
1,14,4,21.54887616,68.14901974,-12.05151253,73.87726087,0,0,0,0.017714364,5.348713687,4.324903553,0,161.2149758
1,14,5,21.24203749,66.61346886,-12.05151253,73.37117125,0,0,0,0.018340494,5.312072799,4.222282455,0,158.7278608
1,14,6,23.10232894,72.61895062,-12.05151253,79.35312721,0,0,0,0.020177387,5.74516641,4.660406023,0,173.4486441
1,14,7,15.140994,45.9402073,-12.05151253,55.08543166,0,0,0,0.016057872,3.988185252,2.730953664,0,110.8503172
1,14,8,8.073492189,19.97931521,-12.05151253,34.48947492,0,0,0,0.015073694,2.497037984,0.891272124,0,53.89415358
1,14,9,3.767670249,0.194398154,-12.05151253,17.9689295,0,0,0,0.013137238,1.300950496,-0.450582038,0,10.74299107
1,14,10,3.748938263,0.329274115,-12.05151253,17.80116935,0,0,0,0.013107977,1.288804661,-0.444112819,0,10.68566901
1,14,11,3.29344565,0.051638136,-12.05151253,15.82416291,0,0,0,0.01268462,1.145669395,-0.484948081,0,7.791140097
1,14,12,3.274908638,0.054657909,-12.05151253,15.72532438,0,0,0,0.012598092,1.138513485,-0.485812392,0,7.66867758
1,14,13,3.590906949,0.113543493,-12.05151253,17.05039332,0,0,0,0.012661379,1.234448477,-0.464931358,0,9.48550973
1,14,14,2.894330628,0.003321758,-12.05151253,14.09398149,0,0,0,0.012238953,1.02040426,-0.50987001,0,5.462894545
1,14,15,5.198625714,6.938371167,-12.05151253,23.59825467,0,0,0,0.013393268,1.708513638,0.004761478,0,25.41040741
1,14,16,22.38111973,71.1744301,-12.05151253,77.88165287,0,0,0,0.020298758,5.638631668,4.539774877,0,169.5843955
1,14,17,28.88966066,92.6845471,-12.05151253,105.2760891,0,0,0,0.024904976,7.621988848,6.100414124,0,228.5460922
1,14,18,17.28401918,51.03422636,-12.05151253,66.92490386,0,0,0,0.02185938,4.845363039,3.134057028,0,131.1929163
1,14,19,25.11915603,80.56005356,-12.05151253,87.32345465,0,0,0,0.021542245,6.322218117,5.215062726,0,192.5099748
1,14,20,22.29153707,69.8972798,-12.05151253,78.77922614,0,0,0,0.021317867,5.703615973,4.463647851,0,169.1051122
1,14,21,22.52748722,71.42207547,-12.05151253,78.67783703,0,0,0,0.020583593,5.696275401,4.561721393,0,170.8544676
1,14,22,24.24445847,74.81334947,-12.05151253,84.38047661,0,0,0,0.02228684,6.109146507,4.846250654,0,182.364456
1,14,23,22.43514875,70.81422968,-12.05151253,79.38672039,0,0,0,0.021036571,5.747598556,4.52272113,0,170.8759425
1,15,0,24.67023102,79.80034801,-12.05151253,84.56903246,0,0,0,0.019583002,6.12279795,5.147742004,0,188.2782219
1,15,1,25.80929341,84.30376282,-12.05151253,87.89604519,0,0,0,0.019039819,6.363673672,5.462027984,0,197.8023304
1,15,2,23.65249117,76.1573779,-12.05151253,81.96483964,0,0,0,0.018960484,5.93425439,4.888140459,0,180.5645515
1,15,3,22.80372847,72.86559382,-12.05151253,79.11528952,0,0,0,0.018646883,5.727946961,4.657512004,0,173.1372051
1,15,4,24.71288677,79.08618813,-12.05151253,84.12543311,0,0,0,0.019053713,6.090681357,5.110339224,0,187.0930698
1,15,5,23.6328004,75.24517993,-12.05151253,82.13970231,0,0,0,0.019838639,5.946914447,4.836234256,0,179.7691574
1,15,6,25.69879748,81.55403984,-12.05151253,89.91173559,0,0,0,0.023039285,6.509609657,5.302713791,0,196.9484231
1,15,7,22.4660457,71.30323382,-12.05151253,77.47193953,0,0,0,0.0205299,5.608968422,4.551679621,0,169.3708845
1,15,8,17.46018268,53.77666084,-12.05151253,61.36240468,0,0,0,0.017165872,4.442638099,3.296622936,0,128.3041626
1,15,9,9.549833578,23.13121778,-12.05151253,38.74034227,0,0,0,0.016176291,2.80480078,1.149065313,0,63.33992348
1,15,10,5.129473164,3.603243769,-12.05151253,23.34871108,0,0,0,0.014734322,1.690446682,-0.184856915,0,21.55023957
1,15,11,4.574520115,1.696901786,-12.05151253,21.45822704,0,0,0,0.01473301,1.553575638,-0.321951048,0,16.92449401
1,15,12,4.605127877,1.930462399,-12.05151253,21.55391771,0,0,0,0.014584128,1.560503642,-0.30723687,0,17.30584636
1,15,13,5.276387522,4.99674881,-12.05151253,24.14067085,0,0,0,0.014754079,1.74778457,-0.099055555,0,24.02577775
1,15,14,4.492551686,1.658031555,-12.05151253,21.01910958,0,0,0,0.014406167,1.521783533,-0.328681762,0,16.32568822
1,15,15,9.142531728,23.48760176,-12.05151253,37.80725252,0,0,0,0.015459959,2.737245082,1.146229187,0,62.2848077
1,15,16,20.05522083,62.46667662,-12.05151253,71.28783343,0,0,0,0.019589152,5.16123914,3.92520044,0,150.8642471
1,15,17,27.88221178,86.16530076,-12.05151253,101.5334881,0,0,0,0.024368986,7.351024536,5.6811772,0,216.5860588
1,15,18,20.28637956,60.7964346,-12.05151253,74.61260319,0,0,0,0.023030176,5.401952471,3.8450435,0,152.913931
1,15,19,23.37013682,73.77718532,-12.05151253,80.95378423,0,0,0,0.021014451,5.861053978,4.739836595,0,176.6714989
1,15,20,17.875195,52.60908076,-12.05151253,67.27746129,0,0,0,0.021714646,4.870888198,3.254704912,0,133.8575323
1,15,21,18.25813703,51.45260625,-12.05151253,69.53818894,0,0,0,0.022366181,5.034564879,3.211619152,0,135.4659699
1,15,22,21.22147733,64.78864637,-12.05151253,79.37211945,0,0,0,0.023507949,5.746541448,4.119494642,0,163.2202746
1,15,23,26.43589017,85.87786064,-12.05151253,90.86031871,0,0,0,0.021636269,6.578287075,5.584606672,0,203.307087
1,16,0,24.43077178,79.1398616,-12.05151253,84.57530931,0,0,0,0.019625655,6.123252394,5.097615031,0,187.3349232
1,16,1,22.9862838,74.58955249,-12.05151253,79.51679478,0,0,0,0.018132143,5.757015942,4.763704833,0,175.5799715
1,16,2,22.93029704,74.95581389,-12.05151253,77.37940131,0,0,0,0.017390434,5.602268655,4.780987131,0,173.6146459
1,16,3,21.62246859,70.35456998,-12.05151253,73.3405324,0,0,0,0.016376006,5.309854546,4.4518518,0,163.0441408
1,16,4,22.08558309,71.54337983,-12.05151253,75.11089615,0,0,0,0.016819855,5.438028881,4.543863987,0,166.6870593
1,16,5,25.04664191,79.70105473,-12.05151253,85.4121633,0,0,0,0.020394109,6.183840623,5.163177455,0,189.4757596
1,16,6,25.8668031,85.25335652,-12.05151253,89.45528228,0,0,0,0.021872138,6.476562437,5.518123643,0,200.5404876
1,16,7,21.63837839,68.34433055,-12.05151253,75.55717369,0,0,0,0.019263717,5.470339375,4.34076764,0,163.3187408
1,16,8,16.67583143,51.79003936,-12.05151253,59.17748217,0,0,0,0.016110834,4.284449709,3.142279755,0,123.0346807
1,16,9,10.57317063,28.69706873,-12.05151253,41.53822993,0,0,0,0.015240795,3.007367847,1.516083084,0,73.29564848
1,16,10,9.845999798,26.05290759,-12.05151253,39.7328993,0,0,0,0.015125802,2.876661909,1.328299893,0,67.80038176
1,16,11,5.664868957,7.244281517,-12.05151253,25.37495859,0,0,0,0.014353144,1.837147002,0.047770433,0,28.13186711
1,16,12,3.948395106,0.130152249,-12.05151253,18.69008781,0,0,0,0.013716467,1.353162358,-0.44409416,0,11.6399073
1,16,13,3.622696056,0.078761291,-12.05151253,17.30562405,0,0,0,0.01348499,1.252927181,-0.465098074,0,9.756882962
1,16,14,3.681480467,0.090129171,-12.05151253,17.54465284,0,0,0,0.013427744,1.270232866,-0.461190591,0,10.08721996
1,16,15,4.61400355,2.503724719,-12.05151253,21.43119883,0,0,0,0.013947608,1.551618796,-0.274811784,0,17.78816919
1,16,16,18.64775554,57.62951177,-12.05151253,66.98364156,0,0,0,0.019243728,4.849615649,3.577374541,0,139.6556303
1,16,17,23.70863822,74.87199064,-12.05151253,85.68990025,0,0,0,0.022515078,6.203948778,4.819671779,0,183.2651522
1,16,18,21.46813679,64.59073406,-12.05151253,82.36902787,0,0,0,0.024842782,5.963517617,4.122209858,0,166.4869564
1,16,19,20.36080174,61.19858303,-12.05151253,76.39572611,0,0,0,0.022344644,5.53105057,3.871588483,0,155.328582
1,16,20,18.95435664,54.14254244,-12.05151253,71.39928138,0,0,0,0.022867631,5.169307972,3.400228031,0,141.0370716
1,16,21,18.0715187,53.97694835,-12.05151253,66.96938852,0,0,0,0.021374552,4.848583729,3.341830366,0,135.1781317
1,16,22,22.89905547,72.06209738,-12.05151253,79.63036548,0,0,0,0.021679039,5.765238461,4.618066965,0,172.9449903
1,16,23,24.89553854,81.00177425,-12.05151253,85.16277862,0,0,0,0.019413119,6.165785172,5.227211074,0,190.4209882
1,17,0,24.55540826,78.93310281,-12.05151253,83.73610396,0,0,0,0.019295055,6.062493927,5.093040819,0,186.3479323
1,17,1,23.11727871,75.06795144,-12.05151253,79.3854118,0,0,0,0.01725609,5.747503814,4.797648071,0,176.0815374
1,17,2,21.93897429,70.8062893,-12.05151253,75.40341654,0,0,0,0.01698099,5.459207358,4.494641934,0,166.0679979
1,17,3,23.05999215,75.66482278,-12.05151253,77.53066085,0,0,0,0.016307332,5.613219846,4.827702943,0,174.6611934
1,17,4,23.09435117,74.87852512,-12.05151253,77.95069407,0,0,0,0.017983314,5.64363025,4.785819961,0,174.3194913
1,17,5,24.44781744,77.91625664,-12.05151253,83.48762739,0,0,0,0.020828336,6.044504223,5.030409678,0,184.8959312
1,17,6,25.91105029,83.41017791,-12.05151253,89.15776749,0,0,0,0.019188441,6.455022367,5.417923163,0,198.3196171
1,17,7,17.73318253,53.84190073,-12.05151253,63.86318403,0,0,0,0.017743306,4.623694524,3.315462889,0,131.3436555
1,17,8,14.63752123,44.3291051,-12.05151253,53.03201768,0,0,0,0.016008366,3.83951808,2.613171839,0,106.4158298
1,17,9,3.043119119,0.322804913,-12.05151253,14.77663483,0,0,0,0.012136705,1.069828362,-0.48378728,0,6.689224115
1,17,10,2.360588261,5.36434E-09,-12.05151253,11.64011776,0,0,0,0.011582263,0.842744526,-0.539784482,0,2.263735798
1,17,11,2.089281154,2.1815E-09,-12.05151253,10.36464081,0,0,0,0.010629817,0.750399995,-0.554896288,0,0.608542955
1,17,12,1.831206774,5.42227E-10,-12.05151253,9.104112781,0,0,0,0.009995051,0.659137765,-0.569271031,0,-1.016331193
1,17,13,1.440893173,-1.65507E-09,-12.05151253,7.280141392,0,0,0,0.009421046,0.527082237,-0.591011499,0,-3.384986187
1,17,14,1.473358192,-2.51422E-09,-12.05151253,7.416737542,0,0,0,0.009199729,0.536971798,-0.589203197,0,-3.204448473
1,17,15,4.457737452,2.352836655,-12.05151253,20.80815618,0,0,0,0.013626362,1.506510507,-0.29192027,0,16.79543435
1,17,16,17.20249055,53.09147501,-12.05151253,61.62442602,0,0,0,0.017367425,4.461608444,3.244104634,0,127.5899596
1,17,17,26.02662679,82.63011528,-12.05151253,94.01870239,0,0,0,0.024156878,6.806954053,5.380911285,0,202.8359541
1,17,18,21.72929857,67.51337024,-12.05151253,76.30264062,0,0,0,0.021753728,5.524311181,4.299547404,0,163.3394092
1,17,19,22.91360249,72.1542612,-12.05151253,79.42155131,0,0,0,0.021088378,5.750120315,4.62401076,0,172.8331219
1,17,20,18.17907422,54.40139281,-12.05151253,67.56747719,0,0,0,0.021261278,4.891885348,3.371462766,0,136.3810411
1,17,21,23.51310697,74.50638638,-12.05151253,81.33513718,0,0,0,0.021858776,5.888663932,4.788416531,0,178.0020572
1,17,22,22.62654642,70.62269184,-12.05151253,83.81673821,0,0,0,0.02265993,6.068331846,4.522713323,0,175.628169
1,17,23,26.56637196,86.6012131,-12.05151253,91.98786345,0,0,0,0.022643564,6.659921314,5.632165239,0,205.4186661
1,18,0,28.32736264,92.08509534,-12.05151253,98.0910991,0,0,0,0.023427415,7.101795575,6.035704661,0,219.6129722
1,18,1,19.61260886,58.75709132,-12.05151253,73.71773025,0,0,0,0.022760326,5.33716367,3.693923052,0,149.0897649
1,18,2,24.89956396,79.40306797,-12.05151253,86.41406598,0,0,0,0.022192723,6.256378377,5.13838735,0,190.0821438
1,18,3,23.66362275,74.77335052,-12.05151253,82.29255376,0,0,0,0.021314165,5.957980892,4.811670163,0,179.4689797
1,18,4,23.97216407,75.55392482,-12.05151253,83.18981747,0,0,0,0.021691689,6.022942785,4.872333903,0,181.5813622
1,18,5,26.48224404,84.13516044,-12.05151253,93.41057607,0,0,0,0.023160686,6.762925707,5.490120182,0,204.2526746
1,18,6,21.29252155,68.53160166,-12.05151253,80.09077753,0,0,0,0.023099449,5.798572293,4.331934415,0,168.0169944
1,18,7,25.01925945,79.17025648,-12.05151253,86.30788059,0,0,0,0.022275741,6.248690555,5.132086789,0,189.8489371
1,18,8,18.22795585,55.45781653,-12.05151253,65.37013461,0,0,0,0.019989805,4.732797746,3.433028274,0,135.1902103
1,18,9,15.02811344,45.99233672,-12.05151253,54.42381824,0,0,0,0.016069396,3.940284441,2.727569826,0,110.0766795
1,18,10,9.760550904,24.63901282,-12.05151253,39.33749826,0,0,0,0.015947225,2.848034874,1.244786452,0,65.79431801
1,18,11,5.610363411,5.868232464,-12.05151253,25.04966334,0,0,0,0.015270314,1.813595626,-0.031911458,0,26.27370116
1,18,12,5.568598989,5.593126105,-12.05151253,24.87782676,0,0,0,0.014965057,1.801154658,-0.04956116,0,25.75459788
1,18,13,7.078821263,11.58855729,-12.05151253,29.30346774,0,0,0,0.014741082,2.121571065,0.368503737,0,38.42414965
1,18,14,8.362138391,18.23147838,-12.05151253,34.19456238,0,0,0,0.014934386,2.475686317,0.809995206,0,52.03728252
1,18,15,15.47827478,48.11340543,-12.05151253,55.84865135,0,0,0,0.016062492,4.043442358,2.870787339,0,114.3191112
1,18,16,24.8375433,80.75339184,-12.05151253,84.45635745,0,0,0,0.020452349,6.114640279,5.210145839,0,189.3410185
1,18,17,21.41300371,66.07890137,-12.05151253,81.66377696,0,0,0,0.024133248,5.912457452,4.202029865,0,167.2427901
1,18,18,22.029937,65.30280287,-12.05151253,85.40382008,0,0,0,0.027350765,6.183236574,4.193164363,0,171.0887991
1,18,19,24.32243921,76.33828293,-12.05151253,89.66555597,0,0,0,0.024926518,6.491786252,4.935532975,0,189.7270113
1,18,20,25.15909001,76.44350479,-12.05151253,90.562453,0,0,0,0.0254498,6.556721597,4.987995282,0,191.683702
1,18,21,24.3299244,76.97926088,-12.05151253,84.81636978,0,0,0,0.021741134,6.140705172,4.971652372,0,185.2081412
1,18,22,23.5083554,74.31515518,-12.05151253,81.98839986,0,0,0,0.021185802,5.93596015,4.777500291,0,178.4950441
1,18,23,26.11719007,84.836835,-12.05151253,90.71005168,0,0,0,0.021615677,6.567407742,5.508869948,0,201.7104576
1,19,0,26.6248203,87.47191,-12.05151253,92.56022543,0,0,0,0.020475162,6.701360321,5.68391863,0,207.0111973
1,19,1,23.43935525,74.5970855,-12.05151253,82.59341221,0,0,0,0.020750065,5.979763044,4.789360502,0,179.368214
1,19,2,24.16362844,77.38209566,-12.05151253,83.60464301,0,0,0,0.020993087,6.052976154,4.984827584,0,184.1576514
1,19,3,24.2471631,78.08104415,-12.05151253,83.12842432,0,0,0,0.019976125,6.018497921,5.028411896,0,184.472005
1,19,4,24.02305833,76.31584013,-12.05151253,83.11186035,0,0,0,0.020511678,6.017298689,4.917607396,0,182.354664
1,19,5,25.54343585,82.26026625,-12.05151253,87.79528358,0,0,0,0.021886926,6.356378531,5.333396958,0,195.2591356
1,19,6,27.31359284,87.93329747,-12.05151253,96.62111083,0,0,0,0.023371336,6.995368424,5.747982542,0,212.5832109
1,19,7,24.7462892,78.12126387,-12.05151253,89.61946698,0,0,0,0.023721466,6.488449409,5.058453457,0,192.0061318
1,19,8,24.25653082,76.24632742,-12.05151253,84.2911609,0,0,0,0.022392001,6.102680049,4.926739956,0,183.7943186
1,19,9,19.32550073,60.52619129,-12.05151253,67.92796221,0,0,0,0.018596744,4.917984464,3.776469998,0,144.4411929
1,19,10,15.51384193,48.9508457,-12.05151253,55.7280399,0,0,0,0.015405201,4.034710089,2.919413853,0,115.1107441
1,19,11,13.18629423,40.18572673,-12.05151253,49.45759819,0,0,0,0.015219023,3.580730109,2.301552319,0,96.67560807
1,19,12,7.961611899,19.66461479,-12.05151253,33.84243359,0,0,0,0.014476694,2.450192192,0.867511579,0,52.74932821
1,19,13,7.260596201,16.70174759,-12.05151253,31.45588184,0,0,0,0.014198915,2.277405845,0.663433301,0,46.32175116
1,19,14,7.054611702,16.19095829,-12.05151253,30.55769088,0,0,0,0.013912856,2.21237682,0.623509,0,44.60154701
1,19,15,10.80986402,30.53766278,-12.05151253,42.99685194,0,0,0,0.015060226,3.112972081,1.631787994,0,77.05268651
1,19,16,17.94612527,54.92307065,-12.05151253,63.92392555,0,0,0,0.018383081,4.62809221,3.387544965,0,132.7756292
1,19,17,22.68910792,69.79882914,-12.05151253,85.21432741,0,0,0,0.024105477,6.169517304,4.480308846,0,176.3246836
1,19,18,25.25540052,78.37447248,-12.05151253,92.78435963,0,0,0,0.024977368,6.717587637,5.100914678,0,196.2061998
1,19,19,24.58073825,77.07172836,-12.05151253,84.77835378,0,0,0,0.022352565,6.137952814,4.990773142,0,185.5303864
1,19,20,24.62479714,78.84571703,-12.05151253,83.41731303,0,0,0,0.020266753,6.039413464,5.092038391,0,185.9880333
1,19,21,19.55189828,60.2458618,-12.05151253,69.40843258,0,0,0,0.019887124,5.025170519,3.773465988,0,145.9732038
1,19,22,18.15219663,55.24487333,-12.05151253,64.90374961,0,0,0,0.018851108,4.699031472,3.416947549,0,134.3841372
1,19,23,22.39344261,70.96486137,-12.05151253,78.54309481,0,0,0,0.01941768,5.686520064,4.528788283,0,170.0846123
1,20,0,22.75273548,72.51377585,-12.05151253,80.13858365,0,0,0,0.020155756,5.802033456,4.635075433,0,173.8108471
1,20,1,26.26914619,85.01363802,-12.05151253,113.6576236,0,0,0,0.020241224,8.228811949,5.527181833,0,226.6651303
1,20,2,21.76527407,68.50481042,-12.05151253,76.83428879,0,0,0,0.019397146,5.562802509,4.356774457,0,164.9918349
1,20,3,20.61314044,64.42091944,-12.05151253,73.12489858,0,0,0,0.019171575,5.294242657,4.065127887,0,155.485988
1,20,4,21.73395007,68.4307747,-12.05151253,75.75399908,0,0,0,0.019171553,5.484589534,4.350905921,0,163.7218783
1,20,5,21.53422113,67.68143365,-12.05151253,75.16936187,0,0,0,0.019021143,5.4422618,4.298042723,0,162.0928298
1,20,6,24.29195351,77.26250295,-12.05151253,83.62261222,0,0,0,0.019621394,6.054277125,4.985313977,0,184.1847686
1,20,7,20.44344825,62.92280543,-12.05151253,72.20792991,0,0,0,0.020836548,5.227854125,3.972231081,0,152.7435928
1,20,8,13.18696153,38.85704613,-12.05151253,49.24824098,0,0,0,0.015773261,3.565572647,2.227581979,0,95.049664
1,20,9,7.293173904,14.9112044,-12.05151253,31.11393518,0,0,0,0.014612436,2.252648907,0.565514623,0,44.09957691
1,20,10,6.377254485,12.27573846,-12.05151253,28.16676014,0,0,0,0.014029617,2.039273434,0.367702459,0,37.18924606
1,20,11,4.479364925,2.468070678,-12.05151253,20.7935355,0,0,0,0.013188485,1.50545197,-0.284297085,0,16.92380193
1,20,12,3.617723543,0.160445463,-12.05151253,17.2146997,0,0,0,0.0124106,1.246344259,-0.460825235,0,9.739285799
1,20,13,2.7679092,8.1786E-09,-12.05151253,13.40654183,0,0,0,0.011274014,0.970633628,-0.517096705,0,4.587749441
1,20,14,4.04284369,1.986689352,-12.05151253,18.84616688,0,0,0,0.012145988,1.364462482,-0.335424258,0,13.8653716
1,20,15,6.567177872,13.29470733,-12.05151253,28.84119351,0,0,0,0.014284067,2.08810241,0.435037758,0,39.18899041
1,20,16,20.56733836,63.67252339,-12.05151253,70.81740442,0,0,0,0.019020898,5.12718008,4.020891051,0,152.1728457
1,20,17,27.79280246,88.42464136,-12.05151253,97.052558,0,0,0,0.024398785,7.026605199,5.802042372,0,214.0715356
1,20,18,27.03009563,84.58812143,-12.05151253,98.39228905,0,0,0,0.026107321,7.123601727,5.545865442,0,210.6545681
1,20,19,21.17992816,63.74525262,-12.05151253,76.32403727,0,0,0,0.022835759,5.525860298,4.059063321,0,158.8054649
1,20,20,21.80696845,68.20313134,-12.05151253,75.03581405,0,0,0,0.019407383,5.432592938,4.34229331,0,162.7886949
1,20,21,18.75258122,57.00977499,-12.05151253,66.19584283,0,0,0,0.018512621,4.792579021,3.548693993,0,138.2664721
1,20,22,19.26182068,59.90209306,-12.05151253,66.47145135,0,0,0,0.017306829,4.812533078,3.738160747,0,142.1518532
1,20,23,18.90729202,59.58399802,-12.05151253,64.93988894,0,0,0,0.016677196,4.70164796,3.700695607,0,139.7986872
1,21,0,22.64176538,72.14501344,-12.05151253,78.73047058,0,0,0,0.019014622,5.70008607,4.608354332,0,171.7931919
1,21,1,22.62065679,73.04855065,-12.05151253,76.47384985,0,0,0,0.017197944,5.536706729,4.657505606,0,170.302955
1,21,2,21.20618846,68.64029301,-12.05151253,71.1762848,0,0,0,0.016143802,5.15316302,4.33317977,0,158.4737403
1,21,3,20.53264486,66.21914676,-12.05151253,68.6836801,0,0,0,0.015521391,4.972698439,4.160805545,0,152.5329846
1,21,4,19.89086266,64.69595653,-12.05151253,67.64289437,0,0,0,0.015908251,4.897345552,4.040216581,0,149.1316714
1,21,5,18.56372659,59.4431493,-12.05151253,63.95493194,0,0,0,0.015562689,4.630337073,3.673713739,0,138.2299088
1,21,6,19.7505741,63.53916665,-12.05151253,68.22410383,0,0,0,0.015867796,4.939425117,3.967969312,0,148.3855943
1,21,7,12.58683721,35.1279122,-12.05151253,45.57761082,0,0,0,0.014523152,3.299819024,1.986442294,0,86.54163217
1,21,8,3.951824358,2.86166511,-12.05151253,17.77877443,0,0,0,0.010984869,1.287183269,-0.291757885,0,13.54716162
1,21,9,0.479179641,0.734683516,-12.05151253,2.530659145,0,0,0,0.003565662,0.183219722,-0.60365707,0,-8.723861919
1,21,10,0.340212973,0.008699611,-12.05151253,1.94809193,0,0,0,0.000795984,0.141041856,-0.651834817,0,-10.264505
1,21,11,0.166920309,2.71768E-10,-12.05151253,1.086198997,0,0,0,0.000415727,0.078640807,-0.661971787,0,-11.38130848
1,21,12,0.140233384,-5.40217E-10,-12.05151253,0.904960635,0,0,0,0.001096136,0.06551915,-0.663458249,0,-11.60316148
1,21,13,0.505951064,1.36944E-09,-12.05151253,2.729446952,0,0,0,0.002849786,0.197611959,-0.643087774,0,-9.258740545
1,21,14,0.075608178,-8.83589E-10,-12.05151253,0.466542901,0,0,0,0.000971928,0.033777706,-0.667057873,0,-12.1416697
1,21,15,0.310175946,-5.21116E-10,-12.05151253,1.743632964,0,0,0,0.002391692,0.126239027,-0.653992448,0,-10.52306535
1,21,16,6.449044805,11.65858661,-12.05151253,28.41253155,0,0,0,0.013998634,2.057067284,0.337325822,0,36.87704216
1,21,17,20.6621247,67.21047217,-12.05151253,71.28344575,0,0,0,0.018068625,5.160921472,4.223234398,0,156.5067546
1,21,18,18.97087051,60.26490496,-12.05151253,66.34151157,0,0,0,0.017991654,4.803125438,3.742163445,0,142.089055
1,21,19,18.66194241,59.444726,-12.05151253,65.58677318,0,0,0,0.017657533,4.748482378,3.679272183,0,140.0873412
1,21,20,18.43938554,58.1847365,-12.05151253,64.87341878,0,0,0,0.018080681,4.69683552,3.59669435,0,137.7576388
1,21,21,18.03958666,56.21758523,-12.05151253,63.40911594,0,0,0,0.017650042,4.590819994,3.464855226,0,133.6881006
1,21,22,16.99983745,53.36139789,-12.05151253,59.96231123,0,0,0,0.016035353,4.341271333,3.24785156,0,125.8771923
1,21,23,16.27892949,50.84602022,-12.05151253,57.40729193,0,0,0,0.014902578,4.156287936,3.06759045,0,119.7195101
1,22,0,19.57751378,63.06890709,-12.05151253,66.89836336,0,0,0,0.015864998,4.843441507,3.932136394,0,146.2847146
1,22,1,18.58511844,58.3886023,-12.05151253,64.41923676,0,0,0,0.016592134,4.663952741,3.616166997,0,137.6381568
1,22,2,21.26403714,69.17193243,-12.05151253,71.92422149,0,0,0,0.016441401,5.207313636,4.366014257,0,159.8984478
1,22,3,21.36377816,69.58860998,-12.05151253,71.87681517,0,0,0,0.016255171,5.203881418,4.394778771,0,160.3926061
1,22,4,22.19230234,72.09309593,-12.05151253,74.77240015,0,0,0,0.017047028,5.413521771,4.580427435,0,167.0172821
1,22,5,19.92668195,62.35666598,-12.05151253,71.6398501,0,0,0,0.020118991,5.186725147,3.911913232,0,150.9904429
1,22,6,21.56471355,69.53204451,-12.05151253,74.95409584,0,0,0,0.019650019,5.426676539,4.402820176,0,163.8484881
1,22,7,22.79661844,75.07260328,-12.05151253,76.31086947,0,0,0,0.016649859,5.524906949,4.780046401,0,172.4501819
1,22,8,10.48870308,28.76327847,-12.05151253,41.52995567,0,0,0,0.015125474,3.006768791,1.515066124,0,73.26738507
1,22,9,6.210113163,10.26872247,-12.05151253,27.65649042,0,0,0,0.014056696,2.002329906,0.246601897,0,34.34680202
1,22,10,4.679170351,3.276690326,-12.05151253,21.5375563,0,0,0,0.013060333,1.559319076,-0.228127808,0,18.78615604
1,22,11,3.897646279,0.629742871,-12.05151253,18.44607752,0,0,0,0.013060112,1.335496012,-0.419093673,0,11.85141659
1,22,12,3.681375892,0.684658798,-12.05151253,17.46278341,0,0,0,0.012426112,1.264305519,-0.428081116,0,10.62595608
1,22,13,2.980485032,0.081835871,-12.05151253,14.35220302,0,0,0,0.011654569,1.039099499,-0.500697974,0,5.913067486
1,22,14,2.534103364,0.08636553,-12.05151253,12.29456321,0,0,0,0.011436097,0.890126376,-0.525309131,0,3.239772912
1,22,15,2.767407592,0.028408092,-12.05151253,13.483802,0,0,0,0.011981613,0.976227265,-0.515542315,0,4.700771712
1,22,16,11.15963667,31.53322719,-12.05151253,44.22716905,0,0,0,0.015814645,3.202047039,1.706723269,0,79.79310532
1,22,17,21.35880372,66.19235687,-12.05151253,82.17610398,0,0,0,0.021394747,5.949549928,4.205330397,0,167.8520271
1,22,18,16.31295404,47.63959888,-12.05151253,62.91131591,0,0,0,0.019461637,4.554779272,2.890887949,0,122.2774851
1,22,19,16.19136227,47.74656549,-12.05151253,61.66941903,0,0,0,0.018926326,4.464865938,2.890073328,0,120.9296998
1,22,20,18.3090036,57.21066323,-12.05151253,68.78470372,0,0,0,0.018324786,4.98001255,3.535176194,0,140.7863715
1,22,21,17.95099071,56.25375373,-12.05151253,66.61039389,0,0,0,0.018204651,4.822592518,3.461935017,0,137.066358
1,22,22,17.24169786,51.59344904,-12.05151253,64.03373696,0,0,0,0.018555303,4.636042556,3.162848434,0,128.6348176
1,22,23,22.60312832,69.68774991,-12.05151253,77.906043,0,0,0,0.021086512,5.640397513,4.469332669,0,168.2762254
1,23,0,22.9833916,71.12842596,-12.05151253,79.27534796,0,0,0,0.020963034,5.739535192,4.57075899,0,171.6669102
1,23,1,22.9554528,71.47228392,-12.05151253,78.95178784,0,0,0,0.020927132,5.71610944,4.588355687,0,171.6534043
1,23,2,22.51503382,69.88184265,-12.05151253,77.5620973,0,0,0,0.019845135,5.615495844,4.475236771,0,168.018039
1,23,3,23.07026315,72.3666694,-12.05151253,78.82948669,0,0,0,0.019404619,5.707254836,4.644567895,0,172.5861341
1,23,4,22.79158801,70.99264829,-12.05151253,78.59165209,0,0,0,0.020838619,5.690035612,4.552512714,0,170.5877628
1,23,5,23.71166976,74.69734296,-12.05151253,81.46205122,0,0,0,0.020843062,5.897852508,4.81011276,0,178.5483597
1,23,6,22.36921484,69.63065046,-12.05151253,78.67641712,0,0,0,0.022166429,5.6961726,4.453123249,0,168.7962322
1,23,7,19.05438684,56.25486145,-12.05151253,71.81044476,0,0,0,0.021565775,5.1990762,3.523455882,0,143.8122784
1,23,8,16.84377778,52.97255006,-12.05151253,61.00530588,0,0,0,0.016356584,4.416784146,3.217500212,0,126.4207621
1,23,9,11.77433451,33.48000161,-12.05151253,46.77540422,0,0,0,0.015868514,3.386539265,1.849397274,0,85.23003286
1,23,10,13.3100524,40.22153823,-12.05151253,50.78496834,0,0,0,0.015340821,3.676831708,2.31044035,0,98.26765932
1,23,11,11.21929153,33.27344365,-12.05151253,44.25679583,0,0,0,0.015000396,3.204192018,1.806976101,0,81.72418698
1,23,12,10.2550249,28.67348117,-12.05151253,40.95622082,0,0,0,0.014868227,2.965230388,1.49704854,0,72.31036152
1,23,13,7.985893851,19.10691547,-12.05151253,33.8458073,0,0,0,0.014784291,2.450436448,0.837800231,0,52.19012505
1,23,14,6.720723658,13.69620695,-12.05151253,29.467785,0,0,0,0.014379869,2.133467634,0.465953787,0,40.44700437
1,23,15,7.01857705,15.13029332,-12.05151253,30.66408685,0,0,0,0.014680531,2.220079888,0.562422832,0,43.55862794
1,23,16,18.62236864,57.75884668,-12.05151253,66.71365308,0,0,0,0.019066621,4.830068483,3.583164445,0,139.4756554
1,23,17,22.91326984,71.63823244,-12.05151253,86.90502251,0,0,0,0.020930667,6.291923629,4.595249429,0,180.313116
1,23,18,20.76728121,60.67458328,-12.05151253,80.62171361,0,0,0,0.023405347,5.837012065,3.865042604,0,159.7375256
1,23,19,20.55360092,63.52686728,-12.05151253,75.6068817,0,0,0,0.021139387,5.473938235,4.012012831,0,157.1429278
1,23,20,22.88466205,73.17700455,-12.05151253,80.21709495,0,0,0,0.020601349,5.807717674,4.679365582,0,174.7349336
1,23,21,25.24849898,76.25673544,-12.05151253,89.21161474,0,0,0,0.025126822,6.458920907,4.982572309,0,190.1319567
1,23,22,27.57645975,88.06916494,-12.05151253,97.02072782,0,0,0,0.023466647,7.024300694,5.770192047,0,213.4327994
1,23,23,27.35357752,89.65700221,-12.05151253,94.70174642,0,0,0,0.022257134,6.856406441,5.846220043,0,212.3856972
1,24,0,25.41796408,82.60180157,-12.05151253,87.45594314,0,0,0,0.019571201,6.331810283,5.345431699,0,195.1210094
1,24,1,22.53916768,73.84714181,-12.05151253,77.39596271,0,0,0,0.016909764,5.6034677,4.697448191,0,172.0485853
1,24,2,22.70555913,74.06571395,-12.05151253,76.25147911,0,0,0,0.016277605,5.520607088,4.718890662,0,171.227015
1,24,3,22.69786082,74.2451186,-12.05151253,76.00828543,0,0,0,0.016343763,5.502999865,4.728454705,0,171.1475506
1,24,4,22.03557114,71.07868347,-12.05151253,74.9680898,0,0,0,0.017115216,5.427689701,4.515194734,0,165.9908315
1,24,5,24.38284052,77.30329639,-12.05151253,84.15797858,0,0,0,0.020312526,6.093037649,4.992648578,0,184.8986017
1,24,6,27.3930347,88.49423308,-12.05151253,100.7594577,0,0,0,0.022751393,7.294984739,5.783651567,0,217.6966007
1,24,7,20.31792753,60.92025491,-12.05151253,74.56797565,0,0,0,0.021775918,5.398721437,3.853697514,0,153.0288404
1,24,8,21.84308015,69.09622926,-12.05151253,75.61797883,0,0,0,0.020055103,5.474741667,4.394050286,0,164.3946228
1,24,9,16.1216511,50.33237627,-12.05151253,57.83159509,0,0,0,0.016343955,4.187007484,3.030220076,0,119.4676814
1,24,10,15.87975551,49.74039973,-12.05151253,56.8835609,0,0,0,0.015959437,4.118369809,2.983773399,0,117.5703063
1,24,11,8.625480672,22.54563891,-12.05151253,36.34541555,0,0,0,0.015435651,2.631408086,1.064962113,0,59.17682845
1,24,12,10.90271544,31.31728495,-12.05151253,43.43051524,0,0,0,0.015568275,3.144369303,1.680384773,0,78.43932544
1,24,13,8.27870509,21.16125675,-12.05151253,35.16809838,0,0,0,0.015355886,2.546170323,0.968536626,0,56.08661052
1,24,14,7.334808377,16.15801412,-12.05151253,31.91251687,0,0,0,0.015293141,2.310466222,0.637280965,0,46.31686716
1,24,15,11.29851943,32.0857463,-12.05151253,44.49521507,0,0,0,0.015724456,3.221453571,1.745234353,0,80.81038066
1,24,16,17.49029619,54.04781503,-12.05151253,63.18781342,0,0,0,0.018017919,4.574797692,3.313403547,0,130.5806313
1,24,17,18.61202429,57.23926755,-12.05151253,66.95232474,0,0,0,0.01961568,4.847348311,3.553647707,0,139.1727157
1,24,18,18.68526236,57.1828783,-12.05151253,67.84766831,0,0,0,0.019877714,4.912171185,3.554586186,0,140.1509315
1,24,19,17.80373388,55.11119671,-12.05151253,64.65044815,0,0,0,0.018336451,4.680692446,3.390092385,0,133.6029875
1,24,20,21.0227072,66.83934209,-12.05151253,72.57985931,0,0,0,0.018436789,5.254781814,4.222646897,0,157.8862616
1,24,21,22.9188624,72.29876835,-12.05151253,80.22584452,0,0,0,0.020978958,5.808351144,4.632352785,0,173.8536456
1,24,22,22.33469914,69.66138579,-12.05151253,78.04210194,0,0,0,0.020991622,5.65024818,4.452912683,0,168.1108268
1,24,23,22.46207801,71.04248243,-12.05151253,78.52599452,0,0,0,0.019258917,5.685282003,4.536934768,0,170.2205181
1,25,0,19.90825901,61.58221837,-12.05151253,72.70389245,0,0,0,0.019720436,5.263761813,3.867750342,0,151.2940899
1,25,1,22.09019986,69.93195958,-12.05151253,76.74788881,0,0,0,0.01894494,5.55654715,4.454365033,0,166.7483928
1,25,2,23.15131255,74.03718671,-12.05151253,78.05620736,0,0,0,0.018087132,5.651269413,4.742130161,0,173.6046808
1,25,3,22.39948726,71.67638671,-12.05151253,75.99687779,0,0,0,0.017869936,5.502173952,4.568756932,0,168.1100401
1,25,4,22.64285077,72.60547467,-12.05151253,76.56367543,0,0,0,0.017726916,5.543210101,4.634062478,0,169.9554878
1,25,5,23.42650692,76.24097822,-12.05151253,79.68705621,0,0,0,0.019404121,5.769342869,4.880209674,0,177.9719855
1,25,6,25.67634945,86.4987466,-12.05151253,95.00658683,0,0,0,0.018763873,6.878476886,5.576883601,0,207.6042947
1,25,7,22.13207477,72.64360216,-12.05151253,76.48319574,0,0,0,0.016928501,5.537383372,4.607735957,0,169.369408
1,25,8,10.95588184,30.66356131,-12.05151253,43.54451703,0,0,0,0.015454069,3.152623033,1.646933736,0,77.92745849
1,25,9,5.352952855,6.740847761,-12.05151253,24.32617022,0,0,0,0.01344662,1.761214724,0.002355446,0,26.14547509
1,25,10,4.140336616,1.545614521,-12.05151253,19.52893722,0,0,0,0.013100998,1.413895055,-0.35456177,0,14.2358101
1,25,11,3.752245977,0.125505941,-12.05151253,17.85130273,0,0,0,0.012922487,1.292434317,-0.455278466,0,10.52762045
1,25,12,3.686553123,0.115053382,-12.05151253,17.48768207,0,0,0,0.012693002,1.266108182,-0.459519766,0,10.05705746
1,25,13,3.704438353,0.124112702,-12.05151253,17.55644345,0,0,0,0.012758026,1.271086506,-0.458018954,0,10.15930755
1,25,14,2.676574984,0.002670924,-12.05151253,13.11332071,0,0,0,0.011729795,0.949404419,-0.522035251,0,4.180153045
1,25,15,3.425900628,0.332807392,-12.05151253,16.34299901,0,0,0,0.012369418,1.183233128,-0.461909211,0,8.783887832
1,25,16,15.66487185,48.69984136,-12.05151253,58.03225362,0,0,0,0.016956195,4.201535162,2.913845278,0,117.4777909
1,25,17,25.52627863,78.652583,-12.05151253,95.34580636,0,0,0,0.027066137,6.90303638,5.131493344,0,199.5347513
1,25,18,21.31254741,60.71995425,-12.05151253,82.52185338,0,0,0,0.027412376,5.974582185,3.897941094,0,162.4027782
1,25,19,18.67647595,57.94886804,-12.05151253,68.9466361,0,0,0,0.020659175,4.991736454,3.596762412,0,142.1296256
1,25,20,15.67198606,45.88685505,-12.05151253,59.6138575,0,0,0,0.020390054,4.316043283,2.757558202,0,116.2151776
1,25,21,25.25530667,82.24727214,-12.05151253,85.40144926,0,0,0,0.020386301,6.183064926,5.316624392,0,192.3725912
1,25,22,24.52281506,79.41150972,-12.05151253,83.31346813,0,0,0,0.019923002,6.031895092,5.117872642,0,186.3659711
1,25,23,26.91666944,87.17880929,-12.05151253,94.49785177,0,0,0,0.022928567,6.841644468,5.683848917,0,209.0902399
1,26,0,27.51627249,90.66406514,-12.05151253,97.78908331,0,0,0,0.022398845,7.079929632,5.911375558,0,216.9316124
1,26,1,19.99408551,61.98922241,-12.05151253,75.26737252,0,0,0,0.021582953,5.449357771,3.895201003,0,154.5653096
1,26,2,22.80799405,72.51595191,-12.05151253,80.83941217,0,0,0,0.020532099,5.852773441,4.638274542,0,174.6234257
1,26,3,24.88624417,80.73353504,-12.05151253,85.94240678,0,0,0,0.020074187,6.222230251,5.211752454,0,190.9647303
1,26,4,25.72135097,83.19898015,-12.05151253,88.8309408,0,0,0,0.021499652,6.431360114,5.395593195,0,197.5482124
1,26,5,27.97571886,91.33576258,-12.05151253,97.93318246,0,0,0,0.022310045,7.09036241,5.974380268,0,218.2802041
1,26,6,25.8564044,80.62290684,-12.05151253,105.1316385,0,0,0,0.023698396,7.61153063,5.259628387,0,212.4542946
1,26,7,16.54867913,50.47079857,-12.05151253,62.92365632,0,0,0,0.020869883,4.555672718,3.061715659,0,125.5298797
1,26,8,14.31840582,43.11244,-12.05151253,53.59878431,0,0,0,0.017238688,3.880551984,2.527628864,0,105.4035371
1,26,9,9.448316384,22.9331179,-12.05151253,37.71604378,0,0,0,0.015510477,2.73064157,1.132376641,0,61.92449422
1,26,10,5.835624219,9.161167376,-12.05151253,26.12078564,0,0,0,0.013736963,1.89114488,0.164052044,0,31.13499859
1,26,11,5.736438364,8.885561369,-12.05151253,25.69541369,0,0,0,0.013432443,1.860347951,0.143176137,0,30.28285743
1,26,12,5.061685072,5.35811149,-12.05151253,23.12332876,0,0,0,0.013129727,1.674129003,-0.09088658,0,23.08798494
1,26,13,4.076209218,1.184490203,-12.05151253,19.16967472,0,0,0,0.012905593,1.387884449,-0.37824829,0,13.40140335
1,26,14,3.650570377,0.102974288,-12.05151253,17.34046398,0,0,0,0.012635517,1.255449592,-0.46219681,0,9.848384405
1,26,15,7.218208807,14.18807572,-12.05151253,30.57767762,0,0,0,0.014265678,2.21382386,0.5210608,0,42.68159996
1,26,16,20.45772548,66.83808154,-12.05151253,71.31774551,0,0,0,0.017808484,5.163404775,4.191107203,0,155.9343605
1,26,17,17.32536318,47.92945538,-12.05151253,71.62459367,0,0,0,0.026295844,5.185620582,2.963424146,0,133.0032403
1,26,18,17.86510289,48.7300132,-12.05151253,79.42966415,0,0,0,0.027585321,5.750707685,3.038078718,0,142.7896394
1,26,19,17.44425106,48.61639605,-12.05151253,72.10308094,0,0,0,0.023944579,5.22026306,3.008308796,0,134.364732
1,26,20,22.99517314,72.19331319,-12.05151253,97.00145131,0,0,0,0.020962699,7.022905075,4.63072944,0,191.8130223
1,26,21,21.61367675,64.64384177,-12.05151253,88.35348948,0,0,0,0.020078736,6.396792639,4.133274534,0,173.1096414
1,26,22,19.86126033,58.57773315,-12.05151253,69.69333544,0,0,0,0.019311094,5.045797486,3.697782689,0,144.8437077
1,26,23,19.92996253,58.70893057,-12.05151253,68.62952214,0,0,0,0.018662932,4.968777403,3.708917098,0,143.9132601
1,27,0,25.85694475,84.92045787,-12.05151253,89.64021007,0,0,0,0.019612191,6.489951209,5.499032078,0,200.3746956
1,27,1,25.50191919,82.79405738,-12.05151253,87.12352481,0,0,0,0.021215052,6.307743196,5.360816647,0,195.0577638
1,27,2,25.42687379,82.37235254,-12.05151253,86.40356416,0,0,0,0.019558807,6.255618045,5.333147658,0,193.7596025
1,27,3,22.14308468,70.65235041,-12.05151253,77.50080879,0,0,0,0.019051411,5.611058556,4.497436487,0,168.3722778
1,27,4,21.67123168,68.76344616,-12.05151253,76.23201611,0,0,0,0.019219828,5.519197967,4.365942307,0,164.5195415
1,27,5,24.91626434,80.37660993,-12.05151253,85.06831545,0,0,0,0.019374979,6.158946039,5.193543849,0,189.6815421
1,27,6,24.64742924,79.67103833,-12.05151253,84.68934694,0,0,0,0.020318482,6.131508718,5.139269395,0,188.2473986
1,27,7,21.23836561,66.64859521,-12.05151253,75.39538273,0,0,0,0.02066607,5.45862571,4.224034469,0,160.9341573
1,27,8,10.61156212,29.15908032,-12.05151253,42.51822149,0,0,0,0.0156349,3.078319236,1.543955535,0,74.87526106
1,27,9,3.796795923,0.373333136,-12.05151253,18.067275,0,0,0,0.013326807,1.30807071,-0.43899306,0,11.06829598
1,27,10,3.063117182,0.05465791,-12.05151253,14.75253252,0,0,0,0.012395414,1.068083354,-0.497609176,0,6.401664668
1,27,11,2.805119404,0.026865791,-12.05151253,13.62277163,0,0,0,0.012051531,0.986288666,-0.513527673,0,4.888056815
1,27,12,2.905388152,8.68904E-09,-12.05151253,14.07462755,0,0,0,0.012159722,1.019003034,-0.509439128,0,5.450226801
1,27,13,2.246898837,7.36731E-09,-12.05151253,11.03253927,0,0,0,0.011449625,0.798755843,-0.546116983,0,1.492014067
1,27,14,3.389358211,0.079243642,-12.05151253,16.20547296,0,0,0,0.012645868,1.173276242,-0.478068125,0,8.330416266
1,27,15,10.6424201,30.12429944,-12.05151253,42.2361763,0,0,0,0.015067674,3.057899164,1.59943703,0,75.62378717
1,27,16,20.09641992,63.86354796,-12.05151253,70.40210923,0,0,0,0.017988315,5.097112708,4.005300963,0,151.4309666
1,27,17,27.93364459,89.88444399,-12.05151253,98.7387601,0,0,0,0.021873312,7.148686231,5.891198286,0,217.567094
1,27,18,24.15619486,76.42743747,-12.05151253,92.5144532,0,0,0,0.019761187,6.698046412,4.931239072,0,192.6956197
1,27,19,20.66653735,63.54488657,-12.05151253,72.9793244,0,0,0,0.019979925,5.283703086,4.019307064,0,154.4622259
1,27,20,23.75014448,74.81592277,-12.05151253,82.49757093,0,0,0,0.020034042,5.972824136,4.818860697,0,179.8238445
1,27,21,21.55017867,67.27928406,-12.05151253,74.92105571,0,0,0,0.019803996,5.424284434,4.276531825,0,161.4196262
1,27,22,23.43297974,74.86573604,-12.05151253,80.06349961,0,0,0,0.01922253,5.796597372,4.803969221,0,176.930492
1,27,23,24.04556616,76.99164826,-12.05151253,83.78977323,0,0,0,0.01927906,6.066379582,4.956503595,0,183.8176374
1,28,0,23.80450434,74.84388191,-12.05151253,82.45098095,0,0,0,0.021289529,5.969451021,4.823445866,0,179.8620411
1,28,1,24.36720912,77.62753055,-12.05151253,84.59430038,0,0,0,0.020410493,6.124627348,5.009837751,0,185.6924031
1,28,2,26.2773692,85.05188347,-12.05151253,89.47257276,0,0,0,0.019659712,6.477814268,5.529770126,0,200.777557
1,28,3,24.64763757,79.05538837,-12.05151253,84.35406533,0,0,0,0.018628376,6.10723433,5.104989297,0,187.2364307
1,28,4,24.58399959,78.60269342,-12.05151253,84.37283883,0,0,0,0.019123918,6.108593531,5.076229553,0,186.7119663
1,28,5,24.25737748,77.19862347,-12.05151253,83.80896159,0,0,0,0.019774118,6.067768819,4.979830005,0,184.2808229
1,28,6,25.5130332,82.48845985,-12.05151253,88.18788423,0,0,0,0.021386762,6.384802818,5.344413915,0,195.8884682
1,28,7,21.71337119,68.36016748,-12.05151253,75.05458816,0,0,0,0.018961183,5.433952182,4.345826856,0,162.8753545
1,28,8,10.63253752,29.97748082,-12.05151253,42.19427868,0,0,0,0.014819015,3.054865776,1.590708773,0,75.41317804
1,28,9,3.909574803,1.613125143,-12.05151253,18.63461362,0,0,0,0.012227991,1.349146026,-0.363654861,0,13.10352019
1,28,10,3.209973393,1.084397634,-12.05151253,15.26296737,0,0,0,0.011520326,1.105038838,-0.432072782,0,8.190312247
1,28,11,2.936729786,0.122582351,-12.05151253,14.03078867,0,0,0,0.011065979,1.015829099,-0.500865562,0,5.564617784
1,28,12,3.083887061,0.116563266,-12.05151253,14.74637292,0,0,0,0.011654336,1.067637399,-0.493004165,0,6.481598281
1,28,13,2.035710345,0.060697448,-12.05151253,10.01934371,0,0,0,0.009597394,0.725400485,-0.554499334,0,0.244737518
1,28,14,2.448119905,0.083948446,-12.05151253,11.82520176,0,0,0,0.009940078,0.856144607,-0.530233041,0,2.641609218
1,28,15,3.174508126,0.107503946,-12.05151253,15.14190332,0,0,0,0.011698856,1.0962738,-0.488461176,0,6.991914337
1,28,16,17.2472744,54.87360204,-12.05151253,61.48480324,0,0,0,0.016680819,4.451499755,3.34586357,0,129.3682113
1,28,17,28.22934911,89.72504947,-12.05151253,99.88449273,0,0,0,0.024536259,7.231637274,5.898790752,0,218.9423431
1,28,18,17.99353505,53.73326342,-12.05151253,68.36498952,0,0,0,0.022128357,4.949625242,3.323913427,0,136.3359425
1,28,19,22.21538839,69.41507879,-12.05151253,78.29092994,0,0,0,0.020940859,5.668263327,4.432547774,0,167.9916365
1,28,20,20.07679241,61.34212736,-12.05151253,72.75283001,0,0,0,0.02099135,5.267304893,3.863764583,0,151.2722981
1,28,21,23.73295917,75.59643795,-12.05151253,82.03335279,0,0,0,0.020054196,5.939214742,4.861378172,0,180.1318845
1,28,22,24.08288089,76.4677284,-12.05151253,82.54326599,0,0,0,0.021409862,5.976132457,4.92939969,0,181.9693048
1,28,23,25.33633085,79.9701587,-12.05151253,87.02738055,0,0,0,0.021232447,6.300782352,5.19430222,0,191.7986746
1,29,0,23.29336558,72.9137826,-12.05151253,80.86547015,0,0,0,0.019626856,5.854660039,4.687468906,0,175.5828616
1,29,1,21.56341523,67.30874997,-12.05151253,75.56800756,0,0,0,0.018296989,5.471123748,4.278910354,0,162.1569913
1,29,2,20.32619118,62.86072806,-12.05151253,72.1723859,0,0,0,0.018188722,5.225280739,3.962242153,0,152.5135042
1,29,3,20.07730602,62.408796,-12.05151253,71.0466107,0,0,0,0.017946014,5.143774614,3.923206634,0,150.5661274
1,29,4,20.64310492,63.79987286,-12.05151253,73.17046654,0,0,0,0.018893312,5.297541778,4.032204614,0,154.9105715
1,29,5,21.90731829,67.60938473,-12.05151253,78.04666819,0,0,0,0.021215548,5.650578777,4.31481111,0,165.4984641
1,29,6,23.25716636,72.91660571,-12.05151253,80.90959262,0,0,0,0.02135914,5.857854506,4.685609857,0,175.5966757
1,29,7,20.99519637,66.45675822,-12.05151253,72.64739554,0,0,0,0.01885874,5.259671437,4.199804622,0,157.5261724
1,29,8,14.84795953,45.55007405,-12.05151253,53.96021954,0,0,0,0.01502285,3.906719895,2.692901222,0,108.9213845
1,29,9,7.700464625,16.95048118,-12.05151253,32.47181959,0,0,0,0.01457343,2.350959738,0.701788433,0,48.13857446
1,29,10,4.924538405,5.134122053,-12.05151253,22.55536992,0,0,0,0.014001342,1.633008782,-0.111001861,0,22.0985261
1,29,11,3.674735912,1.460962936,-12.05151253,17.52556073,0,0,0,0.01336687,1.268850597,-0.385210822,0,11.50675368
1,29,12,3.124664853,8.65926E-09,-12.05151253,15.09386515,0,0,0,0.01275786,1.092795837,-0.497225415,0,6.775345758
1,29,13,3.106559916,8.27171E-09,-12.05151253,15.02547115,0,0,0,0.012928461,1.087844111,-0.49823386,0,6.683057256
1,29,14,2.300860904,5.01071E-09,-12.05151253,11.40043206,0,0,0,0.011622014,0.825391281,-0.543111296,0,1.943682434
1,29,15,2.289973983,4.59311E-09,-12.05151253,11.32931014,0,0,0,0.011554374,0.820242054,-0.543717697,0,1.855850323
1,29,16,13.78005391,41.50115068,-12.05151253,51.63751495,0,0,0,0.015822593,3.738556082,2.407893847,0,101.0294795
1,29,17,28.06519155,90.5780716,-12.05151253,97.56184158,0,0,0,0.022119479,7.063477331,5.937160509,0,217.1763495
1,29,18,23.3481572,70.23176247,-12.05151253,87.77184087,0,0,0,0.025773071,6.354681279,4.541132278,0,180.2218346
1,29,19,20.56166473,66.48419393,-12.05151253,74.32201977,0,0,0,0.020698664,5.380914231,4.177185079,0,158.8951639
1,29,20,19.90227783,61.63827154,-12.05151253,71.55610658,0,0,0,0.020120423,5.180662117,3.870539351,0,150.1164653
1,29,21,18.96386529,58.32997575,-12.05151253,67.58939113,0,0,0,0.019696947,4.893471918,3.633997698,0,141.3788862
1,29,22,17.66789757,53.93205864,-12.05151253,63.54570069,0,0,0,0.017655322,4.60070873,3.316848312,0,131.0293567
1,29,23,17.27486334,53.18883351,-12.05151253,61.97069066,0,0,0,0.017069792,4.486678004,3.253558666,0,128.1401814
1,30,0,22.93682382,76.07620643,-12.05151253,77.73251265,0,0,0,0.017035135,5.627833916,4.843756536,0,175.182656
1,30,1,21.2147791,67.74110164,-12.05151253,72.06402451,0,0,0,0.017158057,5.217435374,4.283573309,0,158.4865595
1,30,2,22.45610237,72.5337031,-12.05151253,75.90570667,0,0,0,0.017626938,5.495573163,4.619662916,0,168.9768626
1,30,3,21.30693334,68.1485172,-12.05151253,73.43345687,0,0,0,0.017731314,5.316582277,4.311399347,0,160.4831078
1,30,4,21.63885751,68.65018315,-12.05151253,74.5467181,0,0,0,0.019037521,5.39718239,4.357830317,0,162.5582965
1,30,5,23.6975243,75.57116787,-12.05151253,80.2541033,0,0,0,0.019970272,5.810397079,4.857996906,0,178.1596472
1,30,6,24.13735244,78.57178471,-12.05151253,84.93341984,0,0,0,0.018748005,6.149179597,5.049629691,0,186.8086017
1,30,7,18.10532044,55.09024019,-12.05151253,64.57001038,0,0,0,0.018519609,4.674868752,3.405723479,0,133.8131703
1,30,8,13.55909772,40.82925817,-12.05151253,49.67192577,0,0,0,0.014532732,3.596247426,2.358162175,0,97.97771146
1,30,9,6.489910077,14.06847623,-12.05151253,27.45612675,0,0,0,0.012657175,1.987823577,0.473832869,0,38.43731414
1,30,10,6.865652356,14.58977416,-12.05151253,28.9848622,0,0,0,0.012545263,2.098504023,0.523798009,0,41.02362348
1,30,11,5.457900811,8.866688448,-12.05151253,24.47442751,0,0,0,0.012994437,1.771948552,0.126610374,0,28.6590576
1,30,12,5.474029588,9.493395023,-12.05151253,24.31293033,0,0,0,0.012261021,1.760256156,0.162416303,0,29.16377589
1,30,13,3.796133189,1.247527184,-12.05151253,17.95919005,0,0,0,0.011913586,1.300245359,-0.390337365,0,11.87315947
1,30,14,3.277087762,0.077486276,-12.05151253,15.62130828,0,0,0,0.01130128,1.13098272,-0.484419474,0,7.58223431
1,30,15,2.933537889,0.107503944,-12.05151253,13.92493828,0,0,0,0.01034973,1.008165531,-0.501883218,0,5.431099616
1,30,16,6.409352236,10.41493212,-12.05151253,28.12574963,0,0,0,0.014431005,2.036304273,0.265843391,0,35.21510012
1,30,17,26.33657168,85.26784533,-12.05151253,91.48581617,0,0,0,0.018862804,6.623573091,5.545096779,0,203.2262533
1,30,18,19.59888034,60.70733931,-12.05151253,68.6487188,0,0,0,0.017738521,4.970167241,3.801787186,0,145.6931189
1,30,19,20.19538338,62.26455594,-12.05151253,70.37476421,0,0,0,0.019107882,5.095132929,3.921749372,0,149.8191812
1,30,20,20.05334677,62.81083516,-12.05151253,69.07899546,0,0,0,0.017300925,5.001319271,3.944265686,0,148.8545507
1,30,21,20.02355489,62.30812975,-12.05151253,68.75895092,0,0,0,0.018428288,4.978148047,3.914605586,0,147.9503049
1,30,22,20.2203194,61.83521219,-12.05151253,69.79211362,0,0,0,0.020372618,5.052949026,3.899223861,0,148.7686782
1,30,23,19.0240038,57.36881793,-12.05151253,67.11524385,0,0,0,0.020129745,4.859143655,3.583810922,0,139.9196374
1,31,0,18.07048761,54.99718096,-12.05151253,63.77063281,0,0,0,0.018421224,4.616993816,3.398599891,0,132.8208038
1,31,1,18.43410519,56.31520315,-12.05151253,64.46027666,0,0,0,0.018079961,4.66692403,3.492267226,0,135.3353437
1,31,2,18.48301669,55.90852714,-12.05151253,64.69803456,0,0,0,0.018025464,4.684137702,3.472339743,0,135.2125688
1,31,3,21.95398413,69.48000151,-12.05151253,75.56120933,0,0,0,0.018334819,5.470631556,4.421603752,0,164.8542526
1,31,4,23.02864901,74.23509371,-12.05151253,78.89681613,0,0,0,0.018885919,5.712129488,4.746321221,0,174.5863829
1,31,5,20.07981436,61.48940505,-12.05151253,70.03490927,0,0,0,0.020395037,5.070527431,3.872136273,0,148.5156749
1,31,6,20.77054367,64.96535481,-12.05151253,71.58181901,0,0,0,0.017886691,5.182523696,4.104220297,0,154.5708356
1,31,7,19.55832691,61.21522934,-12.05151253,68.96934702,0,0,0,0.018450126,4.993380725,3.827817834,0,146.5310394
1,31,8,6.814822899,15.04347151,-12.05151253,29.56103857,0,0,0,0.013129648,2.140219193,0.546237751,0,42.06740704
1,31,9,4.196913742,4.93325795,-12.05151253,19.64460347,0,0,0,0.011252865,1.422269291,-0.162718685,0,17.9940661
1,31,10,4.213641457,5.698849206,-12.05151253,18.63873717,0,0,0,0.009837342,1.349444571,-0.119143518,0,17.7398537
1,31,11,3.571341329,3.652873175,-12.05151253,16.71796418,0,0,0,0.00953411,1.210380606,-0.2688805,0,12.84170036
1,31,12,3.541567084,3.506419072,-12.05151253,16.46725518,0,0,0,0.008895948,1.192229275,-0.278696419,0,12.38615761
1,31,13,3.905987407,5.788858345,-12.05151253,17.95138283,0,0,0,0.009192959,1.299680117,-0.13126634,0,16.77232279
1,31,14,3.51659468,4.901181134,-12.05151253,16.12672557,0,0,0,0.006601317,1.167574931,-0.202399135,0,13.46476596
1,31,15,3.2282373,2.217925297,-12.05151253,15.07865933,0,0,0,0.008602515,1.091694935,-0.367917992,0,9.205688849
1,31,16,12.77397513,36.16360581,-12.05151253,49.35708186,0,0,0,0.017256541,3.573452727,2.05455401,0,91.88841355
1,31,17,18.33960928,58.55951131,-12.05151253,69.01675338,0,0,0,0.019779192,4.996812945,3.612011769,0,142.4929653
1,31,18,17.84225863,53.16105541,-12.05151253,67.73219508,0,0,0,0.022707398,4.903810923,3.283615343,0,134.8941302
1,31,19,17.40600034,52.54323812,-12.05151253,65.22079618,0,0,0,0.019214617,4.721985644,3.224903334,0,131.0846257
1,31,20,17.30027724,53.77711964,-12.05151253,65.07557692,0,0,0,0.018844618,4.711471769,3.287741758,0,132.1195194
1,31,21,23.48466283,75.80572523,-12.05151253,80.31487482,0,0,0,0.018680511,5.814796937,4.859205367,0,178.2464332
1,31,22,20.32914523,63.15042079,-12.05151253,70.86997504,0,0,0,0.018520378,5.130986193,3.978542579,0,151.4260777
1,31,23,24.97352769,77.43542283,-12.05151253,87.50068242,0,0,0,0.022700057,6.335049407,5.032909296,0,189.2487792
2,1,0,18.70506301,58.25243964,-12.05151253,64.58267919,0,0,0,0.017721133,4.675785973,3.615263649,0,137.7974401
2,1,1,18.79521338,59.2237024,-12.05151253,64.19053592,0,0,0,0.016449855,4.6473948,3.674384361,0,138.4961682
2,1,2,18.75896073,59.39187198,-12.05151253,64.07869935,0,0,0,0.015919465,4.639297833,3.681732133,0,138.5149689
2,1,3,19.63144205,62.09046982,-12.05151253,66.56039174,0,0,0,0.016670631,4.818972362,3.880641243,0,144.9470753
2,1,4,19.88648798,61.93535569,-12.05151253,68.05232212,0,0,0,0.017479615,4.926988122,3.886207444,0,146.6533284
2,1,5,22.21226802,70.21149747,-12.05151253,75.52218572,0,0,0,0.020634892,5.467806246,4.47673449,0,165.8596143
2,1,6,22.4477429,73.61376768,-12.05151253,75.22432584,0,0,0,0.017390228,5.446241191,4.679356891,0,169.3773122
2,1,7,20.02216339,64.72978374,-12.05151253,67.81322178,0,0,0,0.016992003,4.909677257,4.049414207,0,149.4897398
2,1,8,13.49074517,40.68091496,-12.05151253,47.35087179,0,0,0,0.014078351,3.428203118,2.346092221,0,95.25939307
2,1,9,4.938092254,5.602953309,-12.05151253,21.80562496,0,0,0,0.012457966,1.578727247,-0.08413301,0,21.8022102
2,1,10,5.56611304,8.73145166,-12.05151253,23.90000042,0,0,0,0.012513597,1.73036003,0.125105106,0,28.01403132
2,1,11,4.808668799,4.626713293,-12.05151253,21.36266081,0,0,0,0.012511768,1.546656643,-0.145718466,0,20.15998031
2,1,12,5.192654982,7.218168992,-12.05151253,22.39755764,0,0,0,0.012445651,1.621583173,0.020013647,0,24.41091156
2,1,13,3.50425229,0.125049358,-12.05151253,16.29856149,0,0,0,0.011815764,1.180015852,-0.469117146,0,8.599065075
2,1,14,3.04515571,0.078767036,-12.05151253,14.38859348,0,0,0,0.011998677,1.041734168,-0.497266751,0,6.017469783
2,1,15,3.799637854,0.397261027,-12.05151253,17.7611152,0,0,0,0.013525947,1.285904741,-0.43750198,0,10.76843025
2,1,16,10.13108112,27.46343159,-12.05151253,40.11660852,0,0,0,0.014877438,2.904442457,1.42274511,0,70.0016737
2,1,17,27.34047061,87.90029817,-12.05151253,94.42965466,0,0,0,0.022058251,6.836706997,5.747641573,0,210.2253177
2,1,18,17.49323231,50.9712402,-12.05151253,64.71776647,0,0,0,0.019330382,4.685566292,3.142201871,0,128.977825
2,1,19,17.30113099,50.62012885,-12.05151253,63.3788258,0,0,0,0.018959611,4.588626988,3.111944925,0,126.9681046
2,1,20,19.89552195,60.19462979,-12.05151253,70.08663197,0,0,0,0.019389212,5.074272155,3.789752204,0,147.0086847
2,1,21,21.29273891,65.80721674,-12.05151253,72.22673568,0,0,0,0.018440751,5.229215663,4.180198281,0,156.7030335
2,1,22,21.13887598,63.93543844,-12.05151253,72.4364835,0,0,0,0.020709683,5.244401405,4.067370065,0,154.7917665
2,1,23,21.16295729,64.26061536,-12.05151253,72.37901528,0,0,0,0.020241689,5.240240706,4.086823749,0,155.0983815
2,2,0,24.29988207,78.32224056,-12.05151253,83.75488769,0,0,0,0.021817959,6.063853869,5.044782982,0,185.4559526
2,2,1,21.2347696,65.49774388,-12.05151253,72.50729899,0,0,0,0.019743776,5.249528447,4.159731752,0,156.6173039
2,2,2,21.08912383,63.46298591,-12.05151253,72.76398993,0,0,0,0.020046824,5.268112871,4.038283264,0,154.5910301
2,2,3,23.40056078,73.6154365,-12.05151253,80.65270809,0,0,0,0.020974063,5.839256066,4.7325218,0,176.2099448
2,2,4,25.11932432,79.4752511,-12.05151253,84.32215301,0,0,0,0.020788348,6.104923878,5.154648603,0,188.1455767
2,2,5,21.80913523,67.25934228,-12.05151253,74.82533695,0,0,0,0.019595005,5.417354395,4.289844949,0,161.5690963
2,2,6,22.62312499,70.98230772,-12.05151253,76.18438573,0,0,0,0.018408977,5.515749527,4.542553354,0,167.8150178
2,2,7,24.66645881,77.97380147,-12.05151253,83.69967428,0,0,0,0.020968161,6.059856418,5.04579325,0,185.4150399
2,2,8,17.11333221,52.71043823,-12.05151253,60.0853843,0,0,0,0.016385588,4.350181824,3.217914765,0,125.4421244
2,2,9,16.79523527,52.13101372,-12.05151253,58.68482111,0,0,0,0.016137323,4.248781049,3.16792282,0,122.9923988
2,2,10,16.33949381,50.47180065,-12.05151253,57.58216457,0,0,0,0.016099181,4.168948715,3.050119853,0,119.5771142
2,2,11,14.02872779,42.84729342,-12.05151253,50.31837208,0,0,0,0.014489067,3.643050139,2.496725133,0,101.2971451
2,2,12,11.84760548,34.94081799,-12.05151253,45.24531979,0,0,0,0.014649589,3.275761153,1.934845939,0,85.2074874
2,2,13,12.00139785,35.51139664,-12.05151253,45.66113671,0,0,0,0.014489011,3.305866298,1.975193405,0,86.41796739
2,2,14,11.4085046,32.93782008,-12.05151253,43.97191737,0,0,0,0.01462898,3.183566818,1.798821036,0,81.26374635
2,2,15,11.39898242,32.83886692,-12.05151253,43.95260517,0,0,0,0.014671202,3.182168614,1.79277896,0,81.12856075
2,2,16,15.29357496,46.50047285,-12.05151253,54.57441289,0,0,0,0.015332449,3.951187494,2.770659215,0,111.0541273
2,2,17,25.58661149,80.88326756,-12.05151253,89.01506682,0,0,0,0.022062615,6.444690838,5.259103015,0,195.1592898
2,2,18,18.24758834,54.82370203,-12.05151253,66.34133211,0,0,0,0.018600064,4.803112444,3.398801625,0,135.5816241
2,2,19,21.10395772,65.14640377,-12.05151253,73.34305499,0,0,0,0.018659864,5.310037181,4.132875887,0,157.0034769
2,2,20,19.84957215,60.97504982,-12.05151253,69.7766435,0,0,0,0.018139364,5.051828989,3.830662196,0,147.4503835
2,2,21,19.83454989,61.75210617,-12.05151253,68.35417313,0,0,0,0.017748208,4.948842135,3.873107494,0,146.7290145
2,2,22,23.036908,73.55070022,-12.05151253,79.05268043,0,0,0,0.019313959,5.723414063,4.70866053,0,174.0401647
2,2,23,23.96752727,76.93124456,-12.05151253,81.1056165,0,0,0,0.019522112,5.872046635,4.948792343,0,180.7932369
2,3,0,22.92202405,73.4530362,-12.05151253,78.41054385,0,0,0,0.019556135,5.676923374,4.696821608,0,173.1273927
2,3,1,22.61042506,71.99846866,-12.05151253,77.28712009,0,0,0,0.018590527,5.595587495,4.598446132,0,170.0571254
2,3,2,22.89456999,73.84561931,-12.05151253,76.80789871,0,0,0,0.018128117,5.560891866,4.717159296,0,171.7927548
2,3,3,21.57925911,69.24798302,-12.05151253,72.68324127,0,0,0,0.01763983,5.262266668,4.387808139,0,161.1266855
2,3,4,21.09257816,67.47441425,-12.05151253,70.97781261,0,0,0,0.017345402,5.138793633,4.261912229,0,156.9113438
2,3,5,20.33722357,64.41871165,-12.05151253,69.25414624,0,0,0,0.016965724,5.014000188,4.049636344,0,151.0391712
2,3,6,22.91230922,75.09234372,-12.05151253,77.73892805,0,0,0,0.017511293,5.628298391,4.787589921,0,174.1254681
2,3,7,8.615804979,20.35942254,-12.05151253,36.08446181,0,0,0,0.015045643,2.612515035,0.942650925,0,56.5783884
2,3,8,5.343066784,6.318223634,-12.05151253,24.12865581,0,0,0,0.013873681,1.74691468,-0.021735372,0,25.47748668
2,3,9,5.26932976,6.138898932,-12.05151253,23.81938165,0,0,0,0.013679159,1.724523232,-0.03583091,0,24.87846929
2,3,10,5.134430955,5.419617443,-12.05151253,23.33813291,0,0,0,0.013769402,1.689680823,-0.083408752,0,23.46071025
2,3,11,4.96177178,4.487785235,-12.05151253,22.72026449,0,0,0,0.01374015,1.644947149,-0.144928922,0,21.63206735
2,3,12,4.811683398,3.872638733,-12.05151253,21.84290841,0,0,0,0.013600438,1.581426569,-0.187552505,0,19.88319251
2,3,13,4.874799781,4.514073269,-12.05151253,22.03403203,0,0,0,0.013156597,1.595263919,-0.148309019,0,20.83150405
2,3,14,5.170806205,5.792735191,-12.05151253,23.22069374,0,0,0,0.013502101,1.681178227,-0.060599992,0,23.76680294
2,3,15,5.017588929,4.633864349,-12.05151253,22.6635993,0,0,0,0.013350178,1.640844589,-0.133683301,0,21.78405151
2,3,16,6.208110087,9.956225581,-12.05151253,27.34345259,0,0,0,0.014319191,1.979665967,0.229084249,0,33.67934513
2,3,17,26.09344408,84.49827786,-12.05151253,88.47121401,0,0,0,0.020166225,6.405315895,5.488689664,0,198.9255952
2,3,18,23.67327743,78.60546888,-12.05151253,79.86924775,0,0,0,0.01806794,5.782533537,5.025656921,0,180.9227399
2,3,19,23.10206216,75.99329217,-12.05151253,77.64678257,0,0,0,0.017598117,5.621627058,4.848341988,0,175.1781915
2,3,20,23.44016934,76.71394161,-12.05151253,76.9201354,0,0,0,0.016344877,5.569017803,4.907314732,0,175.5154112
2,3,21,19.83310938,62.77524675,-12.05151253,65.16762144,0,0,0,0.015375065,4.718135792,3.930016188,0,144.3879921
2,3,22,17.05759579,49.09598866,-12.05151253,59.80906211,0,0,0,0.01614839,4.330176097,3.013485406,0,121.2709439
2,3,23,19.96807669,64.1759567,-12.05151253,69.37262028,0,0,0,0.015678341,5.022577708,4.015553411,0,150.5189506
2,4,0,14.96072801,45.3876011,-12.05151253,52.83366176,0,0,0,0.01484241,3.825157111,2.690132683,0,107.6606105
2,4,1,14.01133254,41.52596766,-12.05151253,49.70990708,0,0,0,0.014653805,3.598997272,2.422158373,0,99.23150419
2,4,2,20.830083,67.89615245,-12.05151253,67.43975459,0,0,0,0.014619436,4.882638232,4.270782066,0,153.2825172
2,4,3,18.39740243,57.02182559,-12.05151253,60.2288806,0,0,0,0.014374691,4.360570956,3.529581753,0,131.5011235
2,4,4,6.911165801,13.93458561,-12.05151253,29.96474871,0,0,0,0.014432666,2.169447806,0.489839105,0,41.43270716
2,4,5,6.951082644,13.77594548,-12.05151253,30.17612539,0,0,0,0.014559248,2.184751478,0.483226218,0,41.53417793
2,4,6,6.769228991,12.39532546,-12.05151253,29.66205283,0,0,0,0.015393315,2.147532625,0.396196435,0,39.33421712
2,4,7,4.338325002,2.567438149,-12.05151253,20.15332611,0,0,0,0.01332703,1.459100811,-0.286618241,0,16.19338633
2,4,8,0.625504483,0.136076866,-12.05151253,3.555139959,0,0,0,0.003567528,0.257392133,-0.628849167,0,-8.102680733
2,4,9,0.706469081,0.381447292,-12.05151253,3.835483319,0,0,0,0.003675058,0.277688992,-0.610672306,0,-7.457421099
2,4,10,0.85535628,2.496029617,-12.05151253,4.150235944,0,0,0,0.003118666,0.300477082,-0.484597054,0,-4.730891998
2,4,11,0.181809697,0.4877293,-12.05151253,1.369480638,0,0,0,0.000591675,0.099150398,-0.633975926,0,-10.54672675
2,4,12,0.127595697,0.168541661,-12.05151253,0.788215637,0,0,0,0.000448627,0.057066812,-0.654774397,0,-11.5644185
2,4,13,0.338911748,0.546483021,-12.05151253,1.911002608,0,0,0,0.000960569,0.138356589,-0.62195276,0,-9.737750759
2,4,14,0,0,-12.05151253,0,0,0,0,0,0,-0.671269248,0,-12.72278178
2,4,15,0.362766837,0.02206663,-12.05151253,1.800923825,0,0,0,0.000600007,0.130386885,-0.649834024,0,-10.38460237
2,4,16,4.107002344,2.685167043,-12.05151253,18.89180321,0,0,0,0.01247921,1.367766553,-0.292945413,0,14.71976042
2,4,17,27.30572921,87.50111719,-12.05151253,93.05863521,0,0,0,0.021293096,6.737445189,5.723472096,0,208.2961795
2,4,18,26.04939636,83.2581931,-12.05151253,89.55672484,0,0,0,0.021782335,6.483906878,5.417163484,0,198.7356545
2,4,19,26.02629661,85.36328017,-12.05151253,88.943047,0,0,0,0.021393713,6.439476603,5.533130178,0,200.2751117
2,4,20,25.73066276,81.41304771,-12.05151253,94.90320339,0,0,0,0.02135908,6.870991925,5.296635425,0,202.1843878
2,4,21,21.72488137,67.20622146,-12.05151253,75.12608908,0,0,0,0.020672831,5.439128849,4.282193179,0,161.7476742
2,4,22,21.79915884,68.46330472,-12.05151253,74.93757828,0,0,0,0.020694717,5.425480667,4.356349972,0,162.9510547
2,4,23,21.45788683,64.59351734,-12.05151253,74.69498205,0,0,0,0.020232504,5.407916701,4.121793964,0,158.2448169
2,5,0,21.10951177,63.08248028,-12.05151253,76.37324593,0,0,0,0.020277858,5.529423005,4.018224709,0,158.081651
2,5,1,20.99088912,65.21990904,-12.05151253,71.76124608,0,0,0,0.018882212,5.195514216,4.130672209,0,155.2656003
2,5,2,20.78078026,64.52331981,-12.05151253,71.08926351,0,0,0,0.018444961,5.146862678,4.080169126,0,153.5873278
2,5,3,20.9187525,63.34670672,-12.05151253,72.2834507,0,0,0,0.020055906,5.233321831,4.022316831,0,153.773092
2,5,4,21.34809699,64.86199208,-12.05151253,73.6105958,0,0,0,0.020170773,5.329407136,4.130632713,0,157.249383
2,5,5,23.30874562,73.77825176,-12.05151253,79.04986016,0,0,0,0.020447947,5.723209876,4.736476506,0,174.5654793
2,5,6,22.95284989,74.26189342,-12.05151253,77.50100717,0,0,0,0.018722932,5.611072919,4.743591954,0,173.0376257
2,5,7,22.14704066,72.12815181,-12.05151253,73.61640873,0,0,0,0.017487867,5.329827992,4.579858973,0,165.7672635
2,5,8,8.213722084,18.31059658,-12.05151253,30.32244815,0,0,0,0.011536637,2.195345246,0.806135302,0,47.80827147
2,5,9,4.490846383,8.443168344,-12.05151253,18.49365358,0,0,0,0.00698953,1.338940519,0.049155372,0,20.77124119
2,5,10,3.344229514,5.601746897,-12.05151253,14.47439757,0,0,0,0.005386729,1.047946384,-0.172978362,0,12.2492162
2,5,11,1.897230523,0.371912742,-12.05151253,8.993599564,0,0,0,0.00386405,0.651136608,-0.544877968,0,-0.678647016
2,5,12,0.89272214,5.7278E-11,-12.05151253,4.441476036,0,0,0,0.003462167,0.321562865,-0.621544625,0,-7.013833952
2,5,13,0.643624543,2.98024E-10,-12.05151253,3.35662905,0,0,0,0.003595691,0.243019943,-0.635419361,0,-8.440062669
2,5,14,0.166362502,-1.94418E-09,-12.05151253,0.909778353,0,0,0,0.0018953,0.065867953,-0.662002857,0,-11.56961129
2,5,15,0.382454866,3.42232E-10,-12.05151253,2.026412872,0,0,0,0.003198949,0.146712292,-0.649966512,0,-10.14270007
2,5,16,10.97632261,31.34554291,-12.05151253,42.51553489,0,0,0,0.014829681,3.078124726,1.686058661,0,77.56490093
2,5,17,22.04989434,66.03090231,-12.05151253,84.21998703,0,0,0,0.025554733,6.097527061,4.234831126,0,170.6071841
2,5,18,17.86373816,49.09047274,-12.05151253,73.43714287,0,0,0,0.025788004,5.316849144,3.058080299,0,136.7405587
2,5,19,21.63170788,68.19130824,-12.05151253,73.80811195,0,0,0,0.020989167,5.343707305,4.33187275,0,161.2761848
2,5,20,22.52420108,71.16595923,-12.05151253,76.58531127,0,0,0,0.020452121,5.544776536,4.547272681,0,168.3364604
2,5,21,22.48094389,71.81773695,-12.05151253,75.92035235,0,0,0,0.018701173,5.49663351,4.581167275,0,168.2640226
2,5,22,18.72416437,56.41252145,-12.05151253,66.99476087,0,0,0,0.01974832,4.850420687,3.513844151,0,138.4639473
2,5,23,27.82521319,90.39913811,-12.05151253,96.18554291,0,0,0,0.021988193,6.963833307,5.91382712,0,215.2580303
2,6,0,27.47679289,90.6516795,-12.05151253,93.77075352,0,0,0,0.021205563,6.789002555,5.908486664,0,212.5664082
2,6,1,24.11650205,75.09023605,-12.05151253,81.4825677,0,0,0,0.021792883,5.899337901,4.854546064,0,179.4134701
2,6,2,23.77885414,74.38812602,-12.05151253,80.55943063,0,0,0,0.021536312,5.832502778,4.796631546,0,177.3255689
2,6,3,21.73112607,67.76355595,-12.05151253,74.07217945,0,0,0,0.02048096,5.362825792,4.31358454,0,161.2122402
2,6,4,21.60076832,66.9424583,-12.05151253,73.74302414,0,0,0,0.020766814,5.338994948,4.260588475,0,159.8550885
2,6,5,22.8085792,72.04419729,-12.05151253,77.27488113,0,0,0,0.020489097,5.594701394,4.612030402,0,170.303366
2,6,6,23.31887564,77.08789057,-12.05151253,78.24081239,0,0,0,0.017682511,5.664634817,4.92138763,0,177.199771
2,6,7,20.22787259,64.78129762,-12.05151253,68.76714996,0,0,0,0.017694179,4.978741657,4.063741532,0,150.784985
2,6,8,13.00505544,38.51419384,-12.05151253,48.86850598,0,0,0,0.016169233,3.538079833,2.198352937,0,94.08884472
2,6,9,6.113706268,9.22501892,-12.05151253,25.67186917,0,0,0,0.013253839,1.858643328,0.183097745,0,31.01407673
2,6,10,5.644834679,8.19089729,-12.05151253,24.85006683,0,0,0,0.013564172,1.799144839,0.099381022,0,28.5463763
2,6,11,6.286230558,11.05354903,-12.05151253,26.65342581,0,0,0,0.01304353,1.929708029,0.294556475,0,34.1790009
2,6,12,4.754333085,4.017368619,-12.05151253,21.56748337,0,0,0,0.01287981,1.561485796,-0.182685463,0,19.67935268
2,6,13,3.663297786,1.009087383,-12.05151253,17.05903508,0,0,0,0.012254291,1.23507414,-0.411017394,0,10.51621875
2,6,14,2.876977685,6.28337E-09,-12.05151253,13.6898115,0,0,0,0.011883303,0.991142352,-0.511021591,0,5.007280718
2,6,15,4.13567603,3.094829968,-12.05151253,19.05918198,0,0,0,0.013189661,1.379884776,-0.268530064,0,15.36271982
2,6,16,17.87105854,57.05356066,-12.05151253,60.12134888,0,0,0,0.015331247,4.352785659,3.502032042,0,130.8646045
2,6,17,28.81060761,91.45812949,-12.05151253,101.2963853,0,0,0,0.024671451,7.333858297,6.027699408,0,222.899839
2,6,18,14.98602832,42.70660518,-12.05151253,56.9972098,0,0,0,0.019971311,4.12659799,2.542210438,0,109.3271105
2,6,19,17.56918891,52.19914935,-12.05151253,64.49938043,0,0,0,0.020082592,4.669755143,3.214827193,0,130.1208711
2,6,20,16.09174088,46.41346921,-12.05151253,60.46331233,0,0,0,0.020185544,4.377543813,2.810270954,0,118.1250102
2,6,21,23.15917163,73.24960641,-12.05151253,77.78240651,0,0,0,0.019029567,5.631446231,4.698699688,0,172.4888475
2,6,22,22.83740075,71.01655295,-12.05151253,77.66622587,0,0,0,0.020806024,5.623034753,4.556395973,0,169.6689038
2,6,23,22.49209313,69.55948176,-12.05151253,77.04230802,0,0,0,0.020270936,5.5778631,4.456003473,0,167.0965079
2,7,0,25.3755504,81.72669928,-12.05151253,88.18733007,0,0,0,0.021595324,6.384762697,5.294326059,0,194.9387513
2,7,1,28.11667076,91.62439214,-12.05151253,111.6042136,0,0,0,0.022060793,8.080145066,5.998307955,0,233.3942778
2,7,2,25.19393149,80.9488952,-12.05151253,86.24064293,0,0,0,0.021518512,6.243822548,5.240886198,0,191.8381843
2,7,3,25.7783293,82.91371341,-12.05151253,87.16688999,0,0,0,0.021379137,6.310882836,5.382877531,0,195.5225597
2,7,4,26.27729518,84.71841679,-12.05151253,88.05388808,0,0,0,0.021075551,6.375101497,5.511191908,0,198.9054565
2,7,5,28.22144407,91.87318776,-12.05151253,99.90351998,0,0,0,0.021554266,7.233014847,6.018001745,0,221.2192101
2,7,6,23.89992385,76.44975821,-12.05151253,80.95081865,0,0,0,0.021319818,5.86083927,4.918208043,0,180.0493553
2,7,7,17.50145467,52.77304178,-12.05151253,62.22277832,0,0,0,0.019363625,4.50492915,3.243020204,0,128.2130752
2,7,8,10.39220138,26.36574138,-12.05151253,39.67541209,0,0,0,0.015844625,2.872499835,1.376148164,0,68.64633495
2,7,9,4.592079263,5.19417803,-12.05151253,20.65289736,0,0,0,0.012620961,1.495269769,-0.126174717,0,19.76935813
2,7,10,4.101009352,2.854731679,-12.05151253,18.77039428,0,0,0,0.012442421,1.358976546,-0.283834473,0,14.76220727
2,7,11,3.906597862,3.544202593,-12.05151253,17.83604229,0,0,0,0.011784196,1.291329462,-0.256259663,0,14.2821842
2,7,12,3.257943686,0.625092271,-12.05151253,15.20748678,0,0,0,0.010768941,1.101022043,-0.454984145,0,7.695817043
2,7,13,2.759081632,0.027169136,-12.05151253,13.12296625,0,0,0,0.010677592,0.950102757,-0.51607508,0,4.302409754
2,7,14,1.783763888,-5.75484E-10,-12.05151253,8.694131864,0,0,0,0.008717218,0.629455147,-0.5719136,0,-1.507358017
2,7,15,2.785488763,0.053329329,-12.05151253,13.18950056,0,0,0,0.010789134,0.954919841,-0.51314708,0,4.429368011
2,7,16,10.39227083,27.646098,-12.05151253,40.93682131,0,0,0,0.01510328,2.963825863,1.447467896,0,71.35007466
2,7,17,24.24226176,75.19393301,-12.05151253,88.48403102,0,0,0,0.023968797,6.406243846,4.8673268,0,187.1662527
2,7,18,17.25984999,50.69177446,-12.05151253,64.28776294,0,0,0,0.020588702,4.654434037,3.113636233,0,127.9765338
2,7,19,15.29795378,43.36184493,-12.05151253,58.19098198,0,0,0,0.021144158,4.213027095,2.59608154,0,111.629521
2,7,20,19.7578953,60.20303802,-12.05151253,69.30502149,0,0,0,0.020251311,5.017683556,3.782554738,0,146.0349319
2,7,21,21.11201537,67.89415142,-12.05151253,70.50562228,0,0,0,0.016689087,5.104607053,4.286374242,0,156.8679469
2,7,22,21.02660437,67.07323846,-12.05151253,70.86253437,0,0,0,0.017834856,5.130447489,4.235891997,0,156.295039
2,7,23,20.71530782,65.6436093,-12.05151253,70.12620935,0,0,0,0.017499717,5.077137557,4.138922435,0,153.6671736
2,8,0,21.18322773,63.52024397,-12.05151253,73.49709508,0,0,0,0.021339061,5.321189684,4.046714126,0,155.5382971
2,8,1,23.35788885,73.69120017,-12.05151253,82.39261086,0,0,0,0.021652686,5.965225026,4.73436501,0,178.1114301
2,8,2,24.48149179,78.39197111,-12.05151253,84.05969079,0,0,0,0.020444939,6.085921613,5.058782635,0,186.0467903
2,8,3,26.11007103,83.88610539,-12.05151253,88.43803465,0,0,0,0.020708738,6.402913709,5.455517778,0,198.2618388
2,8,4,26.16986543,84.30996947,-12.05151253,88.02066217,0,0,0,0.020988697,6.372695941,5.482457556,0,198.3251267
2,8,5,24.78617621,78.9204851,-12.05151253,86.44792447,0,0,0,0.021420291,6.258829732,5.105191787,0,189.4885151
2,8,6,21.27012698,65.67963242,-12.05151253,72.46394696,0,0,0,0.020643938,5.24638976,4.17183235,0,156.8010599
2,8,7,20.36384155,64.4149926,-12.05151253,76.64041601,0,0,0,0.018993261,5.548766119,4.050911814,0,158.9864088
2,8,8,7.184504725,13.3266008,-12.05151253,29.67550829,0,0,0,0.015009549,2.148506801,0.471199329,0,40.76981696
2,8,9,2.868857703,3.675516115,-12.05151253,12.81987597,0,0,0,0.008956524,0.928159021,-0.306747626,0,7.943105176
2,8,10,2.063919534,2.882358724,-12.05151253,9.627499015,0,0,0,0.00722514,0.697030929,-0.395761549,0,2.830759259
2,8,11,1.365246317,0.50397901,-12.05151253,6.740284014,0,0,0,0.00653932,0.487996563,-0.567153397,0,-3.514620708
2,8,12,1.297564306,0.023921814,-12.05151253,6.428603869,0,0,0,0.00661903,0.46543092,-0.597662471,0,-4.427035066
2,8,13,0.887800164,-4.78939E-09,-12.05151253,4.525673536,0,0,0,0.006327095,0.327658764,-0.621818779,0,-6.925871759
2,8,14,0.734286041,-2.90735E-09,-12.05151253,3.765802879,0,0,0,0.0066556,0.272644128,-0.630369516,0,-7.902493405
2,8,15,0.337489261,-3.53347E-09,-12.05151253,1.835986489,0,0,0,0.003654546,0.132925422,-0.652471097,0,-10.39392792
2,8,16,7.149078222,14.55385908,-12.05151253,30.14908434,0,0,0,0.014387043,2.182793706,0.53758436,0,42.53527422
2,8,17,27.51827404,89.61798203,-12.05151253,94.78983734,0,0,0,0.020776098,6.862784223,5.853220215,0,212.6113614
2,8,18,17.97225908,54.22449742,-12.05151253,64.94130944,0,0,0,0.018037191,4.701750803,3.350090088,0,133.1564315
2,8,19,16.64870706,48.7064713,-12.05151253,60.95670139,0,0,0,0.018474838,4.413265181,2.969014186,0,121.6611214
2,8,20,18.07767365,53.94531841,-12.05151253,64.70023737,0,0,0,0.018514104,4.684297186,3.340411409,0,132.7149396
2,8,21,20.89759914,65.68375446,-12.05151253,70.36620509,0,0,0,0.018091994,5.094513248,4.151312147,0,154.1599635
2,8,22,20.73556535,65.52201903,-12.05151253,69.60689572,0,0,0,0.017639361,5.03953925,4.133278201,0,153.0034244
2,8,23,19.97798041,61.8372985,-12.05151253,68.24026751,0,0,0,0.021227835,4.940595367,3.885841787,0,146.8516989
2,9,0,20.19815895,62.78473165,-12.05151253,68.90248063,0,0,0,0.019501228,4.988539598,3.950877758,0,148.7927773
2,9,1,19.86636925,62.11578678,-12.05151253,67.68311918,0,0,0,0.018875042,4.900257829,3.895136843,0,146.4280324
2,9,2,21.92436633,65.94133531,-12.05151253,76.36102898,0,0,0,0.022049283,5.528538498,4.222850333,0,161.9486562
2,9,3,26.48514809,85.91145531,-12.05151253,89.37111718,0,0,0,0.020121943,6.470468884,5.589221562,0,201.7960204
2,9,4,26.66448693,85.27023087,-12.05151253,89.69388233,0,0,0,0.021834627,6.493837081,5.563494533,0,201.6562538
2,9,5,26.55013184,86.37739628,-12.05151253,88.56573177,0,0,0,0.022769542,6.41215898,5.618794068,0,201.4954699
2,9,6,20.40466047,64.31503305,-12.05151253,70.38324978,0,0,0,0.01859886,5.095747284,4.047617681,0,152.2133946
2,9,7,16.391022,49.36709388,-12.05151253,58.29797091,0,0,0,0.01862319,4.220773094,2.991457807,0,119.2354284
2,9,8,5.129107909,8.175866777,-12.05151253,21.11261418,0,0,0,0.011702061,1.528553267,0.069817842,0,23.97614951
2,9,9,3.144243589,5.654856114,-12.05151253,13.20716133,0,0,0,0.006182544,0.95619848,-0.181159395,0,10.73597013
2,9,10,2.706630373,4.845026204,-12.05151253,11.5690762,0,0,0,0.005339798,0.837601117,-0.250641977,0,7.661519178
2,9,11,1.934838612,0.727748322,-12.05151253,9.187021496,0,0,0,0.005606779,0.665140356,-0.522963156,0,-0.054120124
2,9,12,1.329299937,0.741139166,-12.05151253,6.700014782,0,0,0,0.004793533,0.48508107,-0.55594579,0,-3.347129836
2,9,13,1.071424092,-3.3425E-10,-12.05151253,5.226522782,0,0,0,0.003448388,0.378400249,-0.611590926,0,-5.98330795
2,9,14,0.324153425,-2.81692E-10,-12.05151253,1.791513542,0,0,0,0.00220894,0.12970558,-0.653213902,0,-10.45714495
2,9,15,0.610596014,-9.81675E-10,-12.05151253,3.193018482,0,0,0,0.003368722,0.231174538,-0.63725905,0,-8.65061383
2,9,16,10.0329607,26.30512601,-12.05151253,39.37567911,0,0,0,0.014968642,2.850799168,1.352762182,0,67.88078328
2,9,17,25.6274237,80.62025724,-12.05151253,92.70996022,0,0,0,0.024184011,6.71220112,5.24672658,0,198.8892403
2,9,18,21.60970845,66.8948652,-12.05151253,74.14650425,0,0,0,0.020139125,5.368206908,4.258435505,0,160.2463469
2,9,19,21.10494325,65.16580751,-12.05151253,72.939434,0,0,0,0.020422734,5.280815021,4.134011569,0,156.5939215
2,9,20,20.99611272,64.76468458,-12.05151253,72.58264837,0,0,0,0.019850885,5.254983742,4.105607162,0,155.6723749
2,9,21,20.18256102,63.99675689,-12.05151253,68.71780582,0,0,0,0.017526269,4.975169142,4.017518759,0,149.8558254
2,9,22,19.66605207,61.29033115,-12.05151253,67.64875041,0,0,0,0.018527085,4.89776953,3.838001298,0,145.307919
2,9,23,19.51896603,61.13643974,-12.05151253,67.05199273,0,0,0,0.018109031,4.854564274,3.821236854,0,144.3497961
2,10,0,19.36838041,60.43852705,-12.05151253,67.41394529,0,0,0,0.018432663,4.880769639,3.773975497,0,143.842518
2,10,1,27.52765001,89.96038358,-12.05151253,96.71907739,0,0,0,0.021941874,7.002461203,5.872814223,0,215.0528157
2,10,2,25.97544275,83.93525276,-12.05151253,89.33578419,0,0,0,0.02102166,6.467910775,5.450756492,0,199.1346561
2,10,3,25.08960579,80.44685476,-12.05151253,86.01027575,0,0,0,0.020895751,6.227143964,5.207111604,0,190.9503751
2,10,4,26.4711783,84.96780609,-12.05151253,89.24766231,0,0,0,0.021926003,6.461530751,5.535882182,0,200.6544731
2,10,5,27.34032271,88.56283784,-12.05151253,92.68283825,0,0,0,0.021796812,6.710237489,5.784536794,0,209.0510574
2,10,6,20.9864744,65.57038642,-12.05151253,71.44935767,0,0,0,0.018859193,5.172933496,4.1499479,0,155.2964465
2,10,7,14.41065986,42.84752941,-12.05151253,51.06130225,0,0,0,0.015717238,3.696838283,2.518011894,0,102.4985464
2,10,8,3.116383902,0.697397348,-12.05151253,14.76951969,0,0,0,0.010967229,1.069313225,-0.458841633,0,7.153227224
2,10,9,2.456552969,1.289512525,-12.05151253,11.91286149,0,0,0,0.006267194,0.862491172,-0.4626134,0,4.013559415
2,10,10,2.116452278,1.432174342,-12.05151253,10.18335571,0,0,0,0.004728646,0.737274953,-0.473610745,0,1.948862646
2,10,11,2.831702921,4.144703968,-12.05151253,12.61420755,0,0,0,0.006218464,0.913268626,-0.282683384,0,8.175905608
2,10,12,0.955211758,0.015995033,-12.05151253,4.818428227,0,0,0,0.004123071,0.348854204,-0.61717303,0,-6.526073272
2,10,13,1.306797854,0.014202023,-12.05151253,6.372608393,0,0,0,0.004523607,0.461376848,-0.597689555,0,-4.489693364
2,10,14,0.548126786,9.55608E-10,-12.05151253,2.811301542,0,0,0,0.000928455,0.203538232,-0.640738586,0,-9.128356104
2,10,15,1.228633303,0.009361037,-12.05151253,5.921215554,0,0,0,0.004039193,0.428696006,-0.602312963,0,-5.061880405
2,10,16,9.767496135,26.24963954,-12.05151253,38.85532733,0,0,0,0.01535242,2.813125699,1.334885209,0,66.9843138
2,10,17,29.18173614,94.90325181,-12.05151253,103.0285814,0,0,0,0.021823032,7.459269295,6.240264581,0,228.7834137
2,10,18,22.282003,69.5064247,-12.05151253,76.22286997,0,0,0,0.019550536,5.518535786,4.441346175,0,165.9392176
2,10,19,20.34802225,62.56068518,-12.05151253,70.99321731,0,0,0,0.019350762,5.139908933,3.946745756,0,150.9564177
2,10,20,20.78460528,64.31445541,-12.05151253,72.55990709,0,0,0,0.019982903,5.253337273,4.068748432,0,154.9495238
2,10,21,19.63373458,61.7255874,-12.05151253,67.22639927,0,0,0,0.017476589,4.867191307,3.860444986,0,145.2793216
2,10,22,19.98287462,63.217539,-12.05151253,68.24245605,0,0,0,0.017459158,4.940753818,3.962993791,0,148.3125639
2,10,23,24.94979158,79.94235175,-12.05151253,86.31648117,0,0,0,0.021518738,6.249313237,5.171223136,0,190.5991671
2,11,0,25.18373427,80.76228147,-12.05151253,87.29268748,0,0,0,0.022007102,6.319990574,5.229923829,0,192.7591122
2,11,1,23.92623675,76.03524054,-12.05151253,83.24788989,0,0,0,0.021248941,6.027147228,4.896585037,0,182.1028359
2,11,2,25.23858646,81.45128971,-12.05151253,86.39118508,0,0,0,0.020308192,6.2547218,5.271356855,0,192.5759356
2,11,3,25.22778188,81.30973066,-12.05151253,84.91655191,0,0,0,0.019486695,6.147958358,5.262870201,0,190.8328672
2,11,4,24.6907605,79.25019439,-12.05151253,82.5107913,0,0,0,0.019556858,5.97378129,5.118241939,0,185.5118137
2,11,5,26.02712228,83.62035019,-12.05151253,87.45467306,0,0,0,0.021003826,6.33171833,5.436094969,0,196.8394501
2,11,6,18.14533156,55.39195271,-12.05151253,62.84741559,0,0,0,0.018814882,4.550152889,3.424757486,0,132.3269126
2,11,7,9.471375086,24.40663238,-12.05151253,37.46729959,0,0,0,0.014364262,2.71263249,1.215735768,0,63.23652704
2,11,8,3.406473773,3.261125977,-12.05151253,15.45814806,0,0,0,0.010456059,1.11916992,-0.299883942,0,10.90397731
2,11,9,0.22743945,0.966724019,-12.05151253,1.395157933,0,0,0,0.000482921,0.101009434,-0.604754343,0,-9.96545312
2,11,10,0.244764918,1.51426E-09,-12.05151253,1.396415038,0,0,0,0.000592438,0.101100449,-0.657635842,0,-10.96627553
2,11,11,0.18631744,8.54355E-10,-12.05151253,1.010684819,0,0,0,0.000363526,0.073173581,-0.660891367,0,-11.44186453
2,11,12,0.241544023,-2.02332E-10,-12.05151253,1.343488234,0,0,0,0.002200597,0.097268548,-0.657815246,0,-11.02482638
2,11,13,0.322374737,-9.6682E-10,-12.05151253,1.743233846,0,0,0,0.002998485,0.12621013,-0.653312975,0,-10.51000831
2,11,14,0,0,-12.05151253,0,0,0,0,0,0,-0.671269248,0,-12.72278178
2,11,15,0.157628993,-1.84212E-09,-12.05151253,0.866442498,0,0,0,0.00180502,0.062730437,-0.662489313,0,-11.6253949
2,11,16,4.198704387,4.407421369,-12.05151253,19.27534216,0,0,0,0.013199151,1.395534772,-0.191908044,0,17.04678126
2,11,17,28.20650697,92.84246475,-12.05151253,94.82059931,0,0,0,0.02067413,6.86501139,6.071158477,0,216.7749025
2,11,18,28.68345293,91.65939762,-12.05151253,101.2245192,0,0,0,0.023227609,7.328655193,6.031827528,0,222.8995676
2,11,19,23.1910967,72.9226339,-12.05151253,79.65933435,0,0,0,0.020297416,5.767335807,4.682265547,0,174.1914512
2,11,20,22.94249611,71.95375191,-12.05151253,78.67101148,0,0,0,0.020566345,5.695781231,4.614451767,0,171.8465463
2,11,21,21.32553564,66.31228229,-12.05151253,72.95706093,0,0,0,0.020027184,5.282091211,4.210157211,0,158.0556419
2,11,22,21.00111805,64.82157644,-12.05151253,72.12355175,0,0,0,0.020256088,5.221745147,4.109054835,0,155.2457898
2,11,23,23.93649586,77.14884649,-12.05151253,81.37575558,0,0,0,0.019143253,5.891604704,4.959184321,0,181.2795177
2,12,0,19.61583204,60.45994471,-12.05151253,67.91849197,0,0,0,0.018354034,4.917298819,3.788951517,0,144.6673606
2,12,1,19.4018352,60.1591682,-12.05151253,66.76185252,0,0,0,0.017686231,4.833558122,3.760278641,0,142.8828664
2,12,2,19.77591127,61.324825,-12.05151253,67.98963881,0,0,0,0.018330277,4.92244985,3.846041762,0,145.8256844
2,12,3,19.34657202,58.43718899,-12.05151253,67.09416166,0,0,0,0.018871626,4.857617304,3.66128624,0,141.3641853
2,12,4,20.49807846,61.79034023,-12.05151253,70.66945682,0,0,0,0.019500474,5.116468674,3.912195673,0,149.9545278
2,12,5,22.49887326,69.92901293,-12.05151253,76.402751,0,0,0,0.019499096,5.531559172,4.476964012,0,166.8071469
2,12,6,23.07590895,73.65038483,-12.05151253,78.03744252,0,0,0,0.01947042,5.649910839,4.716385316,0,173.0979903
2,12,7,19.75049171,62.83904996,-12.05151253,66.18071233,0,0,0,0.016387249,4.791483573,3.928968223,0,145.4555805
2,12,8,6.759957926,11.31688693,-12.05151253,27.32316597,0,0,0,0.013714534,1.978197216,0.33561101,0,35.67602106
2,12,9,4.306808898,5.119864186,-12.05151253,19.17096755,0,0,0,0.011704655,1.387978051,-0.146203557,0,17.79960725
2,12,10,3.578337588,2.530738601,-12.05151253,16.51102374,0,0,0,0.01143208,1.195398119,-0.330993704,0,11.44442389
2,12,11,2.73391778,0.303261227,-12.05151253,13.03206642,0,0,0,0.010216077,0.943521609,-0.502098377,0,4.469372202
2,12,12,2.240665121,0.040098943,-12.05151253,10.67301646,0,0,0,0.008187952,0.772726392,-0.54423069,0,1.138951641
2,12,13,1.559737314,5.47398E-09,-12.05151253,7.505478402,0,0,0,0.005063038,0.543396636,-0.584391879,0,-3.022229019
2,12,14,0.829013145,2.54816E-09,-12.05151253,4.17591237,0,0,0,0.004409168,0.302336056,-0.625093216,0,-7.36493501
2,12,15,1.428069253,2.45694E-10,-12.05151253,7.093090492,0,0,0,0.008711403,0.513539752,-0.591725791,0,-3.599827425
2,12,16,9.07888666,22.18014645,-12.05151253,36.53249899,0,0,0,0.015017517,2.644952927,1.069858896,0,59.4698489
2,12,17,26.48121952,83.0273332,-12.05151253,95.78859206,0,0,0,0.024150536,6.935094065,5.428357138,0,205.633234
2,12,18,17.57085375,54.20450354,-12.05151253,65.44102495,0,0,0,0.020494612,4.737930207,3.326618153,0,133.2499127
2,12,19,22.63581106,71.11141536,-12.05151253,78.4800132,0,0,0,0.020745657,5.681952956,4.550451264,0,170.428877
2,12,20,22.63714175,70.91143113,-12.05151253,78.1237797,0,0,0,0.020850232,5.65616165,4.539386262,0,169.8372382
2,12,21,21.5825503,67.69369687,-12.05151253,74.0672835,0,0,0,0.02031176,5.362471325,4.301417719,0,160.9762189
2,12,22,22.0165497,67.68570543,-12.05151253,75.24867007,0,0,0,0.020036427,5.448003713,4.325146362,0,162.6925992
2,12,23,22.15063399,68.1468273,-12.05151253,75.75793517,0,0,0,0.02012496,5.484874506,4.358299346,0,163.8671827
2,13,0,20.28260982,62.59756627,-12.05151253,69.50237948,0,0,0,0.01826201,5.031972274,3.94515656,0,149.3264339
2,13,1,21.4253051,66.78025807,-12.05151253,73.25731987,0,0,0,0.018831402,5.303829958,4.241780621,0,158.9758125
2,13,2,22.04015245,68.45369577,-12.05151253,75.37007716,0,0,0,0.019676475,5.456793587,4.369238098,0,163.658121
2,13,3,21.46576271,66.4945202,-12.05151253,73.85913357,0,0,0,0.019283775,5.34740127,4.22811851,0,159.3627075
2,13,4,21.55838151,66.14287899,-12.05151253,74.54243617,0,0,0,0.020047778,5.396872379,4.213690962,0,159.8227953
2,13,5,24.6275731,78.39799109,-12.05151253,83.35217843,0,0,0,0.020706242,6.034697718,5.067254677,0,185.4488887
2,13,6,24.70338263,80.19040743,-12.05151253,83.3979326,0,0,0,0.019340604,6.03801032,5.171314858,0,187.4688759
2,13,7,23.02565395,72.87176855,-12.05151253,79.00824499,0,0,0,0.018993608,5.720196938,4.670217185,0,173.2635627
2,13,8,5.957033805,7.608873849,-12.05151253,25.55440088,0,0,0,0.014262478,1.850138624,0.084351808,0,29.01754891
2,13,9,2.64326367,3.844483907,-12.05151253,11.53743099,0,0,0,0.008421927,0.835310004,-0.309901708,0,6.507496256
2,13,10,1.82332943,4.70294375,-12.05151253,8.19851154,0,0,0,0.005301983,0.593572235,-0.307755832,0,2.964390572
2,13,11,1.098783581,0.019458142,-12.05151253,5.469375626,0,0,0,0.004730921,0.395982795,-0.608983184,0,-5.672164653
2,13,12,0.527192843,2.44671E-09,-12.05151253,2.74893105,0,0,0,0.002190528,0.199022608,-0.641904607,0,-9.21608011
2,13,13,0.444259811,0.003384517,-12.05151253,2.540612604,0,0,0,0.004060992,0.183940353,-0.646335459,0,-9.521589717
2,13,14,0.348593402,1.74759E-09,-12.05151253,1.854419017,0,0,0,0.000832695,0.134259937,-0.651852596,0,-10.36526008
2,13,15,0.699648622,0.016786608,-12.05151253,3.578796384,0,0,0,0.004628917,0.259104858,-0.631363806,0,-8.123910951
2,13,16,4.641232112,3.821813737,-12.05151253,21.43127896,0,0,0,0.013893144,1.551624597,-0.199877594,0,19.20845242
2,13,17,26.85364735,86.22168401,-12.05151253,90.7466788,0,0,0,0.020916294,6.570059545,5.627026708,0,203.9885002
2,13,18,25.92886673,85.48318645,-12.05151253,85.93381057,0,0,0,0.018762168,6.221607885,5.534382114,0,197.0691034
2,13,19,24.61561785,79.48066185,-12.05151253,81.49462653,0,0,0,0.01817454,5.900210961,5.126893531,0,184.5846727
2,13,20,24.2976774,78.04258454,-12.05151253,80.52385553,0,0,0,0.017993007,5.82992714,5.029083342,0,181.6896084
2,13,21,21.20559132,67.89173339,-12.05151253,70.17957793,0,0,0,0.016844873,5.081001442,4.291451738,0,156.6146882
2,13,22,18.75126363,57.97537276,-12.05151253,63.49405359,0,0,0,0.017137736,4.59696948,3.602404399,0,136.3856891
2,13,23,19.46699775,56.43258388,-12.05151253,67.71840363,0,0,0,0.020339844,4.902812423,3.556337448,0,140.0459624
2,14,0,19.64746506,60.26577834,-12.05151253,66.35281321,0,0,0,0.017505484,4.803943676,3.779898409,0,142.8158916
2,14,1,19.27223573,59.2373628,-12.05151253,65.29713855,0,0,0,0.017300384,4.727512831,3.70171539,0,140.2017532
2,14,2,18.84422713,54.85532229,-12.05151253,65.36003376,0,0,0,0.01807272,4.732066444,3.433795655,0,135.1920055
2,14,3,20.15664884,60.98139349,-12.05151253,70.08714091,0,0,0,0.018364094,5.074309002,3.84811971,0,148.1144635
2,14,4,21.2055852,65.63882541,-12.05151253,71.17659257,0,0,0,0.017735756,5.153185302,4.165964423,0,155.3063761
2,14,5,20.99604703,64.16619635,-12.05151253,71.49645584,0,0,0,0.018903263,5.176343403,4.072267708,0,153.8747011
2,14,6,20.82144145,64.80943744,-12.05151253,70.90818856,0,0,0,0.017999284,5.133752852,4.098370706,0,153.7376778
2,14,7,20.07568807,60.39454711,-12.05151253,70.60902761,0,0,0,0.020079229,5.112093599,3.810922851,0,147.9708459
2,14,8,6.035924697,9.452171627,-12.05151253,25.6828477,0,0,0,0.013876509,1.859438174,0.191417717,0,31.18416389
2,14,9,4.161148719,6.283292652,-12.05151253,17.87581464,0,0,0,0.010360523,1.29420898,-0.089513864,0,17.48379912
2,14,10,3.13411107,4.416507865,-12.05151253,13.43011764,0,0,0,0.007711953,0.972340517,-0.250699774,0,9.658576736
2,14,11,1.748852854,1.568635688,-12.05151253,8.411609361,0,0,0,0.005002929,0.609000518,-0.486485136,0,-0.194896322
2,14,12,2.002717748,1.568165383,-12.05151253,9.653085001,0,0,0,0.007272043,0.698883354,-0.472371058,0,1.406239937
2,14,13,1.858620561,1.051982554,-12.05151253,9.174543158,0,0,0,0.007359856,0.664236925,-0.509148655,0,0.196081864
2,14,14,1.938742995,1.298960216,-12.05151253,9.377629699,0,0,0,0.007645333,0.67894039,-0.490929179,0,0.759476921
2,14,15,2.006454949,0.301954868,-12.05151253,9.621787527,0,0,0,0.00774624,0.696617417,-0.542690821,0,0.040357645
2,14,16,5.047093085,5.610822806,-12.05151253,22.80159986,0,0,0,0.013854535,1.65083583,-0.077623333,0,22.99507024
2,14,17,25.1352472,80.21875572,-12.05151253,89.40968403,0,0,0,0.020198633,6.473261124,5.196948715,0,194.4025829
2,14,18,24.40198992,78.24051502,-12.05151253,82.26778567,0,0,0,0.019155942,5.956187682,5.045918277,0,183.88004
2,14,19,22.67332917,71.36596691,-12.05151253,78.4103165,0,0,0,0.019091806,5.676906915,4.566719543,0,170.6608183
2,14,20,16.73413491,49.52026212,-12.05151253,63.11559824,0,0,0,0.019006885,4.569569313,3.019100667,0,124.9261596
2,14,21,22.84029142,70.76279594,-12.05151253,77.39129052,0,0,0,0.020911467,5.603129434,4.542422718,0,169.109329
2,14,22,22.13632621,69.9571311,-12.05151253,81.28800435,0,0,0,0.02203104,5.885251515,4.458336324,0,171.695568
2,14,23,27.81007038,92.56867261,-12.05151253,94.90891501,0,0,0,0.021322762,6.871405447,6.033826736,0,216.1627004
2,15,0,23.38605394,71.87835985,-12.05151253,79.93710827,0,0,0,0.021330808,5.787446639,4.6349586,0,173.5937456
2,15,1,23.08305457,72.10659203,-12.05151253,78.43212514,0,0,0,0.020317093,5.67848586,4.630794067,0,171.8998562
2,15,2,23.26202384,72.11684822,-12.05151253,78.36486043,0,0,0,0.020092331,5.673615895,4.641333926,0,172.0272621
2,15,3,26.80286151,87.26829603,-12.05151253,90.09995,0,0,0,0.019852139,6.52323638,5.682494227,0,204.3451778
2,15,4,25.43262943,82.00518466,-12.05151253,85.60947729,0,0,0,0.019447507,6.198126156,5.313016996,0,192.5263695
2,15,5,24.67402549,79.37749226,-12.05151253,83.43432494,0,0,0,0.02022427,6.040645125,5.12440029,0,186.6195998
2,15,6,25.51694488,83.07711397,-12.05151253,86.37481036,0,0,0,0.019517148,6.25353627,5.37741983,0,194.5678299
2,15,7,19.73229784,61.58335868,-12.05151253,67.01078728,0,0,0,0.016535178,4.851580999,3.85801282,0,145.0010603
2,15,8,4.083673719,8.065794164,-12.05151253,16.27586681,0,0,0,0.004903259,1.178372757,0.005456113,0,17.56255429
2,15,9,1.538403351,4.267187089,-12.05151253,6.608997699,0,0,0,0.001318421,0.478491433,-0.347897861,0,0.494987599
2,15,10,0.436466166,0.17869663,-12.05151253,2.373009899,0,0,0,0.000780872,0.171805917,-0.63700468,0,-9.527757732
2,15,11,0.404818206,0.019671506,-12.05151253,2.175043601,0,0,0,0.000576091,0.157473157,-0.647625171,0,-9.941555144
2,15,12,0.024257904,4.05422E-11,-12.05151253,0.351937559,0,0,0,0.000305399,0.025480279,-0.669918083,0,-12.31944948
2,15,13,0.024257904,4.05422E-11,-12.05151253,0.351937559,0,0,0,0.000305399,0.025480279,-0.669918083,0,-12.31944948
2,15,14,0.347784258,1.36447E-09,-12.05151253,1.890781797,0,0,0,0.002326947,0.136892602,-0.651897665,0,-10.32562459
2,15,15,0.136084797,6.43406E-10,-12.05151253,0.739309649,0,0,0,0.000102874,0.053526019,-0.663689325,0,-11.78617852
2,15,16,9.344412989,24.44881512,-12.05151253,36.46545712,0,0,0,0.013820169,2.640099096,1.211013558,0,62.07210552
2,15,17,24.39391644,74.02535587,-12.05151253,92.1092976,0,0,0,0.026578272,6.668713147,4.810684219,0,189.983033
2,15,18,22.31316445,69.231922,-12.05151253,76.56988642,0,0,0,0.020394314,5.543659777,4.427792067,0,166.0553065
2,15,19,22.67038517,70.77720567,-12.05151253,78.26237398,0,0,0,0.021064168,5.666195876,4.533761562,0,169.8794739
2,15,20,19.0427873,57.21152246,-12.05151253,69.18035319,0,0,0,0.021230947,5.008657571,3.576095806,0,141.9891347
2,15,21,23.88064821,76.22027219,-12.05151253,81.4811219,0,0,0,0.019686399,5.899233225,4.904352018,0,180.3538014
2,15,22,25.18613328,77.39734306,-12.05151253,93.80019745,0,0,0,0.025222836,6.791134295,5.042630384,0,196.1911488
2,15,23,28.3668351,92.40585814,-12.05151253,97.61544348,0,0,0,0.022473955,7.067358108,6.055769765,0,219.482226
2,16,0,27.44901738,89.68754031,-12.05151253,94.08504504,0,0,0,0.021783097,6.811757261,5.853237015,0,211.8568676
2,16,1,21.58096924,67.92959335,-12.05151253,77.88346724,0,0,0,0.021436913,5.638763028,4.314469088,0,165.3171863
2,16,2,25.82780395,83.91932586,-12.05151253,87.74529949,0,0,0,0.020397533,6.352759683,5.441645882,0,197.2557199
2,16,3,25.25986852,81.77446972,-12.05151253,85.70337834,0,0,0,0.020386448,6.204924592,5.290543392,0,192.2020585
2,16,4,27.669257,89.67410395,-12.05151253,95.01936343,0,0,0,0.021693469,6.879401912,5.864755957,0,213.0770632
2,16,5,24.49011857,75.99907047,-12.05151253,82.55721516,0,0,0,0.021440541,5.977142377,4.925978581,0,181.9194532
2,16,6,25.56833212,81.60938802,-12.05151253,87.2057818,0,0,0,0.021464861,6.313698602,5.298529764,0,193.9656826
2,16,7,19.46476382,60.29315045,-12.05151253,68.57717138,0,0,0,0.019048061,4.964987208,3.771246577,0,145.038855
2,16,8,6.647213206,13.74242324,-12.05151253,27.70838854,0,0,0,0.014016767,2.006087331,0.464433502,0,38.53105005
2,16,9,2.074530438,4.936800524,-12.05151253,8.913405446,0,0,0,0.004063428,0.645330554,-0.280738114,0,4.241879742
2,16,10,2.002104118,4.93712849,-12.05151253,8.536946129,0,0,0,0.003920405,0.6180749,-0.284753992,0,3.761907515
2,16,11,1.102370047,2.20636E-09,-12.05151253,5.495367384,0,0,0,0.004774205,0.397864599,-0.609867236,0,-5.661003534
2,16,12,0.538812439,6.09257E-10,-12.05151253,2.768768956,0,0,0,0.00085206,0.200458872,-0.641257395,0,-9.183877602
2,16,13,0.831075209,-2.16182E-09,-12.05151253,4.211196273,0,0,0,0.003674415,0.30489061,-0.624978359,0,-7.325654388
2,16,14,0.380449181,5.96975E-10,-12.05151253,2.034389752,0,0,0,0.000735932,0.147289818,-0.650078229,0,-10.13872608
2,16,15,0.662706803,-2.61112E-09,-12.05151253,3.350585169,0,0,0,0.003487309,0.242582366,-0.634356479,0,-8.42650737
2,16,16,6.826725061,14.64650775,-12.05151253,29.19575013,0,0,0,0.013854241,2.11377231,0.524789819,0,41.26988678
2,16,17,28.52666473,91.80861545,-12.05151253,100.3129655,0,0,0,0.023602356,7.262658703,6.031405858,0,221.9144001
2,16,18,23.79825336,72.52165077,-12.05151253,88.90794547,0,0,0,0.024892644,6.436935252,4.693749412,0,184.3319144
2,16,19,16.88573576,49.63686498,-12.05151253,62.50297381,0,0,0,0.01978656,4.525215304,3.034039613,0,124.5531035
2,16,20,23.89919588,75.84934069,-12.05151253,85.77195818,0,0,0,0.019853661,6.209889772,4.884724239,0,184.5834499
2,16,21,16.23031377,47.08929365,-12.05151253,60.45495385,0,0,0,0.019009344,4.376938659,2.855632885,0,118.9746296
2,16,22,19.97444824,62.00363159,-12.05151253,69.25762206,0,0,0,0.0186651,5.014251837,3.894909799,0,148.1120161
2,16,23,20.44395246,63.45006796,-12.05151253,70.50422485,0,0,0,0.018907767,5.104505879,4.001627689,0,151.4717741
2,17,0,24.25370864,78.83204904,-12.05151253,82.66807252,0,0,0,0.019896903,5.98516845,5.070607455,0,184.7779905
2,17,1,24.70899052,79.74289017,-12.05151253,84.38655439,0,0,0,0.021206986,6.109586538,5.146700507,0,188.0644166
2,17,2,23.6311744,75.51142445,-12.05151253,80.64671173,0,0,0,0.020417575,5.838821929,4.850973508,0,178.4480111
2,17,3,25.15131434,80.21360535,-12.05151253,84.36058053,0,0,0,0.020916292,6.10770603,5.197556778,0,189.0001668
2,17,4,25.09510874,79.69767941,-12.05151253,84.24650593,0,0,0,0.021771713,6.099447029,5.165689052,0,188.2746893
2,17,5,24.4258995,77.9166786,-12.05151253,82.28190838,0,0,0,0.021341531,5.957210167,5.029212352,0,183.580738
2,17,6,19.96134835,62.99257788,-12.05151253,75.20291162,0,0,0,0.02044259,5.444690801,3.949264443,0,155.5197231
2,17,7,10.54250162,28.61536654,-12.05151253,41.75227182,0,0,0,0.015687167,3.02286448,1.509824008,0,73.4070031
2,17,8,2.333689105,1.260852897,-12.05151253,10.97545233,0,0,0,0.008329795,0.794622749,-0.471053259,0,2.850381085
2,17,9,0.162698138,0.027165365,-12.05151253,0.744091893,0,0,0,0.000106369,0.053872253,-0.660693851,0,-11.72427237
2,17,10,0.232356208,1.96841E-09,-12.05151253,1.192094422,0,0,0,0.00052153,0.086307636,-0.658327007,0,-11.19855974
2,17,11,0.21637858,2.41841E-09,-12.05151253,1.16949222,0,0,0,0.000783353,0.084671237,-0.659216961,0,-11.2394041
2,17,12,0.254137613,-2.37836E-09,-12.05151253,1.40273782,0,0,0,0.002384,0.101558218,-0.657113783,0,-10.94780867
2,17,13,0.035770165,-4.18025E-10,-12.05151253,0.261776399,0,0,0,0.000545347,0.018952611,-0.66927685,0,-12.40374486
2,17,14,0,0,-12.05151253,0,0,0,0,0,0,-0.671269248,0,-12.72278178
2,17,15,0,0,-12.05151253,0,0,0,0,0,0,-0.671269248,0,-12.72278178
2,17,16,4.945440273,6.900898718,-12.05151253,22.03986573,0,0,0,0.012888026,1.595686279,-0.011428166,0,23.43183832
2,17,17,27.48713742,88.37808264,-12.05151253,93.36825188,0,0,0,0.021762428,6.759861436,5.782423509,0,209.7460068
2,17,18,28.53664513,90.73993466,-12.05151253,100.4073565,0,0,0,0.024472786,7.26949261,5.972436246,0,220.8988254
2,17,19,21.52385679,67.66223736,-12.05151253,75.73138973,0,0,0,0.020822454,5.482952616,4.296396196,0,162.6661426
2,17,20,15.4374356,43.38918928,-12.05151253,58.88552232,0,0,0,0.020816124,4.263311816,2.605373757,0,112.5501364
2,17,21,21.31427035,65.61893728,-12.05151253,73.30713543,0,0,0,0.020747998,5.307436605,4.170910417,0,157.6879255
2,17,22,21.06048735,65.18828279,-12.05151253,72.52715077,0,0,0,0.020283289,5.250965716,4.132787249,0,156.1284446
2,17,23,23.37445762,72.77047037,-12.05151253,81.75467788,0,0,0,0.021772583,5.919038678,4.684003241,0,176.4729078
2,18,0,22.94021762,71.64310694,-12.05151253,80.47410983,0,0,0,0.021734041,5.826325551,4.59702193,0,173.4510034
2,18,1,24.92271996,80.32805029,-12.05151253,85.85978794,0,0,0,0.022151917,6.216248647,5.191198655,0,190.4886449
2,18,2,25.22826698,81.10499403,-12.05151253,86.33767998,0,0,0,0.021885214,6.250848031,5.25149339,0,192.1436551
2,18,3,25.66340719,82.68386601,-12.05151253,86.82484686,0,0,0,0.021053554,6.286118913,5.363673869,0,194.7914539
2,18,4,24.89754148,79.62225927,-12.05151253,83.81166694,0,0,0,0.02056122,6.067964686,5.150483654,0,187.5189647
2,18,5,25.2219936,80.73387458,-12.05151253,84.89172151,0,0,0,0.020947078,6.146160637,5.23047261,0,190.1936575
2,18,6,25.89040285,83.66889137,-12.05151253,87.47601845,0,0,0,0.021243296,6.333263736,5.43118344,0,196.7694906
2,18,7,16.08004629,48.41964432,-12.05151253,57.37934643,0,0,0,0.01728571,4.154264682,2.921363519,0,116.9204384
2,18,8,7.351224336,17.18825314,-12.05151253,31.15806281,0,0,0,0.014359352,2.255843748,0.695579647,0,46.61181051
2,18,9,1.184588511,2.457585047,-12.05151253,5.769656987,0,0,0,0.006758862,0.417723166,-0.468400181,0,-2.683600143
2,18,10,0.505128453,0.026464398,-12.05151253,2.737895931,0,0,0,0.003552918,0.198223665,-0.641659526,0,-9.221906696
2,18,11,0.42506321,0.024340509,-12.05151253,2.299090033,0,0,0,0.003217753,0.166454118,-0.646237461,0,-9.779584372
2,18,12,0.407578095,0.025623533,-12.05151253,2.145073289,0,0,0,0.001462697,0.155303306,-0.647139917,0,-9.963611532
2,18,13,0.253380516,1.07458E-09,-12.05151253,1.524128075,0,0,0,0.001840362,0.110346873,-0.657155953,0,-10.81897266
2,18,14,0.182926547,-4.75144E-10,-12.05151253,1.015440956,0,0,0,0.000869033,0.073517925,-0.66108024,0,-11.43983831
2,18,15,1.028262771,0.008978112,-12.05151253,5.201042832,0,0,0,0.007267473,0.376555501,-0.613494931,0,-6.042900777
2,18,16,16.59115699,51.54731848,-12.05151253,58.46090716,0,0,0,0.016141592,4.232569678,3.124043836,0,121.9206252
2,18,17,27.02310939,87.11432086,-12.05151253,92.46745322,0,0,0,0.02160373,6.694643613,5.686185617,0,206.9558039
2,18,18,30.25259652,96.56237229,-12.05151253,118.1112578,0,0,0,0.024485955,8.551255062,6.392324514,0,247.8427796
2,18,19,28.48415039,91.20640568,-12.05151253,99.8221238,0,0,0,0.023161793,7.227121763,5.995494725,0,220.7069456
2,18,20,25.22418706,83.11372196,-12.05151253,85.43190858,0,0,0,0.021076272,6.185270181,5.363152284,0,193.2878038
2,18,21,25.48524863,83.53243861,-12.05151253,87.00834512,0,0,0,0.021076765,6.299404187,5.401015931,0,195.6960167
2,18,22,24.99056152,81.70841027,-12.05151253,84.74383129,0,0,0,0.019613705,6.135453386,5.27186348,0,190.8182211
2,18,23,25.20264679,80.31689188,-12.05151253,86.01707232,0,0,0,0.022445436,6.227636036,5.206169056,0,190.941349
2,19,0,20.04435982,60.8768427,-12.05151253,72.69325979,0,0,0,0.022037667,5.262992009,3.836041732,0,150.6840212
2,19,1,25.90481764,84.05666345,-12.05151253,88.59056733,0,0,0,0.02200555,6.413957075,5.453585249,0,198.3900838
2,19,2,25.23548979,81.54167966,-12.05151253,86.13042797,0,0,0,0.021360322,6.235842985,5.27621909,0,192.3895073
2,19,3,26.09375925,84.10909229,-12.05151253,87.97589743,0,0,0,0.021526859,6.369454974,5.467029582,0,197.9852478
2,19,4,25.71453156,82.8108679,-12.05151253,86.69675048,0,0,0,0.021242507,6.276844735,5.373595502,0,194.8423202
2,19,5,25.68470708,83.11771743,-12.05151253,86.43797809,0,0,0,0.020786922,6.258109614,5.389025797,0,194.8568124
2,19,6,26.86505341,88.63130766,-12.05151253,92.28927404,0,0,0,0.020558,6.68174344,5.761878063,0,208.1983021
2,19,7,20.00135355,61.00633397,-12.05151253,71.74019019,0,0,0,0.020251261,5.19398977,3.840858947,0,149.7514652
2,19,8,16.8217007,51.69847579,-12.05151253,58.49257847,0,0,0,0.016328935,4.234862682,3.145304582,0,122.3577386
2,19,9,14.16806316,42.89864252,-12.05151253,51.68162915,0,0,0,0.015461859,3.74174995,2.507346258,0,102.9613804
2,19,10,11.42040572,33.04650696,-12.05151253,44.11264477,0,0,0,0.015063524,3.193755481,1.805537788,0,81.54240171
2,19,11,4.871486427,2.646174229,-12.05151253,22.19014441,0,0,0,0.014632049,1.606566455,-0.25253555,0,19.02495549
2,19,12,4.930883659,2.867777335,-12.05151253,22.49064346,0,0,0,0.014837675,1.628322586,-0.236883831,0,19.64406835
2,19,13,4.468200624,1.5925532,-12.05151253,20.52110698,0,0,0,0.013978485,1.485728145,-0.33368526,0,15.69636964
2,19,14,7.067532868,14.85958188,-12.05151253,30.40133253,0,0,0,0.014720736,2.201056475,0.550071043,0,43.042783
2,19,15,11.47320429,32.83382454,-12.05151253,44.49636145,0,0,0,0.015367665,3.221536569,1.796632257,0,81.78541424
2,19,16,18.82618027,59.5108982,-12.05151253,65.70675183,0,0,0,0.017701501,4.757168833,3.692106022,0,140.4592941
2,19,17,26.60036419,86.820325,-12.05151253,91.14404338,0,0,0,0.021614817,6.598828741,5.64626314,0,204.7799267
2,19,18,23.66629585,71.46521687,-12.05151253,88.30350267,0,0,0,0.025867619,6.393173594,4.62755601,0,182.4301001
2,19,19,22.98865264,72.34676116,-12.05151253,78.64220087,0,0,0,0.021654327,5.693695343,4.638913301,0,172.2803651
2,19,20,22.83950927,72.03486252,-12.05151253,77.93744086,0,0,0,0.020974655,5.642670719,4.613233261,0,171.0371788
2,19,21,23.26098658,73.96081843,-12.05151253,78.56716226,0,0,0,0.020726058,5.688262548,4.743985291,0,174.1904286
2,19,22,23.11838936,73.68194972,-12.05151253,77.55795742,0,0,0,0.020237894,5.615196117,4.720509639,0,172.6627276
2,19,23,22.00143654,69.00034275,-12.05151253,74.95823515,0,0,0,0.020796982,5.426976225,4.397529858,0,163.753805
2,20,0,21.423255,66.40755611,-12.05151253,73.30980202,0,0,0,0.020748552,5.307629666,4.220906931,0,158.6383858
2,20,1,20.60330167,64.01741633,-12.05151253,70.78593762,0,0,0,0.019718923,5.124901884,4.042104745,0,152.5418686
2,20,2,20.82841331,64.80661824,-12.05151253,71.16508838,0,0,0,0.019250942,5.152352399,4.098602009,0,154.0188127
2,20,3,21.67595248,67.96781971,-12.05151253,73.02854216,0,0,0,0.018247288,5.287266452,4.321888863,0,160.2482044
2,20,4,22.62317318,70.81626083,-12.05151253,75.77997576,0,0,0,0.019359833,5.486470245,4.533307226,0,167.2070345
2,20,5,23.17034065,73.82524113,-12.05151253,77.35263439,0,0,0,0.018830535,5.60033073,4.731384657,0,172.6472496
2,20,6,22.79097424,72.93444767,-12.05151253,76.51977851,0,0,0,0.018312215,5.540031964,4.660636752,0,170.4126688
2,20,7,22.4164252,72.70261157,-12.05151253,78.02248424,0,0,0,0.019800177,5.648827859,4.6268611,0,171.3854976
2,20,8,18.84976241,59.39094996,-12.05151253,65.83284347,0,0,0,0.017276811,4.766297867,3.686738431,0,140.4923564
2,20,9,15.88749328,49.75046201,-12.05151253,56.12350816,0,0,0,0.0155042,4.063341991,2.984764861,0,116.773562
2,20,10,13.94349346,42.64589379,-12.05151253,50.94345731,0,0,0,0.015450945,3.688306309,2.480759622,0,101.6658489
2,20,11,14.9701285,46.60910276,-12.05151253,52.8990553,0,0,0,0.014851035,3.829891604,2.758693933,0,109.0302106
2,20,12,10.40814437,28.78434842,-12.05151253,40.63857492,0,0,0,0.014695639,2.942232824,1.5117526,0,72.24823624
2,20,13,14.65573825,45.57668532,-12.05151253,51.71610165,0,0,0,0.014149896,3.744245759,2.683676744,0,106.3390851
2,20,14,10.91044059,31.66974374,-12.05151253,42.26155697,0,0,0,0.014319387,3.059736724,1.700447019,0,77.56473189
2,20,15,9.171241154,23.84692742,-12.05151253,36.55519711,0,0,0,0.013962343,2.646596271,1.167842742,0,61.35025451
2,20,16,8.510578265,21.34184225,-12.05151253,35.3464833,0,0,0,0.015375386,2.559085391,0.991510574,0,56.71336263
2,20,17,25.34855632,83.67157974,-12.05151253,86.54342107,0,0,0,0.01957886,6.265743686,5.40115233,0,195.1985195
2,20,18,17.99787452,57.22441058,-12.05151253,66.76491791,0,0,0,0.019234002,4.833780057,3.518612032,0,138.3073166
2,20,19,17.15172504,52.22825068,-12.05151253,63.29143841,0,0,0,0.019202357,4.582300141,3.1931954,0,128.4145995
2,20,20,18.24863985,55.95698284,-12.05151253,66.49092919,0,0,0,0.01937984,4.813943273,3.461983936,0,136.9403464
2,20,21,23.56734353,75.97467574,-12.05151253,79.14218977,0,0,0,0.019169349,5.729894539,4.873221225,0,177.2549816
2,20,22,25.44870563,80.02983903,-12.05151253,87.13480904,0,0,0,0.021464242,6.308560175,5.20388569,0,192.0957513
2,20,23,24.25568116,75.95961059,-12.05151253,82.8713693,0,0,0,0.020977257,5.999887137,4.910722503,0,181.9667354
2,21,0,24.31029618,76.51195288,-12.05151253,81.97782192,0,0,0,0.020425342,5.935194307,4.944530024,0,181.6487081
2,21,1,25.70167075,82.97920682,-12.05151253,86.41795779,0,0,0,0.021383948,6.256660144,5.382255632,0,194.7076225
2,21,2,25.39069769,82.50544047,-12.05151253,84.96749128,0,0,0,0.01993331,6.151646369,5.338545647,0,192.3222422
2,21,3,24.83048532,80.77015139,-12.05151253,83.61933162,0,0,0,0.019606866,6.05403961,5.210686217,0,188.4527885
2,21,4,24.31534295,78.09345817,-12.05151253,81.91300424,0,0,0,0.020336224,5.930501507,5.032900974,0,183.2540315
2,21,5,26.78291357,87.42650333,-12.05151253,97.17316233,0,0,0,0.020656591,7.035336953,5.690195273,0,212.0772555
2,21,6,25.21613868,81.75359873,-12.05151253,84.00205609,0,0,0,0.018592513,6.081748861,5.286945126,0,190.3075675
2,21,7,24.23115975,78.14112934,-12.05151253,81.45924634,0,0,0,0.019869629,5.897649435,5.030867254,0,182.7284092
2,21,8,15.16217978,46.36109492,-12.05151253,54.24615547,0,0,0,0.016179672,3.927421656,2.755577153,0,110.4170961
2,21,9,9.240983052,22.34057898,-12.05151253,36.08413883,0,0,0,0.01523964,2.612491651,1.087823757,0,59.32974338
2,21,10,5.849045081,8.07596645,-12.05151253,25.805997,0,0,0,0.014871118,1.868354182,0.104353894,0,29.66707519
2,21,11,5.602775509,7.244980279,-12.05151253,24.8423674,0,0,0,0.014753203,1.7985874,0.044350749,0,27.49630201
2,21,12,5.585587495,6.912262178,-12.05151253,24.80768712,0,0,0,0.014804295,1.796076547,0.024860979,0,27.08976608
2,21,13,5.492141822,6.796451894,-12.05151253,24.40371172,0,0,0,0.014631048,1.766828728,0.013205422,0,26.4354581
2,21,14,5.529418814,6.778878704,-12.05151253,24.568621,0,0,0,0.014710066,1.77876816,0.014302924,0,26.63318713
2,21,15,5.520525787,6.797926865,-12.05151253,24.53869029,0,0,0,0.014776198,1.776601177,0.014868565,0,26.61187635
2,21,16,16.3078541,50.17747986,-12.05151253,57.01663458,0,0,0,0.016633541,4.128004343,3.031963853,0,118.6270577
2,21,17,26.97913922,86.70243322,-12.05151253,93.04849104,0,0,0,0.02279856,6.736710752,5.660794337,0,207.0988546
2,21,18,16.6624061,50.26991992,-12.05151253,62.25777068,0,0,0,0.02041786,4.507462597,3.056861311,0,124.7233259
2,21,19,17.22355807,51.21163777,-12.05151253,63.00374519,0,0,0,0.020236061,4.561471152,3.14057116,0,127.1097069
2,21,20,22.96231962,72.43397503,-12.05151253,77.63876817,0,0,0,0.020715911,5.621046815,4.642304364,0,171.2676174
2,21,21,22.72234373,72.12911741,-12.05151253,76.79262659,0,0,0,0.020267748,5.559786165,4.611957137,0,169.7845862
2,21,22,25.19497859,81.82225785,-12.05151253,85.10360809,0,0,0,0.019784596,6.161501225,5.289590822,0,191.5402086
2,21,23,24.02016652,76.22929725,-12.05151253,80.69177004,0,0,0,0.020422038,5.842084151,4.912625883,0,179.6648533
2,22,0,26.61694002,86.94251885,-12.05151253,91.07636416,0,0,0,0.021915041,6.593928766,5.653992611,0,204.8541469
2,22,1,19.924275,61.61305259,-12.05151253,72.69271904,0,0,0,0.021719564,5.262952859,3.870359898,0,151.3335664
2,22,2,25.83161602,83.43888592,-12.05151253,87.14062874,0,0,0,0.021561278,6.308981521,5.41509771,0,196.1052587
2,22,3,24.79069431,79.40880498,-12.05151253,84.37573535,0,0,0,0.021549846,6.10880324,5.132642862,0,187.7867181
2,22,4,24.62457215,78.86703207,-12.05151253,83.48975794,0,0,0,0.021768203,6.044658475,5.093213107,0,186.0894894
2,22,5,25.61229677,83.30392795,-12.05151253,86.74805316,0,0,0,0.021489304,6.280559049,5.395364469,0,195.3101782
2,22,6,21.93213284,69.47408232,-12.05151253,80.95073191,0,0,0,0.020587786,5.86083299,4.420056937,0,170.6069123
2,22,7,28.03693678,88.81787709,-12.05151253,104.5729815,0,0,0,0.02323292,7.571083863,5.837543884,0,222.8081435
2,22,8,17.17108805,51.46079921,-12.05151253,61.35285185,0,0,0,0.018216655,4.441946474,3.151526872,0,125.5449166
2,22,9,17.25722838,52.1007715,-12.05151253,60.85515195,0,0,0,0.018060315,4.405913001,3.191971345,0,125.777584
2,22,10,15.72704237,47.64111059,-12.05151253,55.91592119,0,0,0,0.016498128,4.048312694,2.858336872,0,114.1557093
2,22,11,9.965285161,24.99609859,-12.05151253,39.54250327,0,0,0,0.015581641,2.862877237,1.276079827,0,66.60691319
2,22,12,15.05069528,44.93007624,-12.05151253,53.79052101,0,0,0,0.015687259,3.894433721,2.669659726,0,108.2995607
2,22,13,11.63690984,33.26635278,-12.05151253,44.57775304,0,0,0,0.015245554,3.22742932,1.82984248,0,82.50202048
2,22,14,14.48809709,42.80678278,-12.05151253,52.41247398,0,0,0,0.016349268,3.794663116,2.520055561,0,103.9869093
2,22,15,8.678804086,20.50477855,-12.05151253,35.65304588,0,0,0,0.015131232,2.581280522,0.954256305,0,56.33578404
2,22,16,23.63707179,76.00365314,-12.05151253,79.84653757,0,0,0,0.019619248,5.78088932,4.87871913,0,178.1149777
2,22,17,28.8039379,91.61190942,-12.05151253,99.73315411,0,0,0,0.024678868,7.220680357,6.035893448,0,221.3787416
2,22,18,27.25692161,87.70848176,-12.05151253,96.71465127,0,0,0,0.022169157,7.002140752,5.73230372,0,212.3851557
2,22,19,23.69255762,76.72586608,-12.05151253,81.30783984,0,0,0,0.02046268,5.886687605,4.922036952,0,180.5039382
2,22,20,27.24132138,90.71409374,-12.05151253,92.26904465,0,0,0,0.020491958,6.680278833,5.898847374,0,210.7725654
2,22,21,26.65696681,84.72461656,-12.05151253,92.74805341,0,0,0,0.021770307,6.714959067,5.532684946,0,204.3475386
2,22,22,17.71400404,51.71082361,-12.05151253,65.87097294,0,0,0,0.020052505,4.769058441,3.195693652,0,131.2290927
2,22,23,23.2558041,72.28265628,-12.05151253,78.79254955,0,0,0,0.020762996,5.704580587,4.650222995,0,172.655064
2,23,0,22.33120974,71.01489575,-12.05151253,75.09296411,0,0,0,0.018734267,5.436730601,4.528108827,0,166.3711308
2,23,1,22.05958575,69.8695548,-12.05151253,74.66817749,0,0,0,0.0192028,5.40597605,4.44918388,0,164.4201682
2,23,2,22.35256174,71.22127247,-12.05151253,75.00026016,0,0,0,0.018447416,5.430018836,4.540793317,0,166.5118414
2,23,3,21.7367163,68.7492304,-12.05151253,73.59675278,0,0,0,0.018540808,5.328404901,4.368797983,0,161.7469306
2,23,4,22.26679538,70.43913538,-12.05151253,75.42114222,0,0,0,0.019470175,5.460490697,4.492451095,0,166.0479724
2,23,5,24.49442496,78.73789363,-12.05151253,81.74224433,0,0,0,0.019626745,5.91813849,5.078770897,0,183.9395865
2,23,6,24.32749956,78.65770978,-12.05151253,81.42965686,0,0,0,0.020589321,5.895507157,5.065006912,0,183.3444571
2,23,7,20.4793231,63.70267442,-12.05151253,70.7406345,0,0,0,0.019797054,5.121621938,4.017668014,0,152.0302065
2,23,8,16.70527698,52.74255847,-12.05151253,58.48756476,0,0,0,0.016213087,4.234499688,3.196975186,0,123.3315756
2,23,9,15.67043389,49.71370477,-12.05151253,54.64460445,0,0,0,0.014113245,3.956269362,2.970627275,0,114.9182405
2,23,10,14.4505619,44.75676444,-12.05151253,51.5098869,0,0,0,0.01438383,3.729315811,2.626578829,0,105.0359792
2,23,11,5.249631603,6.309707354,-12.05151253,23.40724153,0,0,0,0.013247017,1.694684286,-0.027414068,0,24.59558518
2,23,12,5.229041429,6.038400803,-12.05151253,23.43065247,0,0,0,0.013494495,1.696379239,-0.043672716,0,24.31278318
2,23,13,5.625468298,8.194487211,-12.05151253,24.84203634,0,0,0,0.013935271,1.798563431,0.098502274,0,28.52148029
2,23,14,6.381869536,11.66728347,-12.05151253,27.69703872,0,0,0,0.014018851,2.005265603,0.334068574,0,36.04803222
2,23,15,11.79392356,34.44906714,-12.05151253,44.12550079,0,0,0,0.014223968,3.194686257,1.904465334,0,83.43035452
2,23,16,18.50843478,57.7824125,-12.05151253,64.33846775,0,0,0,0.018018304,4.658105065,3.578130945,0,136.8320568
2,23,17,24.76373289,79.18072969,-12.05151253,84.88613891,0,0,0,0.020769456,6.145756457,5.118437317,0,188.0640522
2,23,18,25.83647581,83.05353027,-12.05151253,88.58580215,0,0,0,0.021148441,6.413612076,5.393904091,0,197.2529603
2,23,19,21.42227538,67.36450987,-12.05151253,72.96614068,0,0,0,0.020066535,5.282748586,4.27415469,0,159.2783832
2,23,20,25.37873087,83.13523328,-12.05151253,84.93336473,0,0,0,0.019794639,6.149175606,5.372958555,0,192.9377451
2,23,21,21.69350887,69.20703357,-12.05151253,72.57484357,0,0,0,0.017172262,5.254418674,4.391890966,0,161.0873554
2,23,22,19.61188512,61.82053072,-12.05151253,66.79456304,0,0,0,0.016834872,4.835926364,3.864516314,0,144.8927439
2,23,23,21.60040187,66.2170344,-12.05151253,74.01147594,0,0,0,0.020306828,5.358430858,4.220161952,0,159.3762993
2,24,0,22.53420604,71.26223292,-12.05151253,76.67536512,0,0,0,0.019500445,5.551296435,4.553192402,0,168.5442808
2,24,1,20.72713215,66.10927092,-12.05151253,70.34860151,0,0,0,0.0174401,5.093238749,4.165518402,0,154.4096893
2,24,2,20.57625437,65.63697177,-12.05151253,69.52898516,0,0,0,0.016915366,5.033898526,4.130807448,0,152.8723201
2,24,3,20.03295762,62.95708765,-12.05151253,68.49044696,0,0,0,0.017563511,4.95870836,3.951276273,0,148.3565278
2,24,4,17.68108356,54.81567531,-12.05151253,61.00643626,0,0,0,0.016449623,4.416865985,3.366800221,0,129.2517984
2,24,5,14.34511081,41.60290804,-12.05151253,51.40879985,0,0,0,0.0164413,3.721997109,2.445035402,0,101.48878
2,24,6,9.862662333,23.12595656,-12.05151253,39.46438717,0,0,0,0.017098096,2.857221631,1.166196824,0,64.44201008
2,24,7,8.300440136,18.76578556,-12.05151253,35.21058364,0,0,0,0.015653428,2.549246256,0.836319523,0,53.62651601
2,24,8,3.465052782,1.698174432,-12.05151253,16.49475614,0,0,0,0.011713321,1.194220344,-0.383677492,0,10.42872699
2,24,9,2.489102288,0.85329943,-12.05151253,12.10767214,0,0,0,0.009150302,0.876595463,-0.485097472,0,3.799209615
2,24,10,3.599996097,1.234121642,-12.05151253,16.70251885,0,0,0,0.009917217,1.209262365,-0.40200889,0,10.30229475
2,24,11,2.891813505,0.853299435,-12.05151253,14.024608,0,0,0,0.011137029,1.015381619,-0.462666457,0,6.282060593
2,24,12,3.116857035,1.024087322,-12.05151253,14.58865645,0,0,0,0.010291718,1.056218727,-0.440618647,0,7.303980074
2,24,13,3.178733555,2.278438372,-12.05151253,14.78787873,0,0,0,0.011616106,1.07064242,-0.367304772,0,8.908491877
2,24,14,1.866463932,0.003384522,-12.05151253,9.078680538,0,0,0,0.009129309,0.657296471,-0.567118689,0,-1.003676451
2,24,15,0.237911888,0.020244703,-12.05151253,1.449897706,0,0,0,0.001225355,0.104972594,-0.656889926,0,-10.89415021
2,24,16,2.006885691,0.000307685,-12.05151253,9.728509058,0,0,0,0.009659251,0.704344056,-0.559468577,0,-0.161275371
2,24,17,24.67819462,80.21081771,-12.05151253,83.0660426,0,0,0,0.019875914,6.013981484,5.171048739,0,187.1084485
2,24,18,27.02189526,91.25830612,-12.05151253,90.20299017,0,0,0,0.019613055,6.530696488,5.916937969,0,208.8989265
2,24,19,25.14106298,82.76557151,-12.05151253,82.4336709,0,0,0,0.017813574,5.968197773,5.339130293,0,189.6139345
2,24,20,26.33884534,88.82996418,-12.05151253,87.13636261,0,0,0,0.018029879,6.308672653,5.743633442,0,202.3239956
2,24,21,20.33273967,63.61633404,-12.05151253,69.64163694,0,0,0,0.018064598,5.042054515,4.004694157,0,150.6040114
2,24,22,17.7712608,53.50306128,-12.05151253,61.79479163,0,0,0,0.018234424,4.473942914,3.298710491,0,128.808489
2,24,23,17.68329957,53.37674725,-12.05151253,61.44811371,0,0,0,0.017713441,4.448843432,3.28677536,0,128.2099802
2,25,0,17.73233474,53.79475961,-12.05151253,61.54169563,0,0,0,0.017813849,4.455618764,3.312789907,0,128.8035
2,25,1,17.09564688,51.71594449,-12.05151253,59.54546747,0,0,0,0.01761377,4.311091845,3.161536391,0,123.7957883
2,25,2,22.17828717,72.5872502,-12.05151253,77.09178808,0,0,0,0.018633859,5.581445457,4.607171183,0,170.0130634
2,25,3,26.36245859,87.92175003,-12.05151253,88.85452448,0,0,0,0.018185279,6.433067573,5.694361172,0,203.2328346
2,25,4,26.45287624,88.1475558,-12.05151253,88.65097488,0,0,0,0.01843234,6.418330582,5.711974817,0,203.3486321
2,25,5,16.26454532,47.32292569,-12.05151253,57.79981564,0,0,0,0.017971243,4.184706652,2.870552887,0,116.4090049
2,25,6,15.92076381,45.72244031,-12.05151253,56.42692217,0,0,0,0.018009017,4.085309165,2.762257221,0,112.8841892
2,25,7,5.179430408,6.890263075,-12.05151253,23.12233085,0,0,0,0.014016872,1.674056753,0.001012679,0,24.8295981
2,25,8,0.381426133,1.353486013,-12.05151253,1.843566643,0,0,0,0.00080496,0.133474225,-0.574634642,0,-8.913389203
2,25,9,0.321216327,0.041804175,-12.05151253,1.735913556,0,0,0,0.000923823,0.125680141,-0.651049006,0,-10.47702352
2,25,10,0.179827023,1.39563E-09,-12.05151253,1.030734593,0,0,0,0.001379274,0.074625185,-0.661252883,0,-11.42619934
2,25,11,0.262365975,-2.48583E-11,-12.05151253,1.443681263,0,0,0,0.002327834,0.104522523,-0.656655463,0,-10.8952704
2,25,12,0.149989845,-1.75284E-09,-12.05151253,0.828536883,0,0,0,0.001726053,0.05998607,-0.662914814,0,-11.6741885
2,25,13,0.067796269,-7.92296E-10,-12.05151253,0.420690609,0,0,0,0.000876406,0.030458,-0.667492996,0,-12.19918425
2,25,14,0,0,-12.05151253,0,0,0,0,0,0,-0.671269248,0,-12.72278178
2,25,15,0,0,-12.05151253,0,0,0,0,0,0,-0.671269248,0,-12.72278178
2,25,16,1.878765951,0.74383735,-12.05151253,9.082347436,0,0,0,0.008295248,0.657561954,-0.525190244,0,-0.205894839
2,25,17,29.08077514,93.85655186,-12.05151253,99.23934672,0,0,0,0.023317487,7.184928703,6.176339866,0,223.5097472
2,25,18,23.65195265,75.81418472,-12.05151253,84.42179956,0,0,0,0.02219339,6.112138288,4.868994603,0,182.8397507
2,25,19,16.35407289,47.21165618,-12.05151253,62.91986737,0,0,0,0.021642607,4.555398398,2.869341861,0,121.8804668
2,25,20,17.36186317,50.96888062,-12.05151253,65.75289785,0,0,0,0.021810895,4.760509804,3.134753181,0,129.949203
2,25,21,24.21217465,77.49086756,-12.05151253,81.70734069,0,0,0,0.021220987,5.915611466,4.993590203,0,182.289293
2,25,22,24.20306276,76.639556,-12.05151253,82.17334039,0,0,0,0.021818996,5.949349844,4.945664617,0,181.8812801
2,25,23,24.88325797,79.05175624,-12.05151253,84.0791464,0,0,0,0.022181873,6.087330199,5.117911043,0,187.1900712
2,26,0,24.6719579,78.17368536,-12.05151253,83.37984677,0,0,0,0.022037897,6.036700906,5.057233082,0,185.2899494
2,26,1,24.50770631,77.20197605,-12.05151253,82.85495767,0,0,0,0.022208646,5.998698935,4.993960059,0,183.5279951
2,26,2,24.45060873,77.99973848,-12.05151253,82.24438394,0,0,0,0.020283563,5.954493398,5.035215091,0,183.6532107
2,26,3,24.54623241,78.38064613,-12.05151253,82.58872004,0,0,0,0.020446567,5.979423331,5.061757887,0,184.5257138
2,26,4,25.02653823,79.99808143,-12.05151253,84.36806291,0,0,0,0.021716224,6.108247755,5.178602067,0,188.6497361
2,26,5,25.85189435,82.90536282,-12.05151253,87.40229257,0,0,0,0.02200289,6.327925982,5.386509976,0,195.8444761
2,26,6,26.39056123,85.04313973,-12.05151253,89.27978444,0,0,0,0.021303539,6.463856393,5.535587895,0,200.6827207
2,26,7,16.39672569,49.07800949,-12.05151253,56.60488696,0,0,0,0.016264709,4.098193816,2.975673501,0,117.1182416
2,26,8,3.406204311,4.691227164,-12.05151253,15.31781444,0,0,0,0.010163685,1.109009765,-0.220242315,0,12.26266451
2,26,9,0.806359345,0.298727089,-12.05151253,4.085867592,0,0,0,0.00246854,0.295816814,-0.609715934,0,-7.171989087
2,26,10,0.43793791,-3.96848E-09,-12.05151253,2.402675898,0,0,0,0.004498313,0.173953735,-0.646876107,0,-9.679322788
2,26,11,0.169573377,-1.52827E-09,-12.05151253,1.00246592,0,0,0,0.001909811,0.072578533,-0.661824011,0,-11.46680891
2,26,12,0.188909513,-1.41536E-09,-12.05151253,1.095894826,0,0,0,0.002038821,0.079342785,-0.660746988,0,-11.34607358
2,26,13,0,0,-12.05151253,0,0,0,0,0,0,-0.671269248,0,-12.72278178
2,26,14,0,0,-12.05151253,0,0,0,0,0,0,-0.671269248,0,-12.72278178
2,26,15,0.25130727,-2.93688E-09,-12.05151253,1.3312761,0,0,0,0.002773387,0.09638439,-0.657271433,0,-11.02704282
2,26,16,6.413322211,10.22737477,-12.05151253,27.61192071,0,0,0,0.015317491,1.999103059,0.255617574,0,34.47114328
2,26,17,26.39952235,82.78238012,-12.05151253,95.15397078,0,0,0,0.023945001,6.889147484,5.410162719,0,204.6076159
2,26,18,15.70692076,45.07500658,-12.05151253,59.54398066,0,0,0,0.019722435,4.3109842,2.714284104,0,115.3193862
2,26,19,21.24408366,65.96508876,-12.05151253,73.87886237,0,0,0,0.020032381,5.348829636,4.186281656,0,158.5916659
2,26,20,22.94823303,72.62510595,-12.05151253,78.09014748,0,0,0,0.01984647,5.653726678,4.652165733,0,171.9377128
2,26,21,22.30040476,70.53646004,-12.05151253,75.43624747,0,0,0,0.019148633,5.461584316,4.499744121,0,166.2020768
2,26,22,28.6462875,91.87700944,-12.05151253,99.8866588,0,0,0,0.023236285,7.231794097,6.041878391,0,221.655352
2,26,23,22.58729887,70.25491095,-12.05151253,76.91746964,0,0,0,0.020338583,5.568824802,4.500041839,0,167.7973722
2,27,0,22.35381907,69.58017701,-12.05151253,76.21325482,0,0,0,0.019543555,5.517839649,4.449454333,0,166.0825759
2,27,1,21.78220851,68.47875399,-12.05151253,80.20592787,0,0,0,0.021772194,5.806909178,4.356266363,0,168.6003256
2,27,2,26.11802944,85.50263737,-12.05151253,89.30414018,0,0,0,0.020778644,6.465619749,5.546001893,0,200.9056947
2,27,3,26.61301252,86.36999154,-12.05151253,89.74379725,0,0,0,0.021932696,6.497450921,5.621884078,0,202.8165565
2,27,4,28.3469382,92.84016976,-12.05151253,96.86348015,0,0,0,0.021859073,7.012915963,6.078852666,0,219.1127033
2,27,5,23.51206526,76.11169074,-12.05151253,83.3772856,0,0,0,0.020862906,6.036515477,4.877773961,0,181.8846814
2,27,6,21.07015407,67.74454542,-12.05151253,72.34326889,0,0,0,0.018518241,5.237652668,4.275709513,0,158.6383363
2,27,7,15.83646694,48.94645521,-12.05151253,56.0317453,0,0,0,0.016274721,4.05669836,2.937139515,0,115.7732675
2,27,8,5.797568799,9.121994502,-12.05151253,24.93903861,0,0,0,0.013559564,1.805586396,0.159750428,0,29.78598577
2,27,9,4.489328038,4.926737777,-12.05151253,20.01376216,0,0,0,0.01206254,1.44899638,-0.146794382,0,18.69257998
2,27,10,5.649455454,10.689564,-12.05151253,23.80337017,0,0,0,0.011565401,1.723364,0.238814136,0,30.06462063
2,27,11,3.456539278,1.777619088,-12.05151253,16.21173466,0,0,0,0.011950621,1.173729589,-0.379726627,0,10.20033407
2,27,12,2.806982509,0.410028524,-12.05151253,13.40666426,0,0,0,0.011040557,0.970642493,-0.492081734,0,5.06176408
2,27,13,2.748122735,0.021902086,-12.05151253,13.11174349,0,0,0,0.011066547,0.949290229,-0.516978866,0,4.273633688
2,27,14,2.247408144,5.41232E-09,-12.05151253,10.84886565,0,0,0,0.010330428,0.785457873,-0.546088614,0,1.29446095
2,27,15,1.009210513,-4.35615E-09,-12.05151253,5.16252422,0,0,0,0.008488528,0.373766754,-0.615056223,0,-6.112578747
2,27,16,8.453557712,19.20387229,-12.05151253,34.75429778,0,0,0,0.015750924,2.516211159,0.869249603,0,53.76142693
2,27,17,28.92312719,91.94767656,-12.05151253,102.9504183,0,0,0,0.024363341,7.453610287,6.061234521,0,225.3089177
2,27,18,17.64990239,50.1351121,-12.05151253,68.52108566,0,0,0,0.020645136,4.960926602,3.104356059,0,132.3405154
2,27,19,22.92787634,72.39547314,-12.05151253,78.52110138,0,0,0,0.020265488,5.68492774,4.638241318,0,172.1363729
2,27,20,23.35398208,74.25107463,-12.05151253,79.70438289,0,0,0,0.020098783,5.770597321,4.765332411,0,175.8139556
2,27,21,23.39378369,75.29300256,-12.05151253,79.05223344,0,0,0,0.01960155,5.723381701,4.825584746,0,176.2560752
2,27,22,23.95548552,76.29376166,-12.05151253,80.73245346,0,0,0,0.020172486,5.845029631,4.91261382,0,179.708004
2,27,23,22.37044261,69.96660478,-12.05151253,76.0147297,0,0,0,0.020182935,5.50346643,4.471904292,0,166.2958182
2,28,0,22.86597264,71.93188322,-12.05151253,77.33252815,0,0,0,0.020759345,5.598875038,4.608971323,0,170.3074772
2,28,1,22.76745044,71.04626896,-12.05151253,77.13874063,0,0,0,0.021249604,5.584844822,4.554154922,0,169.0611968
2,28,2,23.27696803,72.91719447,-12.05151253,78.30844906,0,0,0,0.021042557,5.669531712,4.686745603,0,172.8284189
2,28,3,23.00064054,72.28925345,-12.05151253,77.33776567,0,0,0,0.020561401,5.599254235,4.636377847,0,170.8323406
2,28,4,24.10229967,76.35495049,-12.05151253,80.54294411,0,0,0,0.020789178,5.831309154,4.924199586,0,179.7249797
2,28,5,25.0792915,80.72934683,-12.05151253,83.99641903,0,0,0,0.021445196,6.081340738,5.222271907,0,189.0786027
2,28,6,24.26322915,78.90435178,-12.05151253,81.97254268,0,0,0,0.02026623,5.93481209,5.075165009,0,184.1188544
2,28,7,17.57162887,54.08707219,-12.05151253,61.97664768,0,0,0,0.017447678,4.487109292,3.320120401,0,129.4085136
2,28,8,4.111825744,6.700231897,-12.05151253,17.76696475,0,0,0,0.009496967,1.286328248,-0.069037638,0,17.75429744
2,28,9,1.983300283,3.34823442,-12.05151253,8.808814921,0,0,0,0.002570286,0.6377582,-0.374302765,0,2.354862811
2,28,10,1.525681045,2.557458657,-12.05151253,6.57025151,0,0,0,0.00213265,0.475686209,-0.443838367,0,-1.364140829
2,28,11,1.296817242,0.036316654,-12.05151253,6.204382149,0,0,0,0.00248579,0.449197268,-0.59701369,0,-4.659327123
2,28,12,1.073381324,0.027933564,-12.05151253,5.231017502,0,0,0,0.002276626,0.378725667,-0.609926009,0,-5.94810386
2,28,13,0.472856063,4.0409E-09,-12.05151253,2.449237636,0,0,0,0.001728867,0.177324805,-0.644931165,0,-9.595296325
2,28,14,0.332627082,-2.80129E-09,-12.05151253,1.806843385,0,0,0,0.003463048,0.130815461,-0.65274192,0,-10.43050548
2,28,15,0.226051195,-2.64173E-09,-12.05151253,1.205954918,0,0,0,0.002512311,0.087311136,-0.658678197,0,-11.18836117
2,28,16,7.457433588,15.96984434,-12.05151253,31.56065698,0,0,0,0.015171928,2.284991565,0.633630132,0,45.870216
2,28,17,28.57136153,90.93117582,-12.05151253,100.0847113,0,0,0,0.024313029,7.246133097,5.985022082,0,220.7912043
2,28,18,16.104,45.99479104,-12.05151253,60.5547288,0,0,0,0.019241252,4.384162365,2.787633413,0,117.7930443
2,28,19,21.08433845,65.4063286,-12.05151253,72.72905618,0,0,0,0.019377331,5.265583668,4.146260907,0,156.5994326
2,28,20,21.62020001,67.77124235,-12.05151253,74.490877,0,0,0,0.01905383,5.393139495,4.307834091,0,161.5508342
2,28,21,21.69871515,68.58228286,-12.05151253,74.1535716,0,0,0,0.018124637,5.368718584,4.357382341,0,162.1272826
2,28,22,28.58619566,90.5276621,-12.05151253,101.8004807,0,0,0,0.02488727,7.3703548,5.963372629,0,222.2214406
2,28,23,22.57444571,70.39095333,-12.05151253,77.78742714,0,0,0,0.020740508,5.631809725,4.506903479,0,168.8607674
3,1,0,23.48494027,78.26210093,-12.05151253,73.14482976,0,0,0,0.015065195,5.295685675,4.996040946,0,173.1471502
3,1,1,23.37407761,77.56075564,-12.05151253,72.00135253,0,0,0,0.014440183,5.212897924,4.950800964,0,171.0628123
3,1,2,21.29727887,69.82103543,-12.05151253,64.93222565,0,0,0,0.013986919,4.701093137,4.404020858,0,153.1181283
3,1,3,19.72733038,64.07321295,-12.05151253,61.18824161,0,0,0,0.013954536,4.430028692,3.996421015,0,141.3776767
3,1,4,20.42147945,65.84280442,-12.05151253,63.37616407,0,0,0,0.014318204,4.588434279,4.133651363,0,146.3253392
3,1,5,23.00790108,76.0986254,-12.05151253,70.29508472,0,0,0,0.014596985,5.089364134,4.848964277,0,167.3030241
3,1,6,20.62383461,67.00170642,-12.05151253,64.66255051,0,0,0,0.014708296,4.681568657,4.209473387,0,149.1423293
3,1,7,24.53576974,79.28993012,-12.05151253,75.85795687,0,0,0,0.017908541,5.492116077,5.111822234,0,178.2539911
3,1,8,16.75717112,52.79072712,-12.05151253,53.00265476,0,0,0,0.013456127,3.837392205,3.202548684,0,117.5524375
3,1,9,10.38048031,27.63696131,-12.05151253,34.70161051,0,0,0,0.011547447,2.512396601,1.44630225,0,64.63778589
3,1,10,5.541975612,7.29896405,-12.05151253,22.13848085,0,0,0,0.01220575,1.602826014,0.043971091,0,24.58691083
3,1,11,2.405160256,0.660369264,-12.05151253,10.86022783,0,0,0,0.010804114,0.786280495,-0.500519254,0,2.170810165
3,1,12,5.615571513,7.270560439,-12.05151253,23.64810099,0,0,0,0.013198477,1.712122512,0.046488302,0,26.2545297
3,1,13,4.712620068,4.368145087,-12.05151253,20.05161411,0,0,0,0.012726557,1.451736862,-0.165470629,0,18.37985952
3,1,14,4.449821689,2.948399467,-12.05151253,18.99143231,0,0,0,0.012631124,1.374979699,-0.25918833,0,15.46656343
3,1,15,12.69396443,36.82735288,-12.05151253,42.0453608,0,0,0,0.0120845,3.044084122,2.087068126,0,84.65840231
3,1,16,19.88288645,63.92690713,-12.05151253,62.62429274,0,0,0,0.014556182,4.533998794,3.996936254,0,142.928065
3,1,17,26.60917019,86.97270999,-12.05151253,85.35727849,0,0,0,0.020431123,6.179866963,5.655241478,0,198.7431857
3,1,18,20.94222211,65.45744219,-12.05151253,66.18448673,0,0,0,0.017653664,4.79175684,4.141192054,0,149.4832411
3,1,19,20.49016901,65.07522048,-12.05151253,66.44701204,0,0,0,0.01803752,4.810763672,4.094722947,0,148.8844131
3,1,20,19.12708987,59.10974282,-12.05151253,62.40542999,0,0,0,0.01763726,4.518153131,3.686522333,0,136.8130629
3,1,21,21.8321284,68.81291354,-12.05151253,68.40255134,0,0,0,0.017898493,4.952344717,4.377659588,0,156.3439835
3,1,22,26.23174376,85.5981831,-12.05151253,84.10638163,0,0,0,0.019683152,6.08930203,5.557657677,0,195.5514388
3,1,23,25.63284819,85.12158292,-12.05151253,79.63287236,0,0,0,0.018149541,5.765419959,5.497752565,0,189.617113
3,2,0,25.40561779,84.28952986,-12.05151253,79.16544548,0,0,0,0.017757782,5.731578253,5.438750476,0,187.9971671
3,2,1,24.70641602,82.44133205,-12.05151253,77.34240382,0,0,0,0.016206425,5.599590036,5.296860319,0,183.3512961
3,2,2,23.81893196,79.76423775,-12.05151253,74.06805779,0,0,0,0.015873621,5.362527384,5.098313305,0,176.0764293
3,2,3,24.63753724,81.69848736,-12.05151253,75.66599218,0,0,0,0.015279109,5.478217834,5.251647322,0,180.6956485
3,2,4,25.30358234,83.31371659,-12.05151253,78.44364003,0,0,0,0.01687883,5.679319538,5.378714302,0,186.0843391
3,2,5,25.25739074,82.42780868,-12.05151253,79.59598632,0,0,0,0.019423151,5.76274941,5.326796359,0,186.3386421
3,2,6,26.41818127,86.57989947,-12.05151253,84.15864244,0,0,0,0.019379055,6.093085713,5.622723849,0,196.8403993
3,2,7,21.31881851,67.75276049,-12.05151253,67.02197757,0,0,0,0.017239605,4.852391176,4.290017702,0,153.2016925
3,2,8,16.24864763,51.16218214,-12.05151253,52.76112631,0,0,0,0.014219271,3.819905545,3.08351397,0,115.0380823
3,2,9,10.15187799,26.5445621,-12.05151253,35.56558688,0,0,0,0.012191654,2.57494849,1.372722465,0,64.17037704
3,2,10,8.838979142,21.30380588,-12.05151253,32.65260885,0,0,0,0.014010917,2.36404888,1.007683878,0,54.12962501
3,2,11,6.011272612,9.08204156,-12.05151253,23.53957352,0,0,0,0.012667218,1.704265123,0.169428351,0,28.46773585
3,2,12,6.236353385,10.1688755,-12.05151253,23.95031061,0,0,0,0.012747554,1.734002488,0.242502,0,30.293279
3,2,13,6.292185008,9.545041637,-12.05151253,24.17182588,0,0,0,0.012867742,1.750040194,0.210864276,0,29.9313122
3,2,14,6.525910188,11.38149596,-12.05151253,24.87427673,0,0,0,0.012726189,1.800897635,0.326173274,0,32.86996744
3,2,15,9.351383637,23.0692556,-12.05151253,32.84776009,0,0,0,0.011856287,2.378177831,1.134560357,0,56.74148127
3,2,16,22.00359875,70.43487976,-12.05151253,68.06259709,0,0,0,0.015457494,4.92773203,4.477554005,0,157.8703066
3,2,17,25.6630074,83.09435173,-12.05151253,81.69816109,0,0,0,0.019862721,5.914946863,5.386515656,0,189.7253329
3,2,18,26.62926605,86.42597149,-12.05151253,85.4662474,0,0,0,0.020028043,6.187756311,5.625907483,0,198.3036642
3,2,19,19.81964457,57.07081226,-12.05151253,65.56777564,0,0,0,0.019307347,4.747106956,3.611529197,0,138.7846634
3,2,20,22.87450804,74.77732877,-12.05151253,71.42357126,0,0,0,0.015991753,5.171066559,4.767938062,0,166.9788919
3,2,21,19.81912631,63.17082558,-12.05151253,62.46134248,0,0,0,0.014435225,4.522201196,3.951271072,0,141.8876893
3,2,22,17.86037833,57.09516397,-12.05151253,57.49016693,0,0,0,0.014216917,4.162288086,3.503754458,0,128.0744562
3,2,23,18.52039495,57.57006612,-12.05151253,61.0948019,0,0,0,0.015182289,4.423263658,3.566969434,0,133.1391658
3,3,0,21.44780262,70.21293228,-12.05151253,69.86178315,0,0,0,0.015891109,5.0579931,4.434233686,0,158.9791234
3,3,1,24.08634006,79.98159151,-12.05151253,75.67397012,0,0,0,0.015574008,5.478795437,5.12531454,0,178.3100731
3,3,2,24.73474435,82.67921174,-12.05151253,76.71500359,0,0,0,0.015353389,5.55416626,5.311688106,0,182.9586549
3,3,3,23.8018106,78.87793198,-12.05151253,74.26924819,0,0,0,0.015499693,5.377093569,5.047992414,0,175.3380639
3,3,4,23.7208231,76.24910006,-12.05151253,74.75359191,0,0,0,0.017320431,5.412160054,4.897055472,0,172.9985385
3,3,5,23.82111106,76.1101307,-12.05151253,78.91532233,0,0,0,0.019518689,5.713469337,4.894900918,0,177.4229405
3,3,6,18.84728873,58.17982358,-12.05151253,60.91394654,0,0,0,0.017204845,4.41016973,3.619140908,0,133.9360618
3,3,7,11.5364091,31.7231293,-12.05151253,41.23817487,0,0,0,0.01581885,2.98564386,1.738287041,0,77.18595048
3,3,8,2.882851312,1.07744664,-12.05151253,12.95924661,0,0,0,0.011900079,0.938249454,-0.450680652,0,5.367500906
3,3,9,0.27833252,0.711370294,-12.05151253,1.291313687,0,0,0,0.000864015,0.093491111,-0.616142801,0,-10.29228371
3,3,10,0.138016519,2.19753E-09,-12.05151253,0.767170732,0,0,0,0.000661503,0.055543161,-0.663581728,0,-11.75370234
3,3,11,0,0,-12.05151253,0,0,0,0,0,0,-0.671269248,0,-12.72278178
3,3,12,0.099921619,-1.16773E-09,-12.05151253,0.546071014,0,0,0,0.001137605,0.039535541,-0.665703614,0,-12.03055037
3,3,13,0,0,-12.05151253,0,0,0,0,0,0,-0.671269248,0,-12.72278178
3,3,14,0.131018495,-1.53114E-09,-12.05151253,0.689784967,0,0,0,0.001436998,0.049940432,-0.663971518,0,-11.84330316
3,3,15,1.108738408,-6.1589E-09,-12.05151253,5.258842642,0,0,0,0.008360098,0.380740207,-0.609512519,0,-5.904343705
3,3,16,11.39085764,30.10703046,-12.05151253,42.41356583,0,0,0,0.017765084,3.070742166,1.640163119,0,76.58861177
3,3,17,25.16787723,79.9899409,-12.05151253,79.73943542,0,0,0,0.021119955,5.773135125,5.186021222,0,183.8260173
3,3,18,27.86891055,89.45495836,-12.05151253,87.88374274,0,0,0,0.02088291,6.362782975,5.86367025,0,205.4034353
3,3,19,28.10743725,90.83039639,-12.05151253,88.56163508,0,0,0,0.021061477,6.41186238,5.953568086,0,207.8344481
3,3,20,25.76914761,85.1237652,-12.05151253,79.26321963,0,0,0,0.017092022,5.738657101,5.505465996,0,189.365835
3,3,21,22.38541818,70.85291717,-12.05151253,69.52598605,0,0,0,0.017251477,5.03368139,4.522106031,0,160.2858478
3,3,22,21.73754774,70.08632529,-12.05151253,67.14521082,0,0,0,0.014659527,4.861313263,4.44332048,0,156.2368646
3,3,23,21.20617668,68.86900279,-12.05151253,65.09963314,0,0,0,0.014173387,4.713213439,4.345918248,0,152.1966051
3,4,0,17.30916432,54.71346235,-12.05151253,55.31114534,0,0,0,0.013239396,4.004526923,3.340391057,0,122.6404169
3,4,1,18.29977278,59.02132837,-12.05151253,57.39275182,0,0,0,0.013157568,4.155235232,3.635516086,0,130.4662493
3,4,2,24.12220469,80.97938754,-12.05151253,74.1495241,0,0,0,0.014265628,5.368425545,5.182889439,0,177.7651844
3,4,3,22.84099553,76.17958655,-12.05151253,69.79154975,0,0,0,0.01404605,5.052908202,4.844177174,0,166.6717507
3,4,4,21.81862812,71.82158436,-12.05151253,66.65776532,0,0,0,0.014000755,4.826022209,4.544490587,0,157.6309788
3,4,5,21.51908725,70.22190156,-12.05151253,66.24021655,0,0,0,0.014425892,4.795791678,4.438703829,0,155.1786142
3,4,6,17.14324766,54.18163788,-12.05151253,56.58620307,0,0,0,0.014213073,4.096841103,3.301526876,0,123.2721571
3,4,7,12.4783556,35.33495312,-12.05151253,43.9903819,0,0,0,0.013936717,3.18490365,1.991932047,0,84.9429505
3,4,8,0.95260221,0.645135755,-12.05151253,4.641120427,0,0,0,0.006024524,0.336017119,-0.582275244,0,-6.052887744
3,4,9,0.275173485,0.151671008,-12.05151253,1.498940823,0,0,0,0.000491737,0.108523316,-0.64749401,0,-10.66420618
3,4,10,0.617108107,0.025568645,-12.05151253,2.950004939,0,0,0,0.001226656,0.213580358,-0.635472153,0,-8.879495982
3,4,11,0.215851197,-1.65773E-09,-12.05151253,1.221298932,0,0,0,0.002082404,0.088422043,-0.659246337,0,-11.1831043
3,4,12,0.427266407,4.29572E-09,-12.05151253,2.074748936,0,0,0,0.002556077,0.150211823,-0.647470509,0,-10.0441998
3,4,13,0.20184606,-1.74375E-09,-12.05151253,1.092981665,0,0,0,0.002075244,0.079131873,-0.660026423,0,-11.33550412
3,4,14,0.176117674,-2.05819E-09,-12.05151253,0.898210448,0,0,0,0.001871201,0.065030436,-0.661459494,0,-11.57174227
3,4,15,0.773603359,0.017437293,-12.05151253,3.675957361,0,0,0,0.003634541,0.266139313,-0.627208284,0,-7.941948951
3,4,16,6.277580047,8.329205983,-12.05151253,25.90092715,0,0,0,0.014608917,1.875227126,0.142328734,0,30.48836542
3,4,17,21.93556629,70.07706235,-12.05151253,67.50587477,0,0,0,0.016781973,4.887425334,4.453834167,0,156.8250324
3,4,18,20.9426965,66.91270551,-12.05151253,65.32338896,0,0,0,0.015323875,4.729413361,4.222276644,0,150.0942923
3,4,19,20.20777076,64.77125014,-12.05151253,63.7064092,0,0,0,0.01486709,4.612344026,4.062062216,0,145.3231909
3,4,20,20.06715902,63.83455326,-12.05151253,63.22988273,0,0,0,0.01466591,4.577843509,4.002056126,0,143.674648
3,4,21,17.57601414,54.70242798,-12.05151253,57.57186611,0,0,0,0.014626896,4.168203107,3.354639977,0,125.3362657
3,4,22,19.47206175,63.03078218,-12.05151253,62.6367926,0,0,0,0.014913511,4.534903784,3.924139158,0,141.5620804
3,4,23,19.85216042,63.9612294,-12.05151253,64.19274016,0,0,0,0.014822463,4.647554387,3.997136565,0,144.6141309
3,5,0,19.60421182,64.08151434,-12.05151253,63.24488401,0,0,0,0.014331796,4.578929602,3.990025699,0,143.4623847
3,5,1,21.20511246,71.446056,-12.05151253,67.17950392,0,0,0,0.013942498,4.863796084,4.489400836,0,157.1462993
3,5,2,23.4824817,79.07777925,-12.05151253,71.81504086,0,0,0,0.014074277,5.199408959,5.041337287,0,172.5786098
3,5,3,21.83328216,72.45959409,-12.05151253,66.65116336,0,0,0,0.013782392,4.825544227,4.580843959,0,158.3126976
3,5,4,22.32732776,73.88025467,-12.05151253,68.89942465,0,0,0,0.014312044,4.988318344,4.687493093,0,162.745618
3,5,5,20.65098014,66.24950618,-12.05151253,64.7056157,0,0,0,0.014522744,4.684686577,4.16908784,0,148.4228867
3,5,6,20.55882599,65.22677879,-12.05151253,64.98254871,0,0,0,0.01469603,4.704736527,4.106988938,0,147.5430625
3,5,7,18.54219,59.31886176,-12.05151253,59.79304704,0,0,0,0.014543876,4.329016606,3.665591335,0,133.6117381
3,5,8,11.99114381,33.1050696,-12.05151253,40.28142659,0,0,0,0.012675535,2.916375285,1.840589839,0,78.09576813
3,5,9,4.646660196,4.894519416,-12.05151253,19.55919199,0,0,0,0.011763963,1.4160855,-0.139825544,0,18.33688298
3,5,10,3.444528184,1.470542539,-12.05151253,15.18759047,0,0,0,0.012393938,1.09958155,-0.397499809,0,8.765624339
3,5,11,2.840947349,1.795254087,-12.05151253,12.48951621,0,0,0,0.009617134,0.904240973,-0.413032828,0,5.575030387
3,5,12,1.711911113,0.071274397,-12.05151253,7.679144637,0,0,0,0.005988449,0.555970072,-0.571945815,0,-2.599169683
3,5,13,1.313739716,-4.67859E-09,-12.05151253,6.088738541,0,0,0,0.006854589,0.44082467,-0.598093946,0,-4.79944897
3,5,14,0.840891907,-4.8995E-09,-12.05151253,4.051157521,0,0,0,0.0065134,0.293303804,-0.624431569,0,-7.484077476
3,5,15,1.918496295,4.3418E-10,-12.05151253,8.825026466,0,0,0,0.011098199,0.638931916,-0.564409005,0,-1.222368663
3,5,16,16.03306292,48.29061111,-12.05151253,53.40915236,0,0,0,0.015915026,3.866822631,2.911559395,0,112.4756109
3,5,17,27.12845566,87.61036909,-12.05151253,85.36972884,0,0,0,0.020298093,6.180768368,5.71968329,0,199.9777908
3,5,18,29.39203779,94.56732546,-12.05151253,94.12171651,0,0,0,0.023422334,6.814412275,6.233267285,0,219.1006691
3,5,19,26.78832483,84.03817671,-12.05151253,87.45165466,0,0,0,0.024140844,6.331499798,5.501766887,0,198.0840512
3,5,20,21.37403257,69.56571202,-12.05151253,67.51842485,0,0,0,0.015796065,4.888333959,4.394074525,0,155.7048615
3,5,21,21.74789046,70.56888766,-12.05151253,67.64253504,0,0,0,0.015513987,4.897319537,4.470775293,0,157.2914094
3,5,22,21.89067122,71.33711585,-12.05151253,69.0074511,0,0,0,0.015619356,4.99613946,4.521518492,0,159.7170029
3,5,23,20.31023687,64.37587169,-12.05151253,65.81931452,0,0,0,0.01744634,4.765318371,4.045746999,0,147.2824223
3,6,0,19.4353633,62.07909717,-12.05151253,63.25505022,0,0,0,0.016753063,4.579665636,3.8690862,0,141.1835031
3,6,1,18.21583566,56.91557968,-12.05151253,59.75928164,0,0,0,0.016804269,4.326571991,3.513550587,0,130.6961113
3,6,2,17.62641003,56.57119271,-12.05151253,57.26848244,0,0,0,0.015346208,4.146238129,3.461537225,0,127.0376942
3,6,3,18.31335278,58.21061264,-12.05151253,59.30957259,0,0,0,0.015454587,4.294013056,3.591115626,0,131.6826087
3,6,4,18.25730304,58.2881781,-12.05151253,59.48627716,0,0,0,0.014310979,4.306806466,3.592314051,0,131.8936773
3,6,5,18.24371371,56.82664304,-12.05151253,59.51056084,0,0,0,0.014512557,4.308564605,3.510149622,0,130.3626318
3,6,6,17.55914689,52.48083751,-12.05151253,59.00209793,0,0,0,0.019381678,4.27175189,3.229957883,0,124.5116612
3,6,7,15.87800727,47.91438647,-12.05151253,54.04798872,0,0,0,0.017151067,3.913074383,2.881967083,0,112.6010625
3,6,8,12.66076156,35.46593348,-12.05151253,43.48378805,0,0,0,0.01602642,3.148226255,2.009387666,0,84.7326109
3,6,9,5.11302951,6.612907707,-12.05151253,20.40146317,0,0,0,0.011719993,1.477065933,-0.018134545,0,21.54653923
3,6,10,3.634348876,3.223623403,-12.05151253,15.77754822,0,0,0,0.010391664,1.142294491,-0.289280192,0,11.44741392
3,6,11,3.936342312,2.394526212,-12.05151253,17.20632351,0,0,0,0.011872607,1.245737822,-0.318639871,0,12.42465006
3,6,12,3.240507583,0.859362318,-12.05151253,14.16556142,0,0,0,0.010778222,1.025586647,-0.442906495,0,6.807377163
3,6,13,2.792948726,0.396835175,-12.05151253,12.37840593,0,0,0,0.011204893,0.896196589,-0.493598285,0,3.930480491
3,6,14,1.553569934,-5.33692E-10,-12.05151253,7.22476586,0,0,0,0.00924625,0.523073048,-0.584735403,0,-3.325592846
3,6,15,2.354320348,0.040617225,-12.05151253,10.52182323,0,0,0,0.009971311,0.761780002,-0.537871225,0,1.099128361
3,6,16,10.01154694,26.38141367,-12.05151253,37.05889445,0,0,0,0.014963591,2.683063958,1.355818658,0,65.45418873
3,6,17,20.63940714,65.3855191,-12.05151253,66.16818739,0,0,0,0.016856969,4.790576767,4.120319143,0,149.069354
3,6,18,23.69038774,76.91620857,-12.05151253,72.44295558,0,0,0,0.015171911,5.244869984,4.932518166,0,171.1905994
3,6,19,17.93797996,53.77009616,-12.05151253,58.11600713,0,0,0,0.018714453,4.207598917,3.322870592,0,125.3217547
3,6,20,17.49413176,53.36820992,-12.05151253,57.33621094,0,0,0,0.016909626,4.151141672,3.275763184,0,123.5908546
3,6,21,20.07003136,64.20886776,-12.05151253,64.83273558,0,0,0,0.016550122,4.693890056,4.023065433,0,145.7936278
3,6,22,16.67075158,52.34087819,-12.05151253,54.92267385,0,0,0,0.013842166,3.976401586,3.17267853,0,119.0457134
3,6,23,16.49541434,52.68007876,-12.05151253,54.00653516,0,0,0,0.013163157,3.910073146,3.181805717,0,118.2355577
3,7,0,15.76611367,48.96578996,-12.05151253,52.50262942,0,0,0,0.013522627,3.80119037,2.934297784,0,111.9320313
3,7,1,15.41128458,49.4197984,-12.05151253,50.73155816,0,0,0,0.013045402,3.672964811,2.939822074,0,110.1369609
3,7,2,15.8109472,50.62283716,-12.05151253,52.03919132,0,0,0,0.012544608,3.767637451,3.029092541,0,113.2307377
3,7,3,21.02386154,68.90132465,-12.05151253,64.59614607,0,0,0,0.012930158,4.676760976,4.337563623,0,151.4970745
3,7,4,21.67684753,70.47151103,-12.05151253,66.24255988,0,0,0,0.013285256,4.795961336,4.461394324,0,155.6100468
3,7,5,16.34633147,50.1863653,-12.05151253,53.40906336,0,0,0,0.013440483,3.866816187,3.034601962,0,114.8051062
3,7,6,13.75709449,36.99029608,-12.05151253,46.96829738,0,0,0,0.018012055,3.40050473,2.155360406,0,91.2380526
3,7,7,6.00682171,9.322327594,-12.05151253,24.32095552,0,0,0,0.01372975,1.76083718,0.182564368,0,29.55572359
3,7,8,1.390724712,1.879250576,-12.05151253,6.047950034,0,0,0,0.005791342,0.437871582,-0.489131625,0,-2.779055912
3,7,9,1.712405176,6.576614016,-12.05151253,6.648168585,0,0,0,0.002761857,0.481327406,-0.209570879,0,3.160193625
3,7,10,1.524406498,3.903856044,-12.05151253,6.772106887,0,0,0,0.005564079,0.490300539,-0.368915025,0,0.275806487
3,7,11,1.349744448,0.958436371,-12.05151253,6.189124694,0,0,0,0.005680439,0.448092628,-0.542703577,0,-3.643137531
3,7,12,0.795779362,0.108880816,-12.05151253,3.983578714,0,0,0,0.005703376,0.288411099,-0.620879676,0,-7.490038844
3,7,13,0.581391515,-6.17928E-09,-12.05151253,2.847047841,0,0,0,0.00572941,0.206126264,-0.638885741,0,-9.050103253
3,7,14,0.571218644,-5.21593E-09,-12.05151253,2.794191514,0,0,0,0.005466988,0.202299466,-0.63945237,0,-9.117788299
3,7,15,0.6826291,-4.82786E-09,-12.05151253,3.297381052,0,0,0,0.006210433,0.238730388,-0.633246808,0,-8.459808373
3,7,16,6.494420221,9.666084413,-12.05151253,26.62199179,0,0,0,0.014572501,1.927432206,0.22887086,0,32.90185946
3,7,17,25.17054884,82.21728795,-12.05151253,78.68800654,0,0,0,0.018628707,5.697011674,5.310233261,0,185.0502044
3,7,18,20.66226636,66.11946649,-12.05151253,65.05211343,0,0,0,0.015086866,4.709773012,4.162473271,0,148.6696669
3,7,19,18.62839195,56.48261321,-12.05151253,60.23002104,0,0,0,0.01667327,4.360653523,3.51241374,0,131.1792542
3,7,20,20.89571935,66.85433554,-12.05151253,65.76664462,0,0,0,0.015378647,4.76150507,4.216408809,0,150.4584795
3,7,21,18.32413458,56.13144973,-12.05151253,58.87242555,0,0,0,0.014802801,4.26236361,3.475906798,0,129.0295705
3,7,22,19.17880845,57.26933566,-12.05151253,62.85634582,0,0,0,0.017845853,4.550799437,3.586892379,0,135.4085151
3,7,23,19.08444205,58.83684399,-12.05151253,62.15707369,0,0,0,0.016513285,4.500172135,3.668946384,0,136.212479
3,8,0,16.95273371,55.11099796,-12.05151253,55.20349214,0,0,0,0.014433511,3.996732831,3.342680606,0,122.5695582
3,8,1,16.74590046,57.04418352,-12.05151253,53.78866687,0,0,0,0.013084483,3.894299481,3.43883843,0,122.8734607
3,8,2,16.21907518,54.23701959,-12.05151253,52.37628436,0,0,0,0.012384993,3.792042988,3.25313523,0,117.8384298
3,8,3,16.70769793,54.44645296,-12.05151253,53.27529583,0,0,0,0.012523151,3.857131418,3.292016956,0,119.5396057
3,8,4,18.14689081,57.90519497,-12.05151253,58.01832195,0,0,0,0.013269416,4.200526509,3.56483193,0,129.797523
3,8,5,17.682479,56.1778444,-12.05151253,56.76225005,0,0,0,0.01301699,4.109586903,3.442750765,0,126.1364156
3,8,6,16.97132303,52.44676117,-12.05151253,54.83773523,0,0,0,0.014189166,3.970252031,3.195318042,0,119.3840661
3,8,7,2.453832624,0.370058715,-12.05151253,11.46708384,0,0,0,0.01195847,0.83021687,-0.513978501,0,2.567659487
3,8,8,0.317706531,0.048311361,-12.05151253,1.561386497,0,0,0,0.000577201,0.113044382,-0.650882052,0,-10.66136861
3,8,9,0.20418715,2.59615E-09,-12.05151253,1.136532738,0,0,0,0.000976452,0.08228497,-0.659896024,0,-11.28742725
3,8,10,0.095805954,1.54566E-09,-12.05151253,0.504449714,0,0,0,0.000479406,0.036522159,-0.665932856,0,-12.08018816
3,8,11,0.117938618,1.90273E-09,-12.05151253,0.602475679,0,0,0,0.000572565,0.043619239,-0.664700067,0,-11.9516065
3,8,12,0.134020596,-1.56622E-09,-12.05151253,0.703659151,0,0,0,0.001465901,0.050944923,-0.663804301,0,-11.82522627
3,8,13,0,0,-12.05151253,0,0,0,0,0,0,-0.671269248,0,-12.72278178
3,8,14,0,0,-12.05151253,0,0,0,0,0,0,-0.671269248,0,-12.72278178
3,8,15,0.190073742,-2.22128E-09,-12.05151253,0.962708301,0,0,0,0.002005566,0.069700081,-0.660682141,0,-11.48770699
3,8,16,4.874742479,2.738154004,-12.05151253,20.91906058,0,0,0,0.015266422,1.514539986,-0.247230914,0,17.76302002
3,8,17,25.81878815,83.28607834,-12.05151253,81.3352369,0,0,0,0.019857269,5.888671152,5.405871815,0,189.7029911
3,8,18,22.55958157,73.33460326,-12.05151253,70.46595314,0,0,0,0.015490357,5.101735007,4.670036847,0,164.0958876
3,8,19,17.90793297,55.32097177,-12.05151253,59.30860807,0,0,0,0.016715049,4.293943225,3.407580746,0,128.2042393
3,8,20,25.11584591,80.91403274,-12.05151253,79.10681642,0,0,0,0.019452674,5.727333509,5.234594993,0,184.0665637
3,8,21,17.99200579,56.26578268,-12.05151253,59.01363928,0,0,0,0.015111876,4.272587484,3.464889569,0,128.9725041
3,8,22,16.87719442,51.7500776,-12.05151253,55.55781421,0,0,0,0.015721347,4.022385749,3.151269803,0,119.3229506
3,8,23,16.00453391,49.07388807,-12.05151253,53.09400177,0,0,0,0.014969446,3.844005728,2.953598856,0,112.9334852
3,9,0,18.36475389,55.13512244,-12.05151253,62.14449606,0,0,0,0.017145631,4.499261515,3.422673863,0,131.5319409
3,9,1,21.50374667,70.17682926,-12.05151253,70.68572424,0,0,0,0.016997003,5.117646435,4.435338831,0,159.8847699
3,9,2,25.5603131,85.71936805,-12.05151253,79.00244681,0,0,0,0.01599603,5.719777149,5.527008992,0,189.4933976
3,9,3,23.80352322,77.99889746,-12.05151253,73.71590227,0,0,0,0.016145021,5.337031325,4.999125584,0,173.8191124
3,9,4,24.56934425,80.12780832,-12.05151253,76.53292814,0,0,0,0.016903939,5.540983997,5.16036215,0,179.8968183
3,9,5,19.52078562,60.68775774,-12.05151253,62.8908208,0,0,0,0.018082289,4.553295426,3.796346617,0,139.415576
3,9,6,18.49605834,58.8697804,-12.05151253,59.50663781,0,0,0,0.015451127,4.308280578,3.63800797,0,132.7827037
3,9,7,18.10370285,57.60368293,-12.05151253,57.75985097,0,0,0,0.015072626,4.18181321,3.54563214,0,129.1582422
3,9,8,9.932984358,26.17567303,-12.05151253,36.84325316,0,0,0,0.01541071,2.667451529,1.339982968,0,64.92324322
3,9,9,3.721492913,1.58878402,-12.05151253,16.04182208,0,0,0,0.010238392,1.161427919,-0.375486823,0,10.09676597
3,9,10,2.992620331,0.047843768,-12.05151253,13.15890213,0,0,0,0.009701437,0.952704514,-0.501915398,0,4.608344248
3,9,11,2.72059892,0.037677101,-12.05151253,12.08040579,0,0,0,0.009694763,0.874621379,-0.517633274,0,3.153852146
3,9,12,2.756969372,0.308336436,-12.05151253,12.06216207,0,0,0,0.007772192,0.873300534,-0.500531715,0,3.45649636
3,9,13,1.797325728,-1.44733E-09,-12.05151253,8.192017555,0,0,0,0.009070466,0.593102071,-0.571158205,0,-2.031154921
3,9,14,1.531275403,-1.87963E-09,-12.05151253,7.060693132,0,0,0,0.00877272,0.511194183,-0.585977208,0,-3.525554307
3,9,15,3.518947804,0.086841424,-12.05151253,15.43451355,0,0,0,0.013114589,1.117458781,-0.470426788,0,7.648936826
3,9,16,11.89835811,32.97144878,-12.05151253,43.51469392,0,0,0,0.01648123,3.15046384,1.827978996,0,81.32791235
3,9,17,26.51552226,85.93826395,-12.05151253,83.91381454,0,0,0,0.018744866,6.075360173,5.592406644,0,196.0025999
3,9,18,21.61386697,69.37348693,-12.05151253,67.03894233,0,0,0,0.016513937,4.853619425,4.396726365,0,155.2416434
3,9,19,18.02251346,56.23261332,-12.05151253,59.11594757,0,0,0,0.016626308,4.279994604,3.464741313,0,129.080924
3,9,20,17.77429987,56.1878492,-12.05151253,57.85894988,0,0,0,0.01488795,4.188987971,3.448422455,0,127.4218848
3,9,21,17.30661833,54.08562741,-12.05151253,55.80706515,0,0,0,0.013906119,4.040431517,3.305278839,0,122.5074148
3,9,22,16.88825981,52.01055564,-12.05151253,55.78189598,0,0,0,0.017771571,4.038609269,3.166394773,0,119.8519745
3,9,23,17.37549664,54.751584,-12.05151253,56.47449687,0,0,0,0.014152296,4.088753574,3.346209143,0,123.99918
3,10,0,17.53988723,55.12094475,-12.05151253,56.67861661,0,0,0,0.014092572,4.103531842,3.375939093,0,124.7814996
3,10,1,17.82373242,55.87854989,-12.05151253,58.51461759,0,0,0,0.015116797,4.236458314,3.433947876,0,127.8509103
3,10,2,17.74051121,55.86807853,-12.05151253,57.66556707,0,0,0,0.014614012,4.174987056,3.4287292,0,126.8409746
3,10,3,17.80715981,55.8249929,-12.05151253,58.21338144,0,0,0,0.014948549,4.214648816,3.430041658,0,127.4536606
3,10,4,18.54427222,58.16745188,-12.05151253,60.28176797,0,0,0,0.014816999,4.364400001,3.601573784,0,132.9227703
3,10,5,19.20182968,60.7781276,-12.05151253,61.22894755,0,0,0,0.014836972,4.432975803,3.783614372,0,137.3888194
3,10,6,18.18277923,57.29298706,-12.05151253,58.51621784,0,0,0,0.014544063,4.236574172,3.532730934,0,129.7243208
3,10,7,6.945272141,11.64515359,-12.05151253,28.50626914,0,0,0,0.016590124,2.063853886,0.364217465,0,37.48984381
3,10,8,0.866514014,2.411919973,-12.05151253,3.852476041,0,0,0,0.003462042,0.278919265,-0.488660475,0,-5.126881675
3,10,9,0.942624241,1.99178611,-12.05151253,4.008073502,0,0,0,0.000572089,0.290184522,-0.507822592,0,-5.326094662
3,10,10,0.310184743,8.03302E-10,-12.05151253,1.606525783,0,0,0,0.000484761,0.116312467,-0.653991958,0,-10.67199674
3,10,11,0.624397508,0.001214301,-12.05151253,3.024648574,0,0,0,0.001589208,0.218984557,-0.63642267,0,-8.817101057
3,10,12,0.292975683,4.35059E-09,-12.05151253,1.448739912,0,0,0,0.001228717,0.10488877,-0.654950502,0,-10.85862995
3,10,13,0,0,-12.05151253,0,0,0,0,0,0,-0.671269248,0,-12.72278178
3,10,14,0,0,-12.05151253,0,0,0,0,0,0,-0.671269248,0,-12.72278178
3,10,15,0,0,-12.05151253,0,0,0,0,0,0,-0.671269248,0,-12.72278178
3,10,16,0.467213986,-4.89781E-10,-12.05151253,2.335366616,0,0,0,0.003151937,0.169080543,-0.645245429,0,-9.721944881
3,10,17,12.44655693,32.61061282,-12.05151253,45.97420686,0,0,0,0.016785815,3.328532576,1.838415107,0,84.16359756
3,10,18,22.4295916,71.76087118,-12.05151253,70.72060933,0,0,0,0.020329562,5.120172115,4.575139529,0,162.5752008
3,10,19,19.58715472,58.49212854,-12.05151253,61.7385227,0,0,0,0.018554545,4.469869043,3.677746829,0,135.9324638
3,10,20,22.82037857,69.82647488,-12.05151253,71.13671903,0,0,0,0.019660428,5.150298458,4.489160489,0,161.3911793
3,10,21,14.86011958,42.0636098,-12.05151253,50.38949395,0,0,0,0.017293691,3.648199362,2.499382478,0,101.4265863
3,10,22,14.21844749,42.53832373,-12.05151253,47.7234535,0,0,0,0.01255371,3.455178033,2.490082909,0,98.38652684
3,10,23,14.41480325,43.33071933,-12.05151253,48.49088902,0,0,0,0.012984152,3.510740365,2.54515636,0,100.2537799
3,11,0,15.06189233,44.76591662,-12.05151253,51.2263464,0,0,0,0.015484967,3.708787479,2.661139711,0,105.388055
3,11,1,13.61726872,40.70890299,-12.05151253,47.83745866,0,0,0,0.013552749,3.463432007,2.354698516,0,95.94380111
3,11,2,11.80167801,33.70417157,-12.05151253,42.53858335,0,0,0,0.013579233,3.079793435,1.863406573,0,80.94969963
3,11,3,12.21956572,35.2528039,-12.05151253,43.7204678,0,0,0,0.013283503,3.165361869,1.97294174,0,84.292912
3,11,4,10.94169932,29.61770441,-12.05151253,39.54466643,0,0,0,0.01234311,2.86303385,1.58788954,0,72.51582412
3,11,5,10.34303249,26.83750688,-12.05151253,37.14652033,0,0,0,0.012242533,2.689408072,1.399686795,0,66.37688457
3,11,6,8.641379079,18.60731787,-12.05151253,32.15786513,0,0,0,0.014549673,2.328229435,0.846483172,0,50.54431182
3,11,7,0.142306867,0.599578573,-12.05151253,0.768378572,0,0,0,0.000127914,0.055630609,-0.629946229,0,-11.11543623
3,11,8,0.325303477,3.23111E-09,-12.05151253,1.631032796,0,0,0,0.000932131,0.118086774,-0.653149844,0,-10.6293072
3,11,9,0.353945387,-1.55623E-09,-12.05151253,1.782312238,0,0,0,0.003156879,0.129039406,-0.65155449,0,-10.43461312
3,11,10,0,0,-12.05151253,0,0,0,0,0,0,-0.671269248,0,-12.72278178
3,11,11,0,0,-12.05151253,0,0,0,0,0,0,-0.671269248,0,-12.72278178
3,11,12,0,0,-12.05151253,0,0,0,0,0,0,-0.671269248,0,-12.72278178
3,11,13,0,0,-12.05151253,0,0,0,0,0,0,-0.671269248,0,-12.72278178
3,11,14,0,0,-12.05151253,0,0,0,0,0,0,-0.671269248,0,-12.72278178
3,11,15,0,0,-12.05151253,0,0,0,0,0,0,-0.671269248,0,-12.72278178
3,11,16,1.026718011,-5.54139E-09,-12.05151253,4.853352519,0,0,0,0.007837242,0.351382722,-0.614081055,0,-6.426303102
3,11,17,24.18205337,77.80252633,-12.05151253,74.8913908,0,0,0,0.015479144,5.422136694,5.009271841,0,175.2713456
3,11,18,22.33807065,68.91318025,-12.05151253,69.89322613,0,0,0,0.017149734,5.060269572,4.411425427,0,158.5818092
3,11,19,19.27072414,56.78178194,-12.05151253,62.58740537,0,0,0,0.019405655,4.531328149,3.564855341,0,134.7039881
3,11,20,18.66412165,56.24765436,-12.05151253,60.2161627,0,0,0,0.016863351,4.35965018,3.501316675,0,130.9542564
3,11,21,21.33744913,67.11942838,-12.05151253,66.15696965,0,0,0,0.014822295,4.789764603,4.255778829,0,151.6227003
3,11,22,25.55639021,86.92099261,-12.05151253,78.7568943,0,0,0,0.015137221,5.701999148,5.593720975,0,190.4936219
3,11,23,19.93120429,63.49679977,-12.05151253,66.76052333,0,0,0,0.013393121,4.833461889,3.975670578,0,146.9595404
3,12,0,19.85141256,64.07608257,-12.05151253,62.70004096,0,0,0,0.013731702,4.539482966,4.003492231,0,143.1327305
3,12,1,19.77498712,63.68857951,-12.05151253,62.48347518,0,0,0,0.013532226,4.523803603,3.977651413,0,142.4105165
3,12,2,19.58042484,62.08516328,-12.05151253,60.97968062,0,0,0,0.01294378,4.414928877,3.87750401,0,138.8991329
3,12,3,22.9413526,76.84100657,-12.05151253,70.73643414,0,0,0,0.013030683,5.121317832,4.886608157,0,168.4882374
3,12,4,21.40150484,70.79306613,-12.05151253,66.74047981,0,0,0,0.013243036,4.832010738,4.463968355,0,156.1927604
3,12,5,20.74264342,67.85177338,-12.05151253,64.57165767,0,0,0,0.013936359,4.674988016,4.263439767,0,150.0669261
3,12,6,18.89167835,59.57016199,-12.05151253,59.44848807,0,0,0,0.015920281,4.304070536,3.699055259,0,133.877862
3,12,7,4.092038075,2.438533664,-12.05151253,17.78458948,0,0,0,0.011484111,1.287604279,-0.307516402,0,13.25522067
3,12,8,1.138811183,4.164639643,-12.05151253,4.848168628,0,0,0,0.001520728,0.351007409,-0.375867037,0,-1.923231981
3,12,9,0.755111011,2.49921E-09,-12.05151253,3.498882781,0,0,0,0.002046696,0.253319113,-0.629209565,0,-8.171362495
3,12,10,0.597234224,5.86357E-09,-12.05151253,2.871301224,0,0,0,0.00264648,0.207882209,-0.638003302,0,-9.010451693
3,12,11,0.827926146,1.74703E-09,-12.05151253,3.964776806,0,0,0,0.005517964,0.287049841,-0.625153762,0,-7.591395538
3,12,12,0.406829068,-2.28915E-09,-12.05151253,2.027508674,0,0,0,0.003688409,0.146791628,-0.648608869,0,-10.11530363
3,12,13,0,0,-12.05151253,0,0,0,0,0,0,-0.671269248,0,-12.72278178
3,12,14,0,0,-12.05151253,0,0,0,0,0,0,-0.671269248,0,-12.72278178
3,12,15,0.098133902,-1.14683E-09,-12.05151253,0.537809091,0,0,0,0.001120393,0.038937378,-0.66580319,0,-12.04131496
3,12,16,4.926521826,4.320356628,-12.05151253,20.90027821,0,0,0,0.014286974,1.513180142,-0.156218118,0,19.46689312
3,12,17,28.80205491,93.74535646,-12.05151253,91.04351678,0,0,0,0.02021586,6.591550615,6.154621565,0,214.3058037
3,12,18,23.61083566,74.08618408,-12.05151253,75.41000805,0,0,0,0.020617501,5.459684583,4.770454752,0,171.3062721
3,12,19,21.17600961,65.54456437,-12.05151253,69.15560634,0,0,0,0.01965811,5.006865899,4.159066723,0,153.0102585
3,12,20,20.76758667,64.51839654,-12.05151253,67.87380331,0,0,0,0.018376488,4.91406336,4.079160017,0,150.1198738
3,12,21,22.4244309,71.87821662,-12.05151253,70.94777635,0,0,0,0.017696577,5.136619008,4.581388219,0,162.9346151
3,12,22,18.9012687,59.41756979,-12.05151253,61.25547701,0,0,0,0.016468356,4.434896536,3.691090056,0,135.6652579
3,12,23,17.74690122,56.01140172,-12.05151253,57.52337168,0,0,0,0.015027132,4.16469211,3.437068226,0,126.8469495
3,13,0,18.98353892,59.67527224,-12.05151253,61.69814301,0,0,0,0.016513994,4.466945554,3.710026533,0,136.4989277
3,13,1,20.78035284,63.53573722,-12.05151253,67.44550771,0,0,0,0.018675604,4.883054758,4.025136969,0,148.6369526
3,13,2,26.77396322,87.27613914,-12.05151253,83.82714352,0,0,0,0.018859266,6.069085191,5.681321453,0,197.5949993
3,13,3,26.40426728,86.11773358,-12.05151253,83.09606407,0,0,0,0.018821002,6.016155039,5.5962062,0,195.1977346
3,13,4,27.10410452,90.55847171,-12.05151253,83.9213687,0,0,0,0.017618806,6.075907094,5.882536248,0,201.5084946
3,13,5,20.70594427,65.36734519,-12.05151253,66.1773691,0,0,0,0.017078123,4.791241523,4.123012975,0,149.1304786
3,13,6,19.37612612,59.51021269,-12.05151253,62.39668968,0,0,0,0.01697223,4.517520333,3.722699823,0,137.4887083
3,13,7,17.04914499,51.63352885,-12.05151253,55.7523701,0,0,0,0.016420771,4.036471595,3.154355685,0,119.5907795
3,13,8,5.320518501,7.776556054,-12.05151253,20.90909368,0,0,0,0.012231466,1.513818382,0.058237805,0,23.53894335
3,13,9,3.076286166,3.95444024,-12.05151253,12.88831568,0,0,0,0.008732347,0.933114055,-0.279657787,0,8.529718168
3,13,10,3.864524615,3.990393296,-12.05151253,16.19161957,0,0,0,0.010569319,1.172273257,-0.233750321,0,12.9441172
3,13,11,3.596292546,3.889128633,-12.05151253,15.12942856,0,0,0,0.010259982,1.095370628,-0.254331289,0,11.41463652
3,13,12,3.592655059,5.999121819,-12.05151253,14.26587504,0,0,0,0.008569535,1.032849353,-0.137007276,0,12.71055099
3,13,13,2.402895752,0.080250194,-12.05151253,10.65239274,0,0,0,0.008931047,0.771233235,-0.532958019,0,1.331232419
3,13,14,2.83354153,0.222734109,-12.05151253,12.56118326,0,0,0,0.010127599,0.909429668,-0.501034695,0,3.984468933
3,13,15,5.304737384,6.946817408,-12.05151253,21.81562151,0,0,0,0.012470871,1.579450997,0.011142354,0,23.61872799
3,13,16,13.18142233,35.45817768,-12.05151253,47.5958702,0,0,0,0.017676445,3.445941002,2.037956472,0,89.68553159
3,13,17,28.25329116,91.50729111,-12.05151253,88.97621489,0,0,0,0.02011441,6.441877958,5.999395185,0,209.1466722
3,13,18,22.55823507,71.49358996,-12.05151253,71.88537761,0,0,0,0.016971733,5.204501339,4.567417406,0,163.6745806
3,13,19,18.57234854,57.04203093,-12.05151253,61.74976645,0,0,0,0.017929566,4.470683091,3.540451688,0,133.3416977
3,13,20,20.06115286,62.08033778,-12.05151253,65.29638996,0,0,0,0.018744665,4.727458633,3.904011781,0,144.0365831
3,13,21,18.16033088,57.63764996,-12.05151253,58.59693214,0,0,0,0.015949546,4.242417887,3.550678285,0,130.1524462
3,13,22,18.19445308,57.22524878,-12.05151253,58.81770807,0,0,0,0.015018182,4.258402065,3.529608146,0,129.9889258
3,13,23,18.07563231,57.02865076,-12.05151253,58.78613104,0,0,0,0.014603218,4.256115887,3.512039319,0,129.62166
3,14,0,18.22162207,58.76877442,-12.05151253,59.67846727,0,0,0,0.014277847,4.32072103,3.617095836,0,132.5694459
3,14,1,17.82257244,56.96261492,-12.05151253,58.75178452,0,0,0,0.014772676,4.253629199,3.494265688,0,129.2481269
3,14,2,22.73106689,75.7745324,-12.05151253,71.41928472,0,0,0,0.014690305,5.170756214,4.815492632,0,167.8743106
3,14,3,23.71885314,78.76521826,-12.05151253,73.7222535,0,0,0,0.014949188,5.337491153,5.037093529,0,174.5443462
3,14,4,19.95368831,63.26496046,-12.05151253,64.98125599,0,0,0,0.01439396,4.704642934,3.964009488,0,144.8314386
3,14,5,19.58580733,62.6622493,-12.05151253,63.11874349,0,0,0,0.014149408,4.569797029,3.909947506,0,141.8091815
3,14,6,16.93466423,52.83874012,-12.05151253,55.71672633,0,0,0,0.016153866,4.033890987,3.215109374,0,120.7037724
3,14,7,4.902708708,3.903100903,-12.05151253,20.9117361,0,0,0,0.014063463,1.514009693,-0.180785653,0,19.01332068
3,14,8,0.223441896,0.622047436,-12.05151253,1.072488257,0,0,0,0.000367185,0.07764815,-0.624175492,0,-10.6796951
3,14,9,0.326890612,0.685393993,-12.05151253,1.590108336,0,0,0,0.000582629,0.115123844,-0.614884996,0,-9.948298117
3,14,10,0.672729812,1.366789603,-12.05151253,3.121979201,0,0,0,0.001191986,0.226031294,-0.557668017,0,-7.220458655
3,14,11,0.376626715,2.95631E-10,-12.05151253,1.971564247,0,0,0,0.002312203,0.142741252,-0.65029114,0,-10.20855926
3,14,12,0.177931199,-8.84191E-10,-12.05151253,1.018513259,0,0,0,0.001335876,0.07374036,-0.66135848,0,-11.44135032
3,14,13,0.262199902,4.23012E-09,-12.05151253,1.241411498,0,0,0,0.001179781,0.089878192,-0.656664713,0,-11.11350787
3,14,14,0,0,-12.05151253,0,0,0,0,0,0,-0.671269248,0,-12.72278178
3,14,15,0,0,-12.05151253,0,0,0,0,0,0,-0.671269248,0,-12.72278178
3,14,16,4.54177887,2.312453901,-12.05151253,19.44041959,0,0,0,0.014160059,1.407486378,-0.289488483,0,15.37529778
3,14,17,26.71560912,85.99810199,-12.05151253,84.62252241,0,0,0,0.01979477,6.126670623,5.606884461,0,197.0380708
3,14,18,25.49246756,82.09231728,-12.05151253,78.98604588,0,0,0,0.018066519,5.718589721,5.321203267,0,185.5771777
3,14,19,22.97393212,71.77377929,-12.05151253,72.39200826,0,0,0,0.018989381,5.241181398,4.606178277,0,164.9545562
3,14,20,17.92578349,53.13986482,-12.05151253,60.13448342,0,0,0,0.018094357,4.353736599,3.287087363,0,126.8075375
3,14,21,16.30296621,49.62875045,-12.05151253,54.51275101,0,0,0,0.015570668,3.946723173,3.00112737,0,115.3563764
3,14,22,15.66975328,47.85229066,-12.05151253,52.17274812,0,0,0,0.013753735,3.777306964,2.866908599,0,110.3012488
3,14,23,14.75801064,45.26681805,-12.05151253,49.77164015,0,0,0,0.013292298,3.603466747,2.67211371,0,104.0338291
3,15,0,14.43654654,43.96503022,-12.05151253,49.34572188,0,0,0,0.01350497,3.572630264,2.581698578,0,101.8636199
3,15,1,19.22364226,61.30257796,-12.05151253,64.40259554,0,0,0,0.015398209,4.662747917,3.814041218,0,141.3694906
3,15,2,21.7382094,70.4995742,-12.05151253,68.07896032,0,0,0,0.014497708,4.928916727,4.466375299,0,157.6750211
3,15,3,20.5712167,67.87437696,-12.05151253,64.67667482,0,0,0,0.014217927,4.682591257,4.255150319,0,150.0227154
3,15,4,16.21412826,49.75854423,-12.05151253,55.64641548,0,0,0,0.014773625,4.028800481,3.00340861,0,116.6145582
3,15,5,13.99699991,43.07968278,-12.05151253,48.3532104,0,0,0,0.013823028,3.500772433,2.507901978,0,99.400878
3,15,6,12.36177089,34.7819337,-12.05151253,43.22635926,0,0,0,0.015747487,3.129588411,1.954635097,0,83.41852231
3,15,7,2.808649183,1.051519588,-12.05151253,12.51198828,0,0,0,0.01080346,0.905867951,-0.456257848,0,4.781058079
3,15,8,0.338581731,0.808446894,-12.05151253,1.50744842,0,0,0,0.000163741,0.109139266,-0.607379754,0,-9.895112236
3,15,9,0.160201901,-1.25708E-09,-12.05151253,0.90052353,0,0,0,0.001674304,0.065197904,-0.662346002,0,-11.5862609
3,15,10,0.36580817,2.91015E-10,-12.05151253,1.823396415,0,0,0,0.002884288,0.1320139,-0.650893733,0,-10.37830349
3,15,11,0.27312444,1.42413E-09,-12.05151253,1.39471358,0,0,0,0.001982219,0.100977263,-0.656056217,0,-10.93677125
3,15,12,0.046976129,7.57875E-10,-12.05151253,0.288181538,0,0,0,0.000273875,0.020864343,-0.668652678,0,-12.36386933
3,15,13,0,0,-12.05151253,0,0,0,0,0,0,-0.671269248,0,-12.72278178
3,15,14,0,0,-12.05151253,0,0,0,0,0,0,-0.671269248,0,-12.72278178
3,15,15,0,0,-12.05151253,0,0,0,0,0,0,-0.671269248,0,-12.72278178
3,15,16,3.561485313,0.127993663,-12.05151253,15.545364,0,0,0,0.012798824,1.125484353,-0.465765269,0,7.855848345
3,15,17,21.75906885,70.2278122,-12.05151253,67.24234151,0,0,0,0.017431364,4.868345525,4.452400026,0,156.5158869
3,15,18,18.48882537,58.426513,-12.05151253,59.2985331,0,0,0,0.016362109,4.293213796,3.612915099,0,132.0848499
3,15,19,18.62152796,58.33205339,-12.05151253,59.62097196,0,0,0,0.016349276,4.31655837,3.615045233,0,132.4709937
3,15,20,19.11780786,60.55788515,-12.05151253,61.50570948,0,0,0,0.016436617,4.453013366,3.766666852,0,137.3660068
3,15,21,18.96640405,58.91204631,-12.05151253,61.55367054,0,0,0,0.017479248,4.456485747,3.666560437,0,135.5211338
3,15,22,17.56558736,55.05838183,-12.05151253,57.00177736,0,0,0,0.013567133,4.126928681,3.373885836,0,125.0886157
3,15,23,24.04391262,77.65314444,-12.05151253,79.15444164,0,0,0,0.018142471,5.730781574,4.99325683,0,179.542167
3,16,0,25.52169313,84.69705104,-12.05151253,80.8036107,0,0,0,0.016208031,5.850181415,5.467914802,0,190.3051466
3,16,1,25.14471625,84.1347721,-12.05151253,77.83427603,0,0,0,0.015033108,5.635201585,5.415598253,0,186.1280848
3,16,2,23.68640874,79.14833343,-12.05151253,73.48075435,0,0,0,0.015044205,5.320006615,5.056625891,0,174.6556607
3,16,3,21.43783694,71.24430892,-12.05151253,67.48380632,0,0,0,0.014690946,4.885827578,4.491126276,0,157.5060844
3,16,4,19.30406008,59.21269859,-12.05151253,63.45706752,0,0,0,0.017038036,4.594291689,3.70211421,0,138.2357576
3,16,5,18.63152142,58.10730229,-12.05151253,60.56407996,0,0,0,0.016918092,4.384839389,3.603083232,0,133.2562318
3,16,6,17.66078626,55.61855345,-12.05151253,56.35345049,0,0,0,0.015663154,4.079989815,3.410389974,0,125.0873206
3,16,7,3.363051225,1.58337895,-12.05151253,14.89959888,0,0,0,0.012098609,1.078730959,-0.395753087,0,8.489593003
3,16,8,0.829402321,1.468765451,-12.05151253,3.816921443,0,0,0,0.003617954,0.276345112,-0.543261303,0,-6.199721557
3,16,9,1.642774021,5.70436867,-12.05151253,6.209493375,0,0,0,0.001232129,0.44956732,-0.2620334,0,1.69388958
3,16,10,0.904021589,1.373491996,-12.05151253,4.250714626,0,0,0,0.004175941,0.307751739,-0.544411741,0,-5.755768385
3,16,11,0.763354475,0.059254871,-12.05151253,3.646175648,0,0,0,0.003205726,0.263983117,-0.625449908,0,-7.940988605
3,16,12,0.438594991,-3.28045E-09,-12.05151253,2.2943877,0,0,0,0.003651793,0.166113669,-0.646839507,0,-9.795603891
3,16,13,0.444213519,-2.18295E-10,-12.05151253,2.18293042,0,0,0,0.003559886,0.158044162,-0.646526555,0,-9.909291102
3,16,14,0.022290178,-2.60492E-10,-12.05151253,0.187297951,0,0,0,0.000390189,0.013560372,-0.670027685,0,-12.49800153
3,16,15,0.262053675,-7.76767E-10,-12.05151253,1.359672442,0,0,0,0.002329515,0.098440285,-0.656672859,0,-10.98568948
3,16,16,4.760620235,5.141290372,-12.05151253,20.05477454,0,0,0,0.012749345,1.451965677,-0.119732827,0,19.25015481
3,16,17,24.7927668,78.36798159,-12.05151253,79.69116184,0,0,0,0.020106221,5.769640117,5.074784437,0,181.6649285
3,16,18,29.42532005,94.44035609,-12.05151253,94.24476839,0,0,0,0.02284214,6.823321232,6.228048913,0,219.1331443
3,16,19,26.38438612,87.64253155,-12.05151253,82.24411837,0,0,0,0.018753356,5.95447417,5.680030066,0,195.8727811
3,16,20,17.05052869,50.61225296,-12.05151253,57.863244,0,0,0,0.018770316,4.189298866,3.09754769,0,120.78013
3,16,21,13.37928204,38.34291715,-12.05151253,46.70402584,0,0,0,0.015998455,3.381371471,2.209657247,0,91.98173967
3,16,22,12.14781301,34.59228214,-12.05151253,42.84429064,0,0,0,0.01374326,3.101926642,1.932154051,0,82.58069721
3,16,23,9.564773365,23.63542876,-12.05151253,35.82922718,0,0,0,0.012770157,2.594036048,1.17798201,0,60.76270498
3,17,0,9.42128845,23.98994938,-12.05151253,36.28009057,0,0,0,0.013831501,2.626678558,1.189736699,0,61.47006262
3,17,1,11.04225584,28.41049225,-12.05151253,42.1388141,0,0,0,0.014380687,3.050850141,1.526248821,0,74.13152931
3,17,2,10.46507514,26.95074119,-12.05151253,40.05592106,0,0,0,0.013664277,2.900048685,1.412791721,0,69.74672954
3,17,3,10.91411241,28.05564587,-12.05151253,41.64741759,0,0,0,0.014204394,3.015273034,1.499346288,0,73.09448705
3,17,4,10.70023215,27.40962837,-12.05151253,40.97921342,0,0,0,0.014358875,2.966895052,1.451449983,0,71.47026532
3,17,5,10.21303822,25.82117824,-12.05151253,39.21507621,0,0,0,0.014038961,2.839171518,1.335836608,0,67.38682722
3,17,6,7.069831466,13.0029393,-12.05151253,28.54724586,0,0,0,0.014058403,2.0668206,0.446784084,0,39.09616718
3,17,7,0.869050327,2.270190304,-12.05151253,3.882064862,0,0,0,0.004359522,0.281061496,-0.496413545,0,-5.241199568
3,17,8,0.06463241,1.04273E-09,-12.05151253,0.366381527,0,0,0,0.000348192,0.026526023,-0.667669223,0,-12.2612936
3,17,9,0.176776782,-2.06589E-09,-12.05151253,0.901256513,0,0,0,0.001877547,0.065250972,-0.661422782,0,-11.5677735
3,17,10,0,0,-12.05151253,0,0,0,0,0,0,-0.671269248,0,-12.72278178
3,17,11,0,0,-12.05151253,0,0,0,0,0,0,-0.671269248,0,-12.72278178
3,17,12,0,0,-12.05151253,0,0,0,0,0,0,-0.671269248,0,-12.72278178
3,17,13,0,0,-12.05151253,0,0,0,0,0,0,-0.671269248,0,-12.72278178
3,17,14,0,0,-12.05151253,0,0,0,0,0,0,-0.671269248,0,-12.72278178
3,17,15,0,0,-12.05151253,0,0,0,0,0,0,-0.671269248,0,-12.72278178
3,17,16,0,0,-12.05151253,0,0,0,0,0,0,-0.671269248,0,-12.72278178
3,17,17,7.097635204,10.87232612,-12.05151253,29.04630908,0,0,0,0.015561302,2.102952777,0.329657598,0,37.41292955
3,17,18,16.96458981,48.73352604,-12.05151253,57.81883075,0,0,0,0.020187907,4.186083346,2.988115805,0,118.6598211
3,17,19,22.02282375,69.17435609,-12.05151253,68.63764572,0,0,0,0.017102115,4.96936555,4.408413669,0,157.1781944
3,17,20,17.55985629,50.57411067,-12.05151253,54.78387564,0,0,0,0.015206863,3.966352596,3.123792712,0,117.9716822
3,17,21,10.74396333,24.22987889,-12.05151253,39.20220807,0,0,0,0.01517527,2.838239864,1.276773764,0,66.25472665
3,17,22,10.67213878,24.82060785,-12.05151253,38.95275816,0,0,0,0.01536966,2.820179691,1.305676739,0,66.53521834
3,17,23,9.96542452,23.82841201,-12.05151253,36.23142861,0,0,0,0.01270429,2.623155431,1.211047447,0,61.82065978
3,18,0,9.793798466,21.866538,-12.05151253,35.73493808,0,0,0,0.013309002,2.587209517,1.092211493,0,59.03649203
3,18,1,9.798281656,22.3495118,-12.05151253,36.05387033,0,0,0,0.012744775,2.610300212,1.119362847,0,59.89255909
3,18,2,7.945328541,16.29188998,-12.05151253,31.29485944,0,0,0,0.01242423,2.265747823,0.678743823,0,46.4374813
3,18,3,7.708956964,15.94018646,-12.05151253,30.82533238,0,0,0,0.012600974,2.231754064,0.64598804,0,45.31330634
3,18,4,7.606107158,14.45178744,-12.05151253,30.44428371,0,0,0,0.012666276,2.204166141,0.557355481,0,43.22485367
3,18,5,6.945076701,11.15306598,-12.05151253,28.44438637,0,0,0,0.013009716,2.059373573,0.336797299,0,36.90019711
3,18,6,4.753854197,4.014865026,-12.05151253,20.26371869,0,0,0,0.011145819,1.467093233,-0.182851587,0,18.27631284
3,18,7,0.305977686,1.444049852,-12.05151253,1.294012683,0,0,0,0.000142249,0.093686518,-0.573792714,0,-9.487436261
3,18,8,0.223785353,-8.12604E-10,-12.05151253,1.186157804,0,0,0,0.002055166,0.085877825,-0.658804404,0,-11.21244079
3,18,9,0.011733521,1.89299E-10,-12.05151253,0.132091395,0,0,0,0.000125534,0.009563417,-0.670615691,0,-12.56861436
3,18,10,0,0,-12.05151253,0,0,0,0,0,0,-0.671269248,0,-12.72278178
3,18,11,0,0,-12.05151253,0,0,0,0,0,0,-0.671269248,0,-12.72278178
3,18,12,0,0,-12.05151253,0,0,0,0,0,0,-0.671269248,0,-12.72278178
3,18,13,0,0,-12.05151253,0,0,0,0,0,0,-0.671269248,0,-12.72278178
3,18,14,0,0,-12.05151253,0,0,0,0,0,0,-0.671269248,0,-12.72278178
3,18,15,0,0,-12.05151253,0,0,0,0,0,0,-0.671269248,0,-12.72278178
3,18,16,0.078817178,-9.21091E-10,-12.05151253,0.448537012,0,0,0,0.000934417,0.03247408,-0.666879131,0,-12.15762898
3,18,17,17.85904564,56.3129249,-12.05151253,57.63442189,0,0,0,0.014028169,4.172732145,3.460109511,0,127.4017497
3,18,18,26.50504818,90.27548502,-12.05151253,82.26357681,0,0,0,0.014948198,5.955882961,5.833406451,0,198.7968351
3,18,19,23.35042608,78.40347705,-12.05151253,72.57662422,0,0,0,0.01437161,5.254547593,4.996423156,0,172.5443572
3,18,20,21.90231877,72.21808357,-12.05151253,68.54481801,0,0,0,0.014397689,4.962644824,4.571237162,0,160.1619875
3,18,21,17.94306147,57.54085867,-12.05151253,58.64016644,0,0,0,0.014320037,4.24554805,3.533185103,0,129.8656272
3,18,22,16.98180065,54.17232753,-12.05151253,55.24379036,0,0,0,0.013926207,3.999650422,3.292015691,0,121.6519983
3,18,23,18.97609551,61.3409472,-12.05151253,59.64516867,0,0,0,0.013831959,4.318310212,3.80239003,0,136.045231
3,19,0,18.88726919,62.45357546,-12.05151253,59.11315768,0,0,0,0.013475793,4.279792616,3.859415799,0,136.555174
3,19,1,19.58873646,65.13789601,-12.05151253,60.66765387,0,0,0,0.013587615,4.39233814,4.04800418,0,141.7967037
3,19,2,19.51045328,64.94795466,-12.05151253,60.5019532,0,0,0,0.013677024,4.380341412,4.033064074,0,141.3359311
3,19,3,18.926515,62.48111041,-12.05151253,59.18364361,0,0,0,0.013776706,4.284895798,3.863135487,0,136.7015645
3,19,4,20.85505486,69.04142172,-12.05151253,64.74972186,0,0,0,0.014000651,4.687879863,4.335964497,0,151.6325309
3,19,5,21.24691397,71.11646263,-12.05151253,65.40811979,0,0,0,0.014029765,4.735547873,4.473370828,0,154.9429323
3,19,6,21.04116751,69.15256765,-12.05151253,64.61235178,0,0,0,0.014476429,4.677934269,4.3525218,0,151.7995069
3,19,7,4.376551285,5.14394019,-12.05151253,17.39045339,0,0,0,0.010360855,1.259068826,-0.140977873,0,15.98788414
3,19,8,0.405476916,1.377684685,-12.05151253,1.857355851,0,0,0,0.000374417,0.134472564,-0.571947147,0,-8.848095249
3,19,9,0.229341339,6.83394E-10,-12.05151253,1.215084522,0,0,0,0.000490002,0.087972119,-0.658494936,0,-11.17711949
3,19,10,0.18141376,-2.06416E-09,-12.05151253,1.002422804,0,0,0,0.001987444,0.072575411,-0.661164502,0,-11.45427762
3,19,11,0.551659252,-4.54953E-10,-12.05151253,2.698806766,0,0,0,0.003344216,0.19539361,-0.640541828,0,-9.242850518
3,19,12,0,0,-12.05151253,0,0,0,0,0,0,-0.671269248,0,-12.72278178
3,19,13,0,0,-12.05151253,0,0,0,0,0,0,-0.671269248,0,-12.72278178
3,19,14,0,0,-12.05151253,0,0,0,0,0,0,-0.671269248,0,-12.72278178
3,19,15,0,0,-12.05151253,0,0,0,0,0,0,-0.671269248,0,-12.72278178
3,19,16,2.430885316,0.012374459,-12.05151253,11.00896299,0,0,0,0.011919252,0.797048921,-0.535179679,0,1.674498726
3,19,17,24.49100334,77.84029684,-12.05151253,78.88480858,0,0,0,0.019951015,5.711260141,5.028584172,0,179.9243916
3,19,18,25.3371197,82.56887681,-12.05151253,80.17490584,0,0,0,0.020737361,5.804663183,5.339094758,0,187.1938851
3,19,19,23.01159253,72.92352428,-12.05151253,73.31860906,0,0,0,0.019492847,5.308267296,4.672316758,0,167.2022902
3,19,20,21.38574307,66.4232429,-12.05151253,69.62386018,0,0,0,0.020536568,5.040767477,4.21969127,0,154.6623289
3,19,21,19.03701128,58.60716798,-12.05151253,61.75595876,0,0,0,0.016492371,4.471131414,3.653511537,0,135.4897608
3,19,22,22.10457349,65.51913947,-12.05151253,73.15858779,0,0,0,0.020750579,5.296681756,4.209371564,0,158.2575921
3,19,23,25.55866651,83.72171891,-12.05151253,83.08423292,0,0,0,0.019052715,6.015298463,5.415648219,0,191.7631052
3,20,0,26.47364265,87.98719469,-12.05151253,84.93276493,0,0,0,0.018076269,6.149132181,5.704199391,0,199.2134976
3,20,1,26.14901101,86.18094688,-12.05151253,81.70613881,0,0,0,0.017449748,5.91552445,5.585509406,0,193.5030678
3,20,2,25.04627346,82.57947935,-12.05151253,77.93817311,0,0,0,0.016887414,5.642723733,5.323485184,0,184.4955097
3,20,3,24.72358928,81.04729583,-12.05151253,77.24021652,0,0,0,0.017076969,5.592191676,5.220169052,0,181.7890268
3,20,4,27.54348649,89.5115798,-12.05151253,86.75466413,0,0,0,0.020383331,6.281037683,5.848697944,0,203.9083368
3,20,5,24.63229032,77.54703481,-12.05151253,80.10395768,0,0,0,0.020977083,5.799526536,5.020119161,0,181.0723931
3,20,6,19.3529526,59.76365414,-12.05151253,63.35621344,0,0,0,0.018020082,4.586989853,3.735525748,0,138.7618433
3,20,7,18.98348906,59.68787982,-12.05151253,60.85946956,0,0,0,0.015111837,4.406225596,3.710725999,0,135.6113893
3,20,8,2.407820757,4.283572123,-12.05151253,10.06835301,0,0,0,0.007809366,0.728948758,-0.298558665,0,5.146432812
3,20,9,1.218627972,1.978892175,-12.05151253,5.629727235,0,0,0,0.007118957,0.407592252,-0.493167376,0,-3.30272132
3,20,10,1.100128888,2.703835039,-12.05151253,4.982927606,0,0,0,0.004370528,0.360763959,-0.459388457,0,-3.358874971
3,20,11,1.056767422,0.039379125,-12.05151253,4.943382843,0,0,0,0.007193228,0.357900918,-0.610213885,0,-6.257102884
3,20,12,1.080065043,-2.06826E-09,-12.05151253,5.119221493,0,0,0,0.008151498,0.370631636,-0.611109625,0,-6.084552493
3,20,13,0.882079956,-4.10133E-09,-12.05151253,4.197988558,0,0,0,0.007535187,0.303934372,-0.622137395,0,-7.282111861
3,20,14,0.764106665,-6.01088E-09,-12.05151253,3.675526084,0,0,0,0.007039842,0.266108088,-0.628708507,0,-7.967440368
3,20,15,1.413805855,0.053990159,-12.05151253,6.753499437,0,0,0,0.009098059,0.488953359,-0.58951301,0,-3.921678676
3,20,16,10.7662641,27.02504384,-12.05151253,40.15445468,0,0,0,0.01787229,2.907182519,1.433706604,0,70.2530115
3,20,17,26.27339127,84.5670269,-12.05151253,83.0689351,0,0,0,0.019454409,6.014190901,5.502542044,0,193.3940281
3,20,18,27.50886667,88.1389469,-12.05151253,88.58109625,0,0,0,0.022042399,6.413271369,5.770313968,0,204.383025
3,20,19,27.7834509,88.72638133,-12.05151253,89.65581326,0,0,0,0.022850287,6.49108088,5.818328407,0,206.4463925
3,20,20,23.10263607,72.69457328,-12.05151253,80.06518838,0,0,0,0.025933605,5.796719638,4.664635313,0,174.2981737
3,20,21,21.82213041,69.2083958,-12.05151253,68.80093923,0,0,0,0.016931378,4.981188,4.399131062,0,157.1772033
3,20,22,19.41407707,60.39506876,-12.05151253,62.09400677,0,0,0,0.014920304,4.49560609,3.774100175,0,138.1362666
3,20,23,18.5510389,59.6375055,-12.05151253,59.62621868,0,0,0,0.014550273,4.316938232,3.683832675,0,133.7785717
3,21,0,23.32605064,75.28358883,-12.05151253,75.62475226,0,0,0,0.0178174,5.475232064,4.82128767,0,172.4972163
3,21,1,24.71243813,81.58399406,-12.05151253,76.36205352,0,0,0,0.015554003,5.528612675,5.249442025,0,181.4005819
3,21,2,21.23595909,68.50524995,-12.05151253,66.56475369,0,0,0,0.014592895,4.819288167,4.327316095,0,153.4156474
3,21,3,21.30292892,68.05924526,-12.05151253,67.49868458,0,0,0,0.015327388,4.886904764,4.306203854,0,154.0177822
3,21,4,23.31867679,73.83171187,-12.05151253,72.7446115,0,0,0,0.016946241,5.266709873,4.7400074,0,167.8671511
3,21,5,16.77670252,51.14585663,-12.05151253,55.40824241,0,0,0,0.01691957,4.011556751,3.112017297,0,118.4197826
3,21,6,13.13326128,37.6207754,-12.05151253,45.25265855,0,0,0,0.015853387,3.276292479,2.155730595,0,89.40305916
3,21,7,12.34539842,33.88378846,-12.05151253,41.99664982,0,0,0,0.015785564,3.040557447,1.903696461,0,81.13436363
3,21,8,1.096897052,1.15534158,-12.05151253,5.082820046,0,0,0,0.007399891,0.367996171,-0.545819556,0,-4.886877351
3,21,9,0.109643191,0.154334465,-12.05151253,0.923496419,0,0,0,0.000372859,0.066861141,-0.656565693,0,-11.45337015
3,21,10,0.363210009,1.34735E-10,-12.05151253,1.890941943,0,0,0,0.001916219,0.136904197,-0.651038451,0,-10.30957862
3,21,11,0.078315284,1.26348E-09,-12.05151253,0.426983222,0,0,0,0.000405785,0.030913585,-0.666907087,0,-12.18180174
3,21,12,0,0,-12.05151253,0,0,0,0,0,0,-0.671269248,0,-12.72278178
3,21,13,0,0,-12.05151253,0,0,0,0,0,0,-0.671269248,0,-12.72278178
3,21,14,0,0,-12.05151253,0,0,0,0,0,0,-0.671269248,0,-12.72278178
3,21,15,0,0,-12.05151253,0,0,0,0,0,0,-0.671269248,0,-12.72278178
3,21,16,1.186766827,0.032538339,-12.05151253,5.491858941,0,0,0,0.005534868,0.397610587,-0.60335395,0,-5.540556922
3,21,17,23.53013136,76.66010416,-12.05151253,74.22657049,0,0,0,0.017300627,5.374003704,4.909326871,0,172.6659247
3,21,18,21.46025583,66.97060897,-12.05151253,68.3891926,0,0,0,0.018222176,4.951377544,4.254329921,0,153.9924745
3,21,19,17.15525099,51.1458354,-12.05151253,57.32535838,0,0,0,0.017242365,4.150355947,3.133101264,0,120.8756318
3,21,20,17.80720531,52.46428766,-12.05151253,59.24697208,0,0,0,0.018392698,4.289480778,3.24285291,0,125.0176789
3,21,21,16.11445012,49.62415719,-12.05151253,53.10425891,0,0,0,0.013035029,3.844748345,2.990371179,0,113.6395082
3,21,22,15.79754521,49.68840766,-12.05151253,51.55025463,0,0,0,0.012799605,3.732238435,2.976298327,0,111.7060313
3,21,23,16.12404166,50.99407822,-12.05151253,52.52531516,0,0,0,0.01288596,3.802832817,3.067210029,0,114.4748513
3,22,0,22.69002251,74.23149464,-12.05151253,73.64889121,0,0,0,0.016337128,5.332179723,4.727259257,0,168.5946719
3,22,1,25.5142094,85.81761434,-12.05151253,78.8810147,0,0,0,0.015127062,5.710985464,5.529913334,0,189.4173518
3,22,2,23.66992846,78.96121023,-12.05151253,72.76457748,0,0,0,0.01457908,5.268155409,5.045285177,0,173.6722233
3,22,3,22.14823343,72.86696696,-12.05151253,69.75184084,0,0,0,0.015063945,5.050033276,4.621077413,0,162.4017033
3,22,4,18.32735991,58.54752537,-12.05151253,60.23997019,0,0,0,0.016584181,4.361373842,3.610661862,0,133.0519628
3,22,5,18.87502352,59.10268689,-12.05151253,61.59912293,0,0,0,0.017860431,4.4597765,3.672089222,0,135.675047
3,22,6,17.33999795,53.96726557,-12.05151253,56.28735302,0,0,0,0.016445555,4.075204359,3.30054533,0,122.9352992
3,22,7,4.953270415,6.284447696,-12.05151253,20.43287141,0,0,0,0.011411577,1.47933989,-0.045328349,0,21.0645001
3,22,8,2.99248945,3.027756595,-12.05151253,12.85894178,0,0,0,0.011461402,0.930987385,-0.335941543,0,7.434182531
3,22,9,1.048826749,2.495896603,-12.05151253,4.467505352,0,0,0,0.003868306,0.323447387,-0.473828157,0,-4.185796294
3,22,10,0.854713667,3.1105883,-12.05151253,3.579090729,0,0,0,0.000692652,0.259126169,-0.450401929,0,-4.697702946
3,22,11,1.051839294,4.350973733,-12.05151253,4.279293,0,0,0,0.000712027,0.309820813,-0.370332563,0,-2.42920623
3,22,12,1.384062026,3.19978129,-12.05151253,5.772975771,0,0,0,0.003063509,0.417963446,-0.415949175,0,-1.689615668
3,22,13,0.166641989,2.06836E-09,-12.05151253,0.906758136,0,0,0,0.001073931,0.065649289,-0.661987289,0,-11.57337648
3,22,14,0.183960345,-2.14984E-09,-12.05151253,0.93445529,0,0,0,0.001946708,0.067654563,-0.661022657,0,-11.52451829
3,22,15,0,0,-12.05151253,0,0,0,0,0,0,-0.671269248,0,-12.72278178
3,22,16,1.727787322,0.576282714,-12.05151253,7.979859357,0,0,0,0.00969568,0.577741817,-0.542932547,0,-1.723078191
3,22,17,23.61402378,74.10453054,-12.05151253,75.73239808,0,0,0,0.019499041,5.483025621,4.771654227,0,171.6736188
3,22,18,25.47873849,85.94886896,-12.05151253,80.50220537,0,0,0,0.019116901,5.828359669,5.535248487,0,191.2610253
3,22,19,24.42375307,80.11184708,-12.05151253,76.70675163,0,0,0,0.017869579,5.553568818,5.15136368,0,179.9136413
3,22,20,21.89810871,69.87574891,-12.05151253,69.0022962,0,0,0,0.015650428,4.995766245,4.440534621,0,158.1765926
3,22,21,18.72739023,59.91712781,-12.05151253,59.57972996,0,0,0,0.01406158,4.313572449,3.709230407,0,134.2095999
3,22,22,17.7427058,56.02988736,-12.05151253,57.05378929,0,0,0,0.013978771,4.130694345,3.437864191,0,126.3574072
3,22,23,21.61704937,66.11078778,-12.05151253,72.10752904,0,0,0,0.021584052,5.220585103,4.215171281,0,157.2411941
3,23,0,26.39578796,86.45521226,-12.05151253,84.4716523,0,0,0,0.018612476,6.115747626,5.614531464,0,197.0200315
3,23,1,26.19449654,85.93402351,-12.05151253,81.33012517,0,0,0,0.016983978,5.888301062,5.574289319,0,192.886707
3,23,2,22.68401545,73.55098242,-12.05151253,71.55857531,0,0,0,0.015833264,5.180840852,4.689020133,0,165.6277549
3,23,3,20.90795717,67.49271082,-12.05151253,66.29673639,0,0,0,0.014894451,4.799883714,4.252647959,0,151.713318
3,23,4,23.87837832,75.85162214,-12.05151253,75.32758947,0,0,0,0.018072541,5.453717478,4.883691778,0,173.3615592
3,23,5,26.94979852,87.61652825,-12.05151253,86.50392935,0,0,0,0.021037275,6.262884485,5.710075153,0,201.0127405
3,23,6,19.18251505,56.69481321,-12.05151253,64.08281199,0,0,0,0.019308807,4.639595588,3.555097936,0,136.1226301
3,23,7,10.83948098,30.13243253,-12.05151253,39.22819823,0,0,0,0.013820051,2.840121552,1.610866334,0,72.61340714
3,23,8,1.638163707,3.458943883,-12.05151253,7.366946718,0,0,0,0.004802979,0.533366942,-0.387360355,0,0.56335134
3,23,9,0.845821932,1.687770711,-12.05151253,3.954707033,0,0,0,0.004343535,0.286320789,-0.530148138,0,-5.802696672
3,23,10,0.227337651,0.346612678,-12.05151253,1.350308299,0,0,0,0.000673993,0.097762321,-0.639300215,0,-10.66811781
3,23,11,0.116381606,0.159456268,-12.05151253,0.846232329,0,0,0,0.000432415,0.061267221,-0.655905079,0,-11.52364777
3,23,12,0.657458901,3.31929E-09,-12.05151253,3.205363221,0,0,0,0.003147772,0.232068297,-0.634648787,0,-8.588123126
3,23,13,0.28866082,1.92852E-09,-12.05151253,1.461768934,0,0,0,0.001998191,0.105832071,-0.65519084,0,-10.84844336
3,23,14,0,0,-12.05151253,0,0,0,0,0,0,-0.671269248,0,-12.72278178
3,23,15,0.031759549,-1.84157E-10,-12.05151253,0.309890215,0,0,0,0.000521081,0.022436052,-0.669500241,0,-12.35640588
3,23,16,2.631786765,0.577775327,-12.05151253,11.83095094,0,0,0,0.011606119,0.856560848,-0.49249664,0,3.364670829
3,23,17,23.38091061,73.42634217,-12.05151253,74.15133579,0,0,0,0.018388737,5.368556711,4.720894732,0,169.0149162
3,23,18,28.30058812,90.49426668,-12.05151253,89.8736657,0,0,0,0.022038583,6.506853397,5.945604164,0,209.0915041
3,23,19,29.11558096,93.89201964,-12.05151253,106.7141975,0,0,0,0.022090846,7.726107899,6.180254105,0,231.5987384
3,23,20,21.54155199,68.84953247,-12.05151253,69.71308395,0,0,0,0.016121717,5.047227278,4.363514156,0,157.479519
3,23,21,18.03445773,55.1227954,-12.05151253,59.06300434,0,0,0,0.017161851,4.276161514,3.403589752,0,127.8656581
3,23,22,15.75932041,48.45627545,-12.05151253,51.90739363,0,0,0,0.013971374,3.758095298,2.905539441,0,110.7490831
3,23,23,14.84525205,46.36820303,-12.05151253,48.57214419,0,0,0,0.013450672,3.516623239,2.7383202,0,104.0024808
3,24,0,17.32704895,54.92051741,-12.05151253,56.87099005,0,0,0,0.014568205,4.117459679,3.352920198,0,124.551992
3,24,1,17.65237946,50.66647334,-12.05151253,60.66757929,0,0,0,0.019727498,4.392332741,3.134090853,0,124.4810707
3,24,2,17.93183053,51.64377206,-12.05151253,61.89340307,0,0,0,0.018843585,4.481082382,3.204091816,0,127.1215109
3,24,3,27.91592239,90.63857387,-12.05151253,88.5550924,0,0,0,0.018616978,6.41138869,5.932216194,0,207.420298
3,24,4,26.4016323,84.07439291,-12.05151253,85.21124532,0,0,0,0.020664791,6.169294162,5.482245356,0,195.3079623
3,24,5,15.92704699,47.56734232,-12.05151253,55.4215387,0,0,0,0.019539848,4.012519402,2.865368236,0,113.761843
3,24,6,9.238468742,24.70362635,-12.05151253,34.6507093,0,0,0,0.015097896,2.508711353,1.219305448,0,60.28440656
3,24,7,0.560981446,0.019258416,-12.05151253,2.794003322,0,0,0,0.004411716,0.202285841,-0.638949888,0,-9.109521682
3,24,8,0.121132769,0.022578309,-12.05151253,0.593022901,0,0,0,7.8255E-05,0.042934858,-0.663264541,0,-11.93502998
3,24,9,0.910320283,3.193431148,-12.05151253,3.522511695,0,0,0,0.000325674,0.255029847,-0.442690293,0,-4.612584181
3,24,10,0.404426716,0.01684811,-12.05151253,1.993756142,0,0,0,0.001286357,0.144347945,-0.64780424,0,-10.13865151
3,24,11,0.305335181,0.024441236,-12.05151253,1.479722934,0,0,0,0.000737812,0.10713194,-0.652900702,0,-10.78704413
3,24,12,0,0,-12.05151253,0,0,0,0,0,0,-0.671269248,0,-12.72278178
3,24,13,0,0,-12.05151253,0,0,0,0,0,0,-0.671269248,0,-12.72278178
3,24,14,0,0,-12.05151253,0,0,0,0,0,0,-0.671269248,0,-12.72278178
3,24,15,0,0,-12.05151253,0,0,0,0,0,0,-0.671269248,0,-12.72278178
3,24,16,3.221949287,0.507473504,-12.05151253,14.5263206,0,0,0,0.014298056,1.051705611,-0.463540399,0,6.806694122
3,24,17,28.91484536,92.46686155,-12.05151253,91.29280591,0,0,0,0.022124506,6.609599148,6.089691827,0,213.3444158
3,24,18,20.71417331,65.71053773,-12.05151253,66.35465813,0,0,0,0.017155647,4.804077249,4.142587157,0,149.6916767
3,24,19,20.55534518,65.85746034,-12.05151253,65.60158423,0,0,0,0.016127974,4.749554698,4.141924019,0,148.8704839
3,24,20,20.02417687,63.21098795,-12.05151253,64.42193575,0,0,0,0.016958703,4.664148148,3.964929432,0,144.2516243
3,24,21,19.58277165,61.50484482,-12.05151253,62.72736902,0,0,0,0.016841505,4.541461517,3.845310989,0,140.167087
3,24,22,19.60555263,62.73411034,-12.05151253,62.69361431,0,0,0,0.015436226,4.539017676,3.91504998,0,141.4512686
3,24,23,19.79068397,63.6552982,-12.05151253,63.51710979,0,0,0,0.015221021,4.598638749,3.976671958,0,143.5021111
3,25,0,19.83268458,64.9029046,-12.05151253,64.30878903,0,0,0,0.014056855,4.655956326,4.048503069,0,145.7113819
3,25,1,18.93425657,61.45489098,-12.05151253,61.26035505,0,0,0,0.014222244,4.435249705,3.80640627,0,137.8538683
3,25,2,22.88850104,75.63939487,-12.05151253,71.87017406,0,0,0,0.015016988,5.203400602,4.816734554,0,168.3817096
3,25,3,23.65352468,77.39752319,-12.05151253,74.09325288,0,0,0,0.017080426,5.364351508,4.957274118,0,173.4314943
3,25,4,22.10012371,72.95836657,-12.05151253,69.82558495,0,0,0,0.014655274,5.05537235,4.623488661,0,162.526079
3,25,5,20.65152528,66.37374897,-12.05151253,64.87728702,0,0,0,0.015021912,4.69711558,4.176038527,0,148.7392248
3,25,6,12.05822473,34.13819887,-12.05151253,43.26715806,0,0,0,0.013880198,3.132542243,1.901871546,0,82.46036311
3,25,7,0.947398907,1.697576001,-12.05151253,3.920192619,0,0,0,0.000357133,0.283821946,-0.523944146,0,-5.726110076
3,25,8,0.580196359,1.815397702,-12.05151253,2.558232205,0,0,0,0.000232265,0.185216012,-0.537834659,0,-7.450072651
3,25,9,1.329187957,4.813849248,-12.05151253,5.032105229,0,0,0,0.000428723,0.364324419,-0.329102076,0,-0.840719036
3,25,10,0.329735775,0.295521248,-12.05151253,1.811925952,0,0,0,0.000679575,0.131183439,-0.636442432,0,-10.11890898
3,25,11,0.505180128,0.043030022,-12.05151253,2.403603779,0,0,0,0.000847901,0.174020914,-0.640733943,0,-9.565563735
3,25,12,0.707628405,-7.90689E-10,-12.05151253,3.407360622,0,0,0,0.003909925,0.246692909,-0.631854346,0,-8.31777502
3,25,13,0,0,-12.05151253,0,0,0,0,0,0,-0.671269248,0,-12.72278178
3,25,14,0,0,-12.05151253,0,0,0,0,0,0,-0.671269248,0,-12.72278178
3,25,15,0,0,-12.05151253,0,0,0,0,0,0,-0.671269248,0,-12.72278178
3,25,16,0.430820299,-7.2019E-10,-12.05151253,2.197542616,0,0,0,0.002437104,0.159102085,-0.647272558,0,-9.908882989
3,25,17,17.62979291,54.66752615,-12.05151253,58.58881582,0,0,0,0.01740723,4.241830265,3.355691423,0,126.4495513
3,25,18,25.55335334,83.82350808,-12.05151253,81.45933025,0,0,0,0.018045717,5.89765551,5.421021933,0,190.1214023
3,25,19,16.78627081,50.88059771,-12.05151253,55.64460323,0,0,0,0.017126914,4.028669274,3.097775328,0,118.4035307
3,25,20,17.08913,51.01422036,-12.05151253,57.05266148,0,0,0,0.019673421,4.130612691,3.122087367,0,120.3768728
3,25,21,18.26519516,55.07377533,-12.05151253,60.29988869,0,0,0,0.017800256,4.365711941,3.413711408,0,129.3845702
3,25,22,17.21899472,50.64528401,-12.05151253,57.78322264,0,0,0,0.018242991,4.183505319,3.108771077,0,120.9065082
3,25,23,17.53410319,53.89597038,-12.05151253,58.1860914,0,0,0,0.016444207,4.212673018,3.30738585,0,125.1011555
3,26,0,17.07905607,53.73703917,-12.05151253,56.04680885,0,0,0,0.015336195,4.057788961,3.273187257,0,122.157704
3,26,1,15.78322705,49.07034172,-12.05151253,52.5360377,0,0,0,0.01459652,3.80360913,2.941074532,0,112.0973741
3,26,2,15.49250724,47.96786566,-12.05151253,51.66207834,0,0,0,0.014440739,3.740334472,2.863473523,0,109.6891874
3,26,3,15.29937266,47.72123072,-12.05151253,51.04804867,0,0,0,0.014233511,3.695878724,2.83897836,0,108.5662301
3,26,4,15.74661008,47.56218751,-12.05151253,52.14607208,0,0,0,0.014992411,3.775375619,2.855030777,0,110.0487559
3,26,5,16.88403486,52.42909529,-12.05151253,55.02364293,0,0,0,0.014513969,3.983711748,3.189472101,0,119.4729584
3,26,6,15.85622677,47.35931455,-12.05151253,52.06658962,0,0,0,0.0160181,3.769621088,2.849836403,0,109.866094
3,26,7,5.638530023,9.124710238,-12.05151253,21.12421045,0,0,0,0.010594584,1.529392837,0.151043234,0,25.52696883
3,26,8,1.304207866,3.894616128,-12.05151253,5.013288647,0,0,0,0.000780424,0.362962098,-0.381694752,0,-1.857352123
3,26,9,0.333058653,0.02390932,-12.05151253,1.628066424,0,0,0,0.001150833,0.117872009,-0.651386132,0,-10.59884143
3,26,10,0.105036375,1.69457E-09,-12.05151253,0.545331415,0,0,0,0.000518258,0.039481994,-0.665418722,0,-12.02656321
3,26,11,0.010856304,-1.26871E-10,-12.05151253,0.134456396,0,0,0,0.000280107,0.009734643,-0.670664552,0,-12.56684964
3,26,12,0.626141447,-1.55351E-09,-12.05151253,3.01823709,0,0,0,0.005157399,0.218520365,-0.63639317,0,-8.819849405
3,26,13,0,0,-12.05151253,0,0,0,0,0,0,-0.671269248,0,-12.72278178
3,26,14,0.129173401,2.02814E-09,-12.05151253,0.736905163,0,0,0,0.000806316,0.053351934,-0.66407429,0,-11.79535001
3,26,15,0.017963825,-2.09933E-10,-12.05151253,0.167303746,0,0,0,0.000348536,0.012112791,-0.670268663,0,-12.5240523
3,26,16,4.154201713,0.142383033,-12.05151253,18.02008037,0,0,0,0.014058635,1.304653819,-0.431949478,0,11.15191556
3,26,17,19.58941515,63.60117263,-12.05151253,62.34959792,0,0,0,0.016295481,4.514110889,3.962446491,0,141.981526
3,26,18,24.77752334,83.09287598,-12.05151253,75.6827706,0,0,0,0.015272839,5.479432591,5.337111994,0,182.3334748
3,26,19,21.97152898,70.93966495,-12.05151253,67.80792582,0,0,0,0.015955759,4.909293829,4.503884254,0,158.0967411
3,26,20,18.21782804,56.1949744,-12.05151253,57.94077982,0,0,0,0.015321269,4.194912459,3.473523848,0,127.9858273
3,26,21,17.04335994,52.76565004,-12.05151253,55.32405877,0,0,0,0.014303703,4.005461855,3.217092608,0,120.3184144
3,26,22,16.67495308,47.38893442,-12.05151253,55.8379864,0,0,0,0.014478532,4.042670215,2.897089285,0,114.8045994
3,26,23,16.40749422,49.12739791,-12.05151253,55.07951416,0,0,0,0.015172881,3.987756825,2.979024244,0,115.5448477
3,27,0,17.43657527,55.25104002,-12.05151253,58.64629804,0,0,0,0.01509322,4.245991978,3.377430924,0,126.9209169
3,27,1,15.45783078,48.55189568,-12.05151253,57.09292983,0,0,0,0.014745442,4.13352812,2.894072516,0,116.0934898
3,27,2,15.73696259,48.14534901,-12.05151253,54.64456071,0,0,0,0.01744816,3.956266196,2.886975508,0,113.3360496
3,27,3,14.91097497,45.22904502,-12.05151253,52.19247357,0,0,0,0.016092627,3.778735086,2.678529866,0,106.7543386
3,27,4,14.59149621,44.82151714,-12.05151253,50.82968953,0,0,0,0.016150146,3.680069522,2.638035595,0,104.5254456
3,27,5,16.55449386,51.07867001,-12.05151253,55.94384124,0,0,0,0.016059933,4.050334106,3.095897979,0,118.6877846
3,27,6,12.6161476,35.22528657,-12.05151253,43.03748226,0,0,0,0.016037782,3.115913715,1.993498635,0,83.95285403
3,27,7,2.40643703,4.82235374,-12.05151253,8.931611507,0,0,0,0.004902614,0.646648673,-0.268625602,0,4.491815427
3,27,8,1.044152417,2.897608714,-12.05151253,4.270031778,0,0,0,0.001349789,0.309150301,-0.451713153,0,-3.980932689
3,27,9,1.133449854,1.677176092,-12.05151253,4.816230774,0,0,0,0.001391308,0.348695108,-0.514717383,0,-4.589286782
3,27,10,0.677796816,0.089729728,-12.05151253,3.351521366,0,0,0,0.003984646,0.242650147,-0.62851802,0,-8.314347851
3,27,11,0.481427024,1.04143E-09,-12.05151253,2.343187911,0,0,0,0.003588098,0.169646805,-0.644453763,0,-9.698116459
3,27,12,0.240404248,-2.80947E-09,-12.05151253,1.195310317,0,0,0,0.002490135,0.086540467,-0.657878732,0,-11.1846461
3,27,13,0,0,-12.05151253,0,0,0,0,0,0,-0.671269248,0,-12.72278178
3,27,14,0,0,-12.05151253,0,0,0,0,0,0,-0.671269248,0,-12.72278178
3,27,15,0,0,-12.05151253,0,0,0,0,0,0,-0.671269248,0,-12.72278178
3,27,16,3.521764782,0.466122841,-12.05151253,15.48957632,0,0,0,0.012442344,1.121445325,-0.449143908,0,8.110695169
3,27,17,12.82694162,37.1799867,-12.05151253,46.22628824,0,0,0,0.017358389,3.346783269,2.114116659,0,89.65996234
3,27,18,25.99312163,90.26382822,-12.05151253,80.10724802,0,0,0,0.016839628,5.799764756,5.804242858,0,195.9335326
3,27,19,21.3780323,67.28483857,-12.05151253,66.27182801,0,0,0,0.017261831,4.798080348,4.267252659,0,151.9657812
3,27,20,17.44335666,53.79896791,-12.05151253,57.29339152,0,0,0,0.017598547,4.148041546,3.29692823,0,123.9467719
3,27,21,17.73712686,55.9251009,-12.05151253,57.86059969,0,0,0,0.016055092,4.189107417,3.431716838,0,127.1081943
3,27,22,17.93843963,55.86611397,-12.05151253,58.55746439,0,0,0,0.017470867,4.239560422,3.439644387,0,128.0071811
3,27,23,17.34707647,54.59452999,-12.05151253,56.77098743,0,0,0,0.015944371,4.11021949,3.335878232,0,124.1231234
3,28,0,27.24660535,93.65113948,-12.05151253,84.98316492,0,0,0,0.01712362,6.15278114,6.062735139,0,206.0620371
3,28,1,23.5138552,79.69416628,-12.05151253,72.8948811,0,0,0,0.015412494,5.277589392,5.077417548,0,174.4218095
3,28,2,21.03233914,69.20170944,-12.05151253,65.67449938,0,0,0,0.014648164,4.754833755,4.354767258,0,152.9812846
3,28,3,21.02558633,68.77958012,-12.05151253,65.97171132,0,0,0,0.015504316,4.7763519,4.330878523,0,152.8481
3,28,4,17.2447579,55.89730602,-12.05151253,56.10732698,0,0,0,0.016058989,4.062170474,3.402743712,0,124.6788515
3,28,5,14.8377472,44.60930073,-12.05151253,50.04708551,0,0,0,0.014380287,3.623408991,2.639931321,0,103.7203415
3,28,6,8.978901501,17.23602284,-12.05151253,33.17743465,0,0,0,0.017786103,2.402046269,0.788902038,0,50.54958087
3,28,7,3.859612484,1.092067889,-12.05151253,16.76382903,0,0,0,0.012732783,1.213701222,-0.395460651,0,10.49497022
3,28,8,0.206259021,0.003633906,-12.05151253,0.970809292,0,0,0,0.000134329,0.070286593,-0.659578212,0,-11.45996761
3,28,9,0.215172774,0.434068135,-12.05151253,1.566454467,0,0,0,0.000649209,0.113411303,-0.63510653,0,-10.35686318
3,28,10,1.681813314,4.237436967,-12.05151253,6.572554291,0,0,0,0.00089884,0.475852931,-0.341567007,0,0.575476801
3,28,11,0.620573336,0.113704197,-12.05151253,3.170847394,0,0,0,0.003679076,0.229569351,-0.63036999,0,-8.543509169
3,28,12,0.770106986,-4.81009E-09,-12.05151253,3.73950323,0,0,0,0.005097187,0.270740034,-0.628374289,0,-7.894439392
3,28,13,0.131576845,9.38919E-10,-12.05151253,0.755354232,0,0,0,0.001036139,0.054687646,-0.663940418,0,-11.77279809
3,28,14,0.150644864,-1.7605E-09,-12.05151253,0.78048807,0,0,0,0.001625955,0.056507336,-0.662878329,0,-11.72512464
3,28,15,0.19491874,-2.2779E-09,-12.05151253,0.98509942,0,0,0,0.002052213,0.071321198,-0.660412274,0,-11.45853324
3,28,16,4.299284556,2.352159376,-12.05151253,18.52025651,0,0,0,0.013758872,1.340866571,-0.300783821,0,14.17402953
3,28,17,24.99544694,78.92404797,-12.05151253,80.43621877,0,0,0,0.019793861,5.823582239,5.117046618,0,183.2646239
3,28,18,22.68250296,73.43383212,-12.05151253,70.38451131,0,0,0,0.016498466,5.095838619,4.682410615,0,164.2440816
3,28,19,21.59290995,68.58329362,-12.05151253,68.1547144,0,0,0,0.017440652,4.934401323,4.351545291,0,155.5827927
3,28,20,17.68370869,53.08164992,-12.05151253,58.05812002,0,0,0,0.016378878,4.20340789,3.270361226,0,124.2621141
3,28,21,17.47588098,54.1871633,-12.05151253,56.89542161,0,0,0,0.015812259,4.119228524,3.320362319,0,123.9623565
3,28,22,17.48868616,55.38482233,-12.05151253,56.79799874,0,0,0,0.015504547,4.112175109,3.387785174,0,125.1354595
3,28,23,17.84946602,56.68073283,-12.05151253,58.82664163,0,0,0,0.015434605,4.259048854,3.480062828,0,129.0598742
3,29,0,18.50386403,59.03064491,-12.05151253,60.33025972,0,0,0,0.015327782,4.367910803,3.6474029,0,133.8438976
3,29,1,20.41038779,66.62523879,-12.05151253,64.97665862,0,0,0,0.015577702,4.704310084,4.176615152,0,148.8572756
3,29,2,19.53566274,63.73582245,-12.05151253,62.98217629,0,0,0,0.014737824,4.559909563,3.966952477,0,142.7437488
3,29,3,20.08955401,66.32274112,-12.05151253,64.21723048,0,0,0,0.014660369,4.649327487,4.141895591,0,147.3838965
3,29,4,20.0579688,64.92858835,-12.05151253,64.14835193,0,0,0,0.015231962,4.64434068,4.062481985,0,145.8054512
3,29,5,14.41248354,41.14398084,-12.05151253,48.31616437,0,0,0,0.01549305,3.4980903,2.423225818,0,97.75792539
3,29,6,19.33582874,61.61671547,-12.05151253,61.71737617,0,0,0,0.016221999,4.468338035,3.837787464,0,138.9407553
3,29,7,17.20163007,53.12226193,-12.05151253,56.20408934,0,0,0,0.017243292,4.069176068,3.245771536,0,121.8086597
3,29,8,4.336609333,7.018711753,-12.05151253,17.04063119,0,0,0,0.009321327,1.233741698,-0.038777864,0,17.5487249
3,29,9,1.994294432,2.079821071,-12.05151253,9.09180959,0,0,0,0.005930021,0.658247014,-0.444341015,0,1.33424858
3,29,10,2.860287491,3.174666861,-12.05151253,12.50606247,0,0,0,0.00732881,0.905438923,-0.335122291,0,7.067149734
3,29,11,1.254316834,0.84463538,-12.05151253,5.779066702,0,0,0,0.005391301,0.418404429,-0.55435761,0,-4.304055498
3,29,12,0.753210025,-3.81147E-09,-12.05151253,3.664799379,0,0,0,0.005051791,0.265331475,-0.62931545,0,-7.992435318
3,29,13,1.981068627,8.08982E-09,-12.05151253,8.973592932,0,0,0,0.008719767,0.649688128,-0.560923725,0,-0.999366797
3,29,14,0.554354806,-1.09873E-09,-12.05151253,2.689133495,0,0,0,0.004541078,0.194693265,-0.640391686,0,-9.249181577
3,29,15,0.658641864,-6.00068E-09,-12.05151253,3.196578049,0,0,0,0.00626253,0.231432251,-0.634582897,0,-8.593180744
3,29,16,9.417083712,22.52120829,-12.05151253,35.44842164,0,0,0,0.015283129,2.566465727,1.107693616,0,59.02464358
3,29,17,26.86076838,86.39393343,-12.05151253,86.06844395,0,0,0,0.020291979,6.231355342,5.637017643,0,199.1602982
3,29,18,23.09986012,74.75500932,-12.05151253,71.7140136,0,0,0,0.016300976,5.192094584,4.779246979,0,167.505013
3,29,19,25.65259539,84.75288179,-12.05151253,79.35442258,0,0,0,0.016232227,5.745260195,5.478315831,0,188.9481955
3,29,20,19.47859986,61.64629093,-12.05151253,63.91346704,0,0,0,0.016247813,4.627335014,3.847387169,0,141.4778153
3,29,21,16.96761475,52.14246877,-12.05151253,56.93664913,0,0,0,0.015906024,4.122213397,3.178162404,0,121.3115019
3,29,22,17.56422226,50.37397464,-12.05151253,60.50489458,0,0,0,0.019566971,4.380554367,3.112888319,0,123.9045886
3,29,23,17.17356631,53.39585505,-12.05151253,58.2380185,0,0,0,0.015887184,4.216432539,3.259447522,0,124.2476946
3,30,0,16.58270176,50.98180472,-12.05151253,56.28873158,0,0,0,0.015880165,4.075304166,3.092073763,0,118.9849836
3,30,1,15.04344738,46.8441032,-12.05151253,52.08559934,0,0,0,0.01521004,3.770997392,2.775867319,0,108.4837121
3,30,2,13.51847954,41.9452123,-12.05151253,48.02659426,0,0,0,0.015186572,3.477125425,2.418058387,0,97.34914395
3,30,3,14.42248069,45.50830841,-12.05151253,49.51068304,0,0,0,0.014556153,3.584573452,2.666875705,0,103.6559649
3,30,4,14.27363674,44.01535844,-12.05151253,49.32388118,0,0,0,0.014776961,3.571048997,2.575427783,0,101.7226176
3,30,5,15.8923205,49.23617812,-12.05151253,53.40834514,0,0,0,0.015912865,3.866764188,2.956388125,0,113.3243964
3,30,6,13.05840556,36.54229925,-12.05151253,46.62939078,0,0,0,0.017226125,3.375967892,2.09149001,0,89.66326708
3,30,7,0.389485405,1.861772931,-12.05151253,1.491134318,0,0,0,2.33221E-05,0.107958125,-0.545874159,0,-8.747012593
3,30,8,0.443705216,0.043219816,-12.05151253,1.888731239,0,0,0,0.000265539,0.136744142,-0.644147524,0,-10.18299411
3,30,9,0.229726715,3.70622E-09,-12.05151253,1.097587169,0,0,0,0.001043097,0.079465311,-0.65847347,0,-11.30216371
3,30,10,0,0,-12.05151253,0,0,0,0,0,0,-0.671269248,0,-12.72278178
3,30,11,0,0,-12.05151253,0,0,0,0,0,0,-0.671269248,0,-12.72278178
3,30,12,0,0,-12.05151253,0,0,0,0,0,0,-0.671269248,0,-12.72278178
3,30,13,0,0,-12.05151253,0,0,0,0,0,0,-0.671269248,0,-12.72278178
3,30,14,0,0,-12.05151253,0,0,0,0,0,0,-0.671269248,0,-12.72278178
3,30,15,0,0,-12.05151253,0,0,0,0,0,0,-0.671269248,0,-12.72278178
3,30,16,0,0,-12.05151253,0,0,0,0,0,0,-0.671269248,0,-12.72278178
3,30,17,11.71176328,31.46886557,-12.05151253,43.19789889,0,0,0,0.01910205,3.127527879,1.733891779,0,79.20753691
3,30,18,25.72334044,83.57303,-12.05151253,81.79667721,0,0,0,0.018685428,5.92207943,5.416538586,0,190.3988386
3,30,19,25.71268928,86.54962318,-12.05151253,79.60635213,0,0,0,0.017540508,5.763499894,5.581741555,0,191.179934
3,30,20,25.75091659,84.64847327,-12.05151253,79.39256036,0,0,0,0.018245179,5.74802137,5.477976767,0,188.984681
3,30,21,14.96717091,44.60984592,-12.05151253,51.75446249,0,0,0,0.016818024,3.747023084,2.64717059,0,105.6909785
3,30,22,13.95072885,42.80397978,-12.05151253,47.62131962,0,0,0,0.014030247,3.447783541,2.489968023,0,98.27629753
3,30,23,13.82511041,42.40583731,-12.05151253,47.33938559,0,0,0,0.014404543,3.427371517,2.46079454,0,97.42139137
3,31,0,16.46523911,50.76452054,-12.05151253,55.74289107,0,0,0,0.015975375,4.035785314,3.073428365,0,118.0463272
3,31,1,15.19364021,47.980138,-12.05151253,51.50483178,0,0,0,0.014530918,3.728949821,2.847510198,0,109.2180884
3,31,2,16.11197376,50.77950959,-12.05151253,54.62324279,0,0,0,0.014154269,3.954722778,3.054586374,0,116.486677
3,31,3,15.59972718,48.98631414,-12.05151253,53.07282957,0,0,0,0.014168372,3.842472861,2.926173253,0,112.3901728
3,31,4,15.76512824,48.74586481,-12.05151253,53.94691219,0,0,0,0.014894181,3.905756442,2.921993065,0,113.2490364
3,31,5,16.36579142,52.00546109,-12.05151253,55.31626326,0,0,0,0.014720484,4.00489746,3.137009516,0,118.7926307
3,31,6,11.31044931,28.79360548,-12.05151253,40.13495361,0,0,0,0.017974845,2.905770641,1.562526604,0,72.67376796
3,31,7,0.345856258,1.138930332,-12.05151253,1.553559361,0,0,0,0.00103688,0.112477698,-0.588566635,0,-9.488218639
3,31,8,0.381040323,1.080802656,-12.05151253,1.813897428,0,0,0,0.000959859,0.131326174,-0.589844594,0,-9.233330689
3,31,9,0.469140675,1.45908E-09,-12.05151253,2.284510479,0,0,0,0.003416426,0.165398559,-0.645138112,0,-9.774184506
3,31,10,0.02060198,-2.40763E-10,-12.05151253,0.179495959,0,0,0,0.000373936,0.012995507,-0.670121718,0,-12.50816687
3,31,11,0,0,-12.05151253,0,0,0,0,0,0,-0.671269248,0,-12.72278178
3,31,12,0,0,-12.05151253,0,0,0,0,0,0,-0.671269248,0,-12.72278178
3,31,13,0,0,-12.05151253,0,0,0,0,0,0,-0.671269248,0,-12.72278178
3,31,14,0,0,-12.05151253,0,0,0,0,0,0,-0.671269248,0,-12.72278178
3,31,15,0,0,-12.05151253,0,0,0,0,0,0,-0.671269248,0,-12.72278178
3,31,16,0,0,-12.05151253,0,0,0,0,0,0,-0.671269248,0,-12.72278178
3,31,17,11.52338874,30.42713824,-12.05151253,42.68207415,0,0,0,0.017968564,3.090182168,1.665375104,0,77.35461443
3,31,18,25.92717254,84.53283239,-12.05151253,81.92702389,0,0,0,0.019687584,5.93151653,5.481353026,0,191.7680734
3,31,19,24.88898872,81.95999854,-12.05151253,76.666464,0,0,0,0.018998985,5.550651993,5.280219342,0,182.313809
3,31,20,22.10735261,70.40876549,-12.05151253,68.75160014,0,0,0,0.017898885,4.97761585,4.48187853,0,158.693599
3,31,21,16.18959305,48.214656,-12.05151253,54.87461901,0,0,0,0.018159981,3.972922417,2.916047424,0,114.1344853
3,31,22,14.34196557,41.85744545,-12.05151253,50.00145076,0,0,0,0.017892436,3.620105035,2.459037946,0,100.2463847
3,31,23,15.0950054,45.23974313,-12.05151253,51.21429003,0,0,0,0.014940884,3.707914598,2.689376245,0,105.9097578
4,1,0,19.30266349,63.26180259,-12.05151253,63.10274722,0,0,0,0.01699916,4.568638899,3.927571512,0,142.1289103
4,1,1,22.4518952,71.91724844,-12.05151253,69.50383256,0,0,0,0.01608648,5.032077477,4.585092052,0,161.4547197
4,1,2,21.98091686,67.78976281,-12.05151253,70.51625044,0,0,0,0.016730791,5.105376532,4.32895761,0,157.6864825
4,1,3,22.5983018,72.06946794,-12.05151253,72.27987918,0,0,0,0.016498943,5.233063253,4.601725527,0,164.7474241
4,1,4,21.7803205,68.3165698,-12.05151253,71.73741091,0,0,0,0.018721288,5.19378855,4.347127542,0,159.3424261
4,1,5,14.20576915,34.94107006,-12.05151253,47.9019358,0,0,0,0.018105394,3.468100152,2.066209696,0,90.54967771
4,1,6,5.470513894,4.255801283,-12.05151253,22.84712474,0,0,0,0.014028964,1.654131831,-0.129513493,0,22.06057469
4,1,7,0.336578532,0.217458801,-12.05151253,1.651928545,0,0,0,0.000799547,0.119599627,-0.640409369,0,-10.36555685
4,1,8,0.956879607,3.365052053,-12.05151253,4.031027111,0,0,0,0.001161903,0.291846363,-0.430537655,0,-3.836083152
4,1,9,0.583315123,0.383469813,-12.05151253,2.811869706,0,0,0,0.002612088,0.203579367,-0.617419327,0,-8.684085765
4,1,10,0.877888402,0.04283665,-12.05151253,3.890142266,0,0,0,0.001517535,0.2816463,-0.619984863,0,-7.577466243
4,1,11,0.404253916,0.006754599,-12.05151253,1.985051749,0,0,0,0.000991608,0.143717747,-0.648376074,0,-10.15911899
4,1,12,0,0,-12.05151253,0,0,0,0,0,0,-0.671269248,0,-12.72278178
4,1,13,0,0,-12.05151253,0,0,0,0,0,0,-0.671269248,0,-12.72278178
4,1,14,0,0,-12.05151253,0,0,0,0,0,0,-0.671269248,0,-12.72278178
4,1,15,0.138489953,-1.61845E-09,-12.05151253,0.715244617,0,0,0,0.001490037,0.05178371,-0.663555358,0,-11.80805958
4,1,16,1.540500893,1.08077E-09,-12.05151253,7.092516566,0,0,0,0.010442695,0.513498199,-0.585463348,0,-3.480017527
4,1,17,20.34419509,61.15642334,-12.05151253,67.38374125,0,0,0,0.01992731,4.878582866,3.868315198,0,145.5996725
4,1,18,29.23886743,93.32194636,-12.05151253,91.28568223,0,0,0,0.022853013,6.609083393,6.15536808,0,214.582288
4,1,19,23.92507373,75.92680761,-12.05151253,73.79353351,0,0,0,0.018428925,5.342651826,4.890480543,0,171.8454636
4,1,20,22.43954707,71.2827508,-12.05151253,69.70405043,0,0,0,0.017284251,5.046573251,4.549062743,0,160.987756
4,1,21,20.1469996,61.60290426,-12.05151253,64.84448244,0,0,0,0.017642198,4.694740529,3.882200397,0,143.1374569
4,1,22,20.53802825,64.02285733,-12.05151253,66.20992788,0,0,0,0.017293584,4.793598778,4.038772079,0,147.5689654
4,1,23,20.99233855,65.9772448,-12.05151253,67.2137255,0,0,0,0.016014737,4.866273726,4.172936545,0,151.1870213
4,2,0,21.85078111,68.1893627,-12.05151253,69.57259718,0,0,0,0.019348439,5.037056036,4.343966762,0,156.9615997
4,2,1,21.92463071,68.16689902,-12.05151253,70.41517129,0,0,0,0.019452566,5.098058401,4.346828958,0,157.9195284
4,2,2,22.16998202,69.88557477,-12.05151253,70.4507397,0,0,0,0.018375536,5.100633554,4.456225265,0,160.0300183
4,2,3,22.811625,72.93713856,-12.05151253,72.17376594,0,0,0,0.017879716,5.225380654,4.661936882,0,165.7762142
4,2,4,23.02838951,72.77069264,-12.05151253,72.86616062,0,0,0,0.01869929,5.275510029,4.664739627,0,166.5726792
4,2,5,20.18796827,64.67206993,-12.05151253,63.37497128,0,0,0,0.014419731,4.588347921,4.055434879,0,144.8416995
4,2,6,15.3937211,45.82997189,-12.05151253,52.07523763,0,0,0,0.01682117,3.770247204,2.738890451,0,107.7733769
4,2,7,10.29058252,24.81515471,-12.05151253,36.25185498,0,0,0,0.015755396,2.624634301,1.284120315,0,63.23058969
4,2,8,3.154572888,6.430455159,-12.05151253,11.91295319,0,0,0,0.010662045,0.862497811,-0.137383186,0,10.18224537
4,2,9,2.271100993,5.778292848,-12.05151253,9.417418586,0,0,0,0.008380856,0.681821106,-0.222918011,0,5.882583844
4,2,10,0.902000458,0.027604944,-12.05151253,4.18923211,0,0,0,0.004056108,0.303300405,-0.619490227,0,-7.244808738
4,2,11,0.371168811,3.05014E-09,-12.05151253,1.834332532,0,0,0,0.001366322,0.132805675,-0.650595145,0,-10.36243434
4,2,12,0.77780698,-4.94962E-09,-12.05151253,3.67985951,0,0,0,0.006839161,0.266421829,-0.6279454,0,-7.94853046
4,2,13,0.27778229,3.8525E-09,-12.05151253,1.381566361,0,0,0,0.001525167,0.100025405,-0.655796774,0,-10.94641008
4,2,14,0.47079872,-5.50195E-09,-12.05151253,2.229244115,0,0,0,0.004644083,0.161397274,-0.64504576,0,-9.830474108
4,2,15,0.597940485,-2.59757E-09,-12.05151253,2.858681801,0,0,0,0.005083976,0.206968562,-0.637963963,0,-9.020801676
4,2,16,2.334355774,0.051885559,-12.05151253,10.42431536,0,0,0,0.01154818,0.754720432,-0.538355606,0,0.986957161
4,2,17,12.96828728,32.58660248,-12.05151253,47.27523367,0,0,0,0.015894623,3.422726918,1.866138111,0,86.08337055
4,2,18,23.54641107,82.35034743,-12.05151253,72.05757752,0,0,0,0.013960754,5.216968613,5.2271802,0,176.3609331
4,2,19,16.58214361,46.70234181,-12.05151253,50.6695605,0,0,0,0.017190772,3.66847618,2.85367659,0,108.4418769
4,2,20,10.38749219,25.49711396,-12.05151253,36.69543827,0,0,0,0.013921227,2.656749731,1.327503315,0,64.52670616
4,2,21,10.22317896,24.54953603,-12.05151253,36.22640255,0,0,0,0.014416865,2.622791545,1.265570977,0,62.85038439
4,2,22,11.05365397,23.57330932,-12.05151253,40.10255901,0,0,0,0.018170206,2.903425272,1.257452607,0,66.85705785
4,2,23,10.90987521,25.30686394,-12.05151253,38.96222043,0,0,0,0.016648262,2.820864759,1.346003122,0,67.31096318
4,3,0,17.28429914,46.21672623,-12.05151253,59.61705589,0,0,0,0.01952832,4.316274846,2.865737865,0,118.2681098
4,3,1,23.68111534,75.11948979,-12.05151253,75.9566183,0,0,0,0.019966662,5.499259165,4.831924458,0,173.0568612
4,3,2,24.64390899,78.43749281,-12.05151253,77.07990205,0,0,0,0.018915579,5.580584908,5.070364832,0,178.7796566
4,3,3,25.62491029,82.19370456,-12.05151253,80.37447115,0,0,0,0.017971283,5.819111711,5.334227599,0,187.3128841
4,3,4,5.83855046,8.922592975,-12.05151253,23.0334358,0,0,0,0.013180442,1.667620752,0.150926441,0,27.57479434
4,3,5,5.398201386,7.186476669,-12.05151253,21.56966826,0,0,0,0.013875546,1.561643982,0.02969732,0,23.70805063
4,3,6,9.43952792,21.77815692,-12.05151253,34.16322272,0,0,0,0.015930638,2.473417325,1.067555798,0,56.88629879
4,3,7,1.561523568,2.680522274,-12.05151253,6.554387269,0,0,0,0.008871527,0.474537638,-0.434987295,0,-1.206657554
4,3,8,1.384755717,5.768692772,-12.05151253,4.63852526,0,0,0,0.000111927,0.335829229,-0.272822167,0,-0.196419797
4,3,9,0.42234461,1.323212901,-12.05151253,1.817561129,0,0,0,0.000165904,0.131591426,-0.574041695,0,-8.930678259
4,3,10,0.701742903,0.013967167,-12.05151253,3.335524672,0,0,0,0.002636005,0.241491986,-0.631404197,0,-8.387553998
4,3,11,0.207458889,1.89031E-09,-12.05151253,1.147252898,0,0,0,0.00133548,0.08306111,-0.659713788,0,-11.27211794
4,3,12,0,0,-12.05151253,0,0,0,0,0,0,-0.671269248,0,-12.72278178
4,3,13,0,0,-12.05151253,0,0,0,0,0,0,-0.671269248,0,-12.72278178
4,3,14,0,0,-12.05151253,0,0,0,0,0,0,-0.671269248,0,-12.72278178
4,3,15,0,0,-12.05151253,0,0,0,0,0,0,-0.671269248,0,-12.72278178
4,3,16,0.045316699,-5.2959E-10,-12.05151253,0.290747062,0,0,0,0.0006057,0.021050087,-0.668745108,0,-12.36253809
4,3,17,14.8162423,42.33500044,-12.05151253,52.59962895,0,0,0,0.018394965,3.808213136,2.512054972,0,104.0380222
4,3,18,25.88500531,87.69313668,-12.05151253,79.86008422,0,0,0,0.016763654,5.781870098,5.655033261,0,192.8403807
4,3,19,24.3382557,79.30540439,-12.05151253,73.73393088,0,0,0,0.017149813,5.338336596,5.101682619,0,175.7832475
4,3,20,13.33742108,36.44185218,-12.05151253,45.71855087,0,0,0,0.016401711,3.310023083,2.101436273,0,88.87417266
4,3,21,13.05001749,35.59698204,-12.05151253,44.89227843,0,0,0,0.017034478,3.250200958,2.038368626,0,86.79336949
4,3,22,13.49157149,35.5348642,-12.05151253,46.65050395,0,0,0,0.018151208,3.377496486,2.05950322,0,89.08057802
4,3,23,13.43895036,34.63673364,-12.05151253,47.02226888,0,0,0,0.019045005,3.404412267,2.00654635,0,88.47644397
4,4,0,11.88354646,29.9738457,-12.05151253,42.5199796,0,0,0,0.017687955,3.078446523,1.660187495,0,77.08218119
4,4,1,12.33326203,30.28640218,-12.05151253,44.4329996,0,0,0,0.018558977,3.216949171,1.702646048,0,79.93930547
4,4,2,13.37574444,34.78317941,-12.05151253,47.5627957,0,0,0,0.017719513,3.443546409,2.01118281,0,89.14265575
4,4,3,13.36477015,34.44236381,-12.05151253,47.36556796,0,0,0,0.017548003,3.42926712,1.991588113,0,88.55959261
4,4,4,13.94529023,37.85940844,-12.05151253,48.54263768,0,0,0,0.017614725,3.514486968,2.214252468,0,94.04217798
4,4,5,14.92201709,41.98233749,-12.05151253,51.49574965,0,0,0,0.01814181,3.728292275,2.498303302,0,102.5933291
4,4,6,4.001649719,1.773796681,-12.05151253,17.52893404,0,0,0,0.014374009,1.269094824,-0.349576884,0,12.18675985
4,4,7,1.151360627,5.2645236,-12.05151253,4.257377996,0,0,0,0.001091312,0.308234167,-0.313904497,0,-1.382829329
4,4,8,0.547304191,4.19616E-11,-12.05151253,2.614340283,0,0,0,0.003314996,0.189278236,-0.640784405,0,-9.338059233
4,4,9,0.351173523,1.88738E-10,-12.05151253,1.805774396,0,0,0,0.002749046,0.130738066,-0.651708883,0,-10.41278639
4,4,10,0.012600914,-1.4726E-10,-12.05151253,0.141693872,0,0,0,0.000295184,0.010258636,-0.670567377,0,-12.5572313
4,4,11,0,0,-12.05151253,0,0,0,0,0,0,-0.671269248,0,-12.72278178
4,4,12,0,0,-12.05151253,0,0,0,0,0,0,-0.671269248,0,-12.72278178
4,4,13,0,0,-12.05151253,0,0,0,0,0,0,-0.671269248,0,-12.72278178
4,4,14,0,0,-12.05151253,0,0,0,0,0,0,-0.671269248,0,-12.72278178
4,4,15,0,0,-12.05151253,0,0,0,0,0,0,-0.671269248,0,-12.72278178
4,4,16,0.87828526,-9.14111E-09,-12.05151253,4.28455185,0,0,0,0.008024713,0.310201554,-0.62234876,0,-7.192797926
4,4,17,15.5004568,43.7532204,-12.05151253,55.1843558,0,0,0,0.016608412,3.99534736,2.629160572,0,109.0276368
4,4,18,25.39981942,83.97644401,-12.05151253,78.76817307,0,0,0,0.017578841,5.70281573,5.420988625,0,187.2343072
4,4,19,22.06990651,69.53953229,-12.05151253,68.430815,0,0,0,0.01728737,4.954391006,4.431376493,0,157.3917961
4,4,20,18.73077683,56.20617133,-12.05151253,61.55491918,0,0,0,0.01901878,4.456576149,3.502718764,0,132.4186685
4,4,21,18.66788178,55.12534618,-12.05151253,61.90150568,0,0,0,0.020366335,4.481669012,3.43901355,0,131.58427
4,4,22,18.58245992,56.94597766,-12.05151253,60.40811141,0,0,0,0.017220131,4.373547266,3.535664725,0,131.8114686
4,4,23,18.80655964,57.92227255,-12.05151253,61.41145406,0,0,0,0.017086258,4.446189274,3.602526705,0,134.154576
4,5,0,17.0341721,51.11983522,-12.05151253,56.83067641,0,0,0,0.017506287,4.114540972,3.124908959,0,120.1901274
4,5,1,18.03640291,53.62613851,-12.05151253,60.18952827,0,0,0,0.015453558,4.357721847,3.320334309,0,127.4940669
4,5,2,19.02798638,58.63838837,-12.05151253,63.23857216,0,0,0,0.015341697,4.578472624,3.654747825,0,137.1019965
4,5,3,20.2184814,62.82481973,-12.05151253,66.62820495,0,0,0,0.015546975,4.823882039,3.954242625,0,146.4136652
4,5,4,20.25026091,62.76114114,-12.05151253,65.24189936,0,0,0,0.017369024,4.723513514,3.952465846,0,144.8951373
4,5,5,18.85496328,56.7098592,-12.05151253,61.47471784,0,0,0,0.016741399,4.450769572,3.537691364,0,132.9932301
4,5,6,12.76460338,36.20121238,-12.05151253,43.76821551,0,0,0,0.016074491,3.168818803,2.056126689,0,85.92353871
4,5,7,1.484672628,2.880418097,-12.05151253,5.648815806,0,0,0,0.006711997,0.408974264,-0.428133695,0,-2.050053437
4,5,8,0.760768397,3.094885629,-12.05151253,2.883876073,0,0,0,0.0009281,0.208792628,-0.456509319,0,-5.558771028
4,5,9,0.46620009,0.061055942,-12.05151253,2.491452858,0,0,0,0.001578008,0.180381187,-0.641901087,0,-9.492745536
4,5,10,0.349632015,1.18915E-09,-12.05151253,1.771154444,0,0,0,0.002283392,0.128231582,-0.651794745,0,-10.45200585
4,5,11,0.130087569,-1.16423E-09,-12.05151253,0.754658426,0,0,0,0.001418069,0.05463727,-0.664023371,0,-11.77473457
4,5,12,0,0,-12.05151253,0,0,0,0,0,0,-0.671269248,0,-12.72278178
4,5,13,0,0,-12.05151253,0,0,0,0,0,0,-0.671269248,0,-12.72278178
4,5,14,0,0,-12.05151253,0,0,0,0,0,0,-0.671269248,0,-12.72278178
4,5,15,0,0,-12.05151253,0,0,0,0,0,0,-0.671269248,0,-12.72278178
4,5,16,0.028855167,-3.37214E-10,-12.05151253,0.215748282,0,0,0,0.000449459,0.015620176,-0.669662015,0,-12.46050147
4,5,17,9.848206207,19.76553704,-12.05151253,38.4212254,0,0,0,0.017522351,2.781696719,0.978216251,0,59.76089144
4,5,18,22.51925033,78.01731845,-12.05151253,68.97909197,0,0,0,0.015600833,4.994086259,4.928617633,0,167.4024529
4,5,19,19.45222965,60.99852998,-12.05151253,57.81316784,0,0,0,0.014049108,4.185673352,3.809838063,0,134.2219755
4,5,20,9.134823126,20.82388675,-12.05151253,33.35483807,0,0,0,0.014255997,2.414890276,0.997430892,0,54.68861258
4,5,21,9.00500004,21.0283153,-12.05151253,33.65998565,0,0,0,0.014825428,2.436982961,1.001586417,0,55.09518326
4,5,22,11.43408255,29.03232796,-12.05151253,39.48185626,0,0,0,0.014039328,2.858486393,1.582709818,0,72.35198978
4,5,23,12.69443502,32.14823643,-12.05151253,43.64344339,0,0,0,0.015280404,3.159785301,1.826467552,0,81.43613556
4,6,0,12.14137631,28.46331892,-12.05151253,42.32364339,0,0,0,0.016441812,3.064231781,1.590412276,0,75.54791196
4,6,1,22.74711635,72.33625355,-12.05151253,71.37088329,0,0,0,0.018271479,5.16725195,4.624874455,0,164.2131385
4,6,2,19.73498912,62.5799841,-12.05151253,63.43789671,0,0,0,0.017522709,4.592903722,3.91367476,0,142.2254586
4,6,3,20.47885996,63.69764778,-12.05151253,65.87430592,0,0,0,0.018460233,4.769299748,4.017362233,0,146.8044233
4,6,4,21.59721423,69.89457664,-12.05151253,67.51001329,0,0,0,0.016491951,4.887724962,4.424823503,0,156.279332
4,6,5,21.78385008,68.921699,-12.05151253,67.92745726,0,0,0,0.017311906,4.917947905,4.381029836,0,155.8977835
4,6,6,21.07388476,66.7716589,-12.05151253,65.10303531,0,0,0,0.016639775,4.713459756,4.221727534,0,149.8488935
4,6,7,19.98995658,63.9976458,-12.05151253,62.93712598,0,0,0,0.015371274,4.556647921,4.006840204,0,143.4520752
4,6,8,4.289438661,3.467206649,-12.05151253,17.91311559,0,0,0,0.010340057,1.296909569,-0.239224104,0,14.68627389
4,6,9,2.718627584,2.626208591,-12.05151253,11.50786931,0,0,0,0.004573651,0.833169738,-0.373561873,0,5.265374464
4,6,10,2.546992316,2.805726493,-12.05151253,10.56911728,0,0,0,0.005832343,0.765204091,-0.373122811,0,4.268237175
4,6,11,2.876948141,4.094119913,-12.05151253,11.76742384,0,0,0,0.006281249,0.851961486,-0.282980758,0,7.262241333
4,6,12,1.325656011,1.170667599,-12.05151253,5.986184925,0,0,0,0.002365541,0.433399789,-0.532224023,0,-3.665462694
4,6,13,1.29684604,1.157933472,-12.05151253,5.676142749,0,0,0,0.001540413,0.410952735,-0.534538029,0,-4.042635155
4,6,14,1.071904421,1.799262224,-12.05151253,4.499333557,0,0,0,0.001018504,0.32575175,-0.511345266,0,-4.865587346
4,6,15,0.939248831,0.336823601,-12.05151253,4.281919945,0,0,0,0.002816289,0.310011004,-0.600192014,0,-6.780884877
4,6,16,1.892884012,0.892586781,-12.05151253,8.436311486,0,0,0,0.008521233,0.610788952,-0.516118525,0,-0.726538597
4,6,17,13.9376288,40.92252589,-12.05151253,48.61593057,0,0,0,0.015350719,3.519793374,2.384441368,0,97.3441582
4,6,18,21.74446284,68.04244096,-12.05151253,65.70992639,0,0,0,0.014919998,4.75739867,4.329861294,0,152.5474976
4,6,19,17.21416686,49.00205585,-12.05151253,52.6283263,0,0,0,0.015464318,3.810290824,3.016974357,0,113.635766
4,6,20,9.887682845,23.74926517,-12.05151253,35.2604306,0,0,0,0.0137468,2.552855175,1.202308756,0,60.61477681
4,6,21,8.441876878,17.49103701,-12.05151253,31.79045385,0,0,0,0.014675133,2.301628859,0.773194055,0,48.76135325
4,6,22,10.01534819,24.74411056,-12.05151253,34.99848791,0,0,0,0.012951822,2.533890525,1.264832604,0,61.51810907
4,6,23,14.85471768,44.60223508,-12.05151253,51.15825249,0,0,0,0.016055908,3.70385748,2.640483021,0,104.9240891
4,7,0,20.21197288,64.67915477,-12.05151253,63.07480549,0,0,0,0.015413135,4.566615917,4.057166562,0,144.5536162
4,7,1,22.93189167,73.65648766,-12.05151253,71.62620878,0,0,0,0.016867253,5.185737516,4.708703481,0,166.0743838
4,7,2,23.71406335,77.29596879,-12.05151253,74.45830425,0,0,0,0.01709607,5.390781228,4.954989542,0,173.7796907
4,7,3,24.51913322,79.25437265,-12.05151253,76.75967391,0,0,0,0.018490169,5.557400391,5.108915029,0,179.1664728
4,7,4,22.43758895,72.46096099,-12.05151253,70.15696876,0,0,0,0.015681526,5.079364538,4.614579983,0,162.7136322
4,7,5,4.912208213,2.430109725,-12.05151253,21.03585154,0,0,0,0.013802017,1.522995652,-0.262302139,0,17.60115248
4,7,6,3.034957856,0.355340225,-12.05151253,13.68550149,0,0,0,0.015052613,0.990830308,-0.482429645,0,5.547740311
4,7,7,0.391420375,1.606845376,-12.05151253,1.649707758,0,0,0,0.000170977,0.119438842,-0.559965846,0,-8.843895053
4,7,8,0,0,-12.05151253,0,0,0,0,0,0,-0.671269248,0,-12.72278178
4,7,9,0.242331573,-1.14661E-09,-12.05151253,1.256975424,0,0,0,0.002228155,0.091005021,-0.65777138,0,-11.11674374
4,7,10,0,0,-12.05151253,0,0,0,0,0,0,-0.671269248,0,-12.72278178
4,7,11,0,0,-12.05151253,0,0,0,0,0,0,-0.671269248,0,-12.72278178
4,7,12,0,0,-12.05151253,0,0,0,0,0,0,-0.671269248,0,-12.72278178
4,7,13,0,0,-12.05151253,0,0,0,0,0,0,-0.671269248,0,-12.72278178
4,7,14,0,0,-12.05151253,0,0,0,0,0,0,-0.671269248,0,-12.72278178
4,7,15,0,0,-12.05151253,0,0,0,0,0,0,-0.671269248,0,-12.72278178
4,7,16,0.354876177,-1.69698E-09,-12.05151253,1.705962584,0,0,0,0.001919361,0.123511691,-0.651502645,0,-10.51674537
4,7,17,6.690108964,10.54915323,-12.05151253,26.95814658,0,0,0,0.015179587,1.951769812,0.288957656,0,34.40180329
4,7,18,20.29796452,66.99984148,-12.05151253,63.38417127,0,0,0,0.014749141,4.589014,4.191218546,0,147.4254464
4,7,19,17.51461462,58.75868599,-12.05151253,52.63269199,0,0,0,0.013114325,3.8106069,3.577153596,0,124.2553549
4,7,20,16.65771912,52.83914032,-12.05151253,49.82221925,0,0,0,0.014137379,3.607128674,3.199705823,0,114.088538
4,7,21,6.074664787,10.81030665,-12.05151253,23.52759458,0,0,0,0.014109068,1.703397848,0.269223661,0,30.34778406
4,7,22,6.608621755,13.27474886,-12.05151253,25.35342971,0,0,0,0.014836432,1.835588311,0.436234495,0,35.47194702
4,7,23,6.457251767,12.05795375,-12.05151253,24.80422419,0,0,0,0.014942628,1.795825831,0.360027699,0,33.43871333
4,8,0,6.541780388,12.07324576,-12.05151253,25.83798195,0,0,0,0.016162034,1.870669893,0.365587708,0,34.6539152
4,8,1,9.037266857,15.49065083,-12.05151253,35.43200605,0,0,0,0.016912271,2.565277238,0.694935767,0,51.18553648
4,8,2,23.23928125,73.2243054,-12.05151253,74.08223206,0,0,0,0.019340868,5.363553601,4.701752528,0,168.5789532
4,8,3,22.16932481,69.02686061,-12.05151253,71.45795146,0,0,0,0.019531769,5.173555686,4.408358279,0,160.2040701
4,8,4,21.28869967,67.96219517,-12.05151253,68.30327899,0,0,0,0.017965094,4.945157399,4.300005595,0,154.7657894
4,8,5,20.36291431,65.73990718,-12.05151253,67.2095132,0,0,0,0.020801207,4.865968756,4.124657909,0,150.27225
4,8,6,5.203938489,4.305203248,-12.05151253,21.68777543,0,0,0,0.013155644,1.570194941,-0.141610053,0,20.58714516
4,8,7,0.29137479,1.13445398,-12.05151253,1.2238077,0,0,0,4.07437E-05,0.088603677,-0.591850586,0,-9.905082229
4,8,8,0.290233107,1.23633631,-12.05151253,1.144884864,0,0,0,7.93269E-05,0.082889664,-0.586239332,0,-9.883328594
4,8,9,0.590804596,1.308870795,-12.05151253,2.752334312,0,0,0,0.001717441,0.199269004,-0.565457329,0,-7.763973715
4,8,10,0,0,-12.05151253,0,0,0,0,0,0,-0.671269248,0,-12.72278178
4,8,11,0,0,-12.05151253,0,0,0,0,0,0,-0.671269248,0,-12.72278178
4,8,12,0,0,-12.05151253,0,0,0,0,0,0,-0.671269248,0,-12.72278178
4,8,13,0,0,-12.05151253,0,0,0,0,0,0,-0.671269248,0,-12.72278178
4,8,14,0,0,-12.05151253,0,0,0,0,0,0,-0.671269248,0,-12.72278178
4,8,15,0,0,-12.05151253,0,0,0,0,0,0,-0.671269248,0,-12.72278178
4,8,16,0.564503909,0.016258522,-12.05151253,2.762938357,0,0,0,0.003659179,0.200036737,-0.638920781,0,-9.143036611
4,8,17,16.65235533,50.62884068,-12.05151253,58.62506904,0,0,0,0.019938231,4.244454999,3.07629337,0,121.1954391
4,8,18,21.80493958,67.64514072,-12.05151253,68.61766655,0,0,0,0.018657382,4.967919059,4.311100225,0,155.313911
4,8,19,19.46396742,60.36382704,-12.05151253,62.6242715,0,0,0,0.017702538,4.533997257,3.775138903,0,138.7273921
4,8,20,18.90672011,58.65693021,-12.05151253,60.80361831,0,0,0,0.016805579,4.402181966,3.649026074,0,134.3837697
4,8,21,19.06766586,57.06128755,-12.05151253,62.12814114,0,0,0,0.019845941,4.498077418,3.569113457,0,134.2926188
4,8,22,18.68999738,57.26324131,-12.05151253,61.69711609,0,0,0,0.018537662,4.466871205,3.559326147,0,133.6435773
4,8,23,21.59946777,68.62153802,-12.05151253,68.99557988,0,0,0,0.018622376,4.995279983,4.354040774,0,156.5330163
4,9,0,20.23933583,63.0861344,-12.05151253,65.77981627,0,0,0,0.01787989,4.762458698,3.969959443,0,145.804072
4,9,1,20.91223341,64.98062727,-12.05151253,67.11052564,0,0,0,0.017859423,4.858802056,4.112963092,0,149.9414984
4,9,2,21.43301453,68.04249558,-12.05151253,68.1854722,0,0,0,0.018161786,4.936628188,4.312516665,0,154.8767764
4,9,3,20.59217596,66.35482058,-12.05151253,65.26001781,0,0,0,0.014769714,4.724825289,4.171678459,0,149.0667753
4,9,4,21.18777847,65.4501713,-12.05151253,68.37249231,0,0,0,0.019147646,4.950168443,4.154464554,0,152.0827102
4,9,5,20.391694,63.52483456,-12.05151253,65.19795833,0,0,0,0.018212559,4.720332183,4.002881393,0,145.8044005
4,9,6,20.06615867,61.16032277,-12.05151253,63.40847504,0,0,0,0.018390306,4.590773593,3.853045768,0,141.0456536
4,9,7,2.734888322,8.159300322,-12.05151253,8.9380333,0,0,0,0.004779696,0.647113611,-0.064462941,0,8.368139776
4,9,8,1.752403578,6.286681708,-12.05151253,5.957271857,0,0,0,0.000905872,0.431306482,-0.223492198,0,2.153564766
4,9,9,1.914750884,7.337147156,-12.05151253,7.177165608,0,0,0,0.00141528,0.51962679,-0.155938527,0,4.742654656
4,9,10,0.893777644,1.852521036,-12.05151253,3.752824706,0,0,0,0.00141756,0.271704509,-0.518300412,0,-5.797567491
4,9,11,1.206144987,3.296102584,-12.05151253,4.866551359,0,0,0,0.000790207,0.352338318,-0.420494058,0,-2.750079139
4,9,12,0.741596288,0.004043439,-12.05151253,3.420596908,0,0,0,0.001315528,0.247651216,-0.629737115,0,-8.26604627
4,9,13,0,0,-12.05151253,0,0,0,0,0,0,-0.671269248,0,-12.72278178
4,9,14,0,0,-12.05151253,0,0,0,0,0,0,-0.671269248,0,-12.72278178
4,9,15,0,0,-12.05151253,0,0,0,0,0,0,-0.671269248,0,-12.72278178
4,9,16,0.14831594,-1.73328E-09,-12.05151253,0.760011836,0,0,0,0.001583298,0.055024857,-0.66300805,0,-11.74958466
4,9,17,20.02324583,61.17331931,-12.05151253,66.34362897,0,0,0,0.018564942,4.803278737,3.85137943,0,144.1619047
4,9,18,22.73485825,73.00172052,-12.05151253,69.15104172,0,0,0,0.018139866,5.006535421,4.661258189,0,162.5220414
4,9,19,21.67351612,65.9726427,-12.05151253,65.37346644,0,0,0,0.01755346,4.73303897,4.210621798,0,149.929327
4,9,20,13.44448977,34.46343062,-12.05151253,44.98407278,0,0,0,0.0175775,3.256846869,1.997201917,0,86.11210691
4,9,21,13.84565654,38.85315862,-12.05151253,45.75662176,0,0,0,0.015739488,3.312779415,2.264054756,0,91.99649804
4,9,22,14.14062626,37.75112237,-12.05151253,47.56225572,0,0,0,0.017184883,3.443507314,2.219101151,0,93.08228517
4,9,23,16.66558237,48.09900286,-12.05151253,56.40512801,0,0,0,0.015796993,4.083731268,2.936118149,0,116.1538471
4,10,0,23.71664122,79.56016621,-12.05151253,72.68440588,0,0,0,0.015379558,5.262350985,5.081248926,0,174.2686802
4,10,1,22.73212029,71.21252873,-12.05151253,71.24755111,0,0,0,0.017117585,5.1583227,4.561447702,0,162.8775756
4,10,2,22.53788631,69.16142158,-12.05151253,71.75289665,0,0,0,0.016982433,5.194909718,4.436382201,0,161.0489664
4,10,3,15.04420369,43.32815774,-12.05151253,51.12238065,0,0,0,0.016699971,3.701260359,2.580071283,0,103.7412612
4,10,4,10.20571142,23.00124851,-12.05151253,38.91013135,0,0,0,0.018563628,2.81709351,1.17835842,0,64.07959431
4,10,5,11.23857695,26.82428207,-12.05151253,42.53831611,0,0,0,0.017775201,3.079774087,1.448832,0,73.09604389
4,10,6,5.811946531,5.517092371,-12.05151253,24.07890946,0,0,0,0.016735954,1.743313045,-0.040241781,0,25.07624304
4,10,7,1.027114456,3.111003235,-12.05151253,4.131062923,0,0,0,0.001043632,0.299088956,-0.440776093,0,-3.922975426
4,10,8,1.540923786,5.881730915,-12.05151253,5.686609519,0,0,0,0.001062248,0.411710529,-0.257827381,0,1.212697082
4,10,9,0.383009164,-1.57734E-09,-12.05151253,1.898377348,0,0,0,0.002541021,0.13744252,-0.649935638,0,-10.28007812
4,10,10,0.58280667,2.32059E-09,-12.05151253,2.792984719,0,0,0,0.003175207,0.202212094,-0.638806917,0,-9.109140759
4,10,11,0.0836569,6.26384E-10,-12.05151253,0.511801062,0,0,0,0.00026008,0.037054397,-0.666609559,0,-12.08534965
4,10,12,0,0,-12.05151253,0,0,0,0,0,0,-0.671269248,0,-12.72278178
4,10,13,0,0,-12.05151253,0,0,0,0,0,0,-0.671269248,0,-12.72278178
4,10,14,0,0,-12.05151253,0,0,0,0,0,0,-0.671269248,0,-12.72278178
4,10,15,0,0,-12.05151253,0,0,0,0,0,0,-0.671269248,0,-12.72278178
4,10,16,0,0,-12.05151253,0,0,0,0,0,0,-0.671269248,0,-12.72278178
4,10,17,15.17209617,43.13720929,-12.05151253,53.65629409,0,0,0,0.019994049,3.884715692,2.576559066,0,106.3953558
4,10,18,26.1990171,84.74648727,-12.05151253,82.13759325,0,0,0,0.018604104,5.946761751,5.508395345,0,192.5053463
4,10,19,27.13693896,85.98490429,-12.05151253,84.54084593,0,0,0,0.020367762,6.120757245,5.629617421,0,197.3819191
4,10,20,22.36069713,70.75025993,-12.05151253,69.15641544,0,0,0,0.017677434,5.006924478,4.51501106,0,159.7554729
4,10,21,15.59303931,44.6826659,-12.05151253,52.37689874,0,0,0,0.01800093,3.792087469,2.686087532,0,107.0972674
4,10,22,15.27963565,43.24798105,-12.05151253,51.60287615,0,0,0,0.017563474,3.736048233,2.588719002,0,104.421311
4,10,23,18.00260782,54.60987942,-12.05151253,60.71181658,0,0,0,0.017120141,4.395535521,3.373246291,0,129.0586932
4,11,0,25.20087683,85.02673292,-12.05151253,76.08251843,0,0,0,0.015535692,5.508374334,5.468408614,0,185.2509343
4,11,1,23.93590993,76.99816027,-12.05151253,73.76734594,0,0,0,0.01749738,5.340755846,4.950758462,0,172.9589153
4,11,2,22.57068591,69.2660564,-12.05151253,72.29767675,0,0,0,0.020135691,5.234351797,4.444037298,0,161.7814313
4,11,3,22.10613137,68.27204354,-12.05151253,70.68254789,0,0,0,0.017190166,5.117416467,4.362795094,0,158.506612
4,11,4,19.8299682,63.08969284,-12.05151253,65.20169779,0,0,0,0.015439589,4.72060292,3.947355872,0,144.7532447
4,11,5,8.155736974,19.65239469,-12.05151253,31.53095331,0,0,0,0.014182877,2.282841019,0.877643686,0,50.46224002
4,11,6,5.564573677,8.552269299,-12.05151253,22.68716433,0,0,0,0.012303736,1.642550698,0.115038906,0,26.52238811
4,11,7,3.160898167,1.916650581,-12.05151253,13.60654394,0,0,0,0.010560067,0.985113781,-0.388449783,0,7.23980422
4,11,8,0.368671194,1.245259652,-12.05151253,1.57693299,0,0,0,7.93074E-05,0.114169948,-0.5813733,0,-9.327772743
4,11,9,1.270562161,4.853780784,-12.05151253,4.142095462,0,0,0,0.000115054,0.299887711,-0.330143346,0,-1.815214708
4,11,10,0.299444021,0.100399368,-12.05151253,1.48208243,0,0,0,0.000207739,0.107302768,-0.648997971,0,-10.71107418
4,11,11,0.273793319,0.00343597,-12.05151253,1.464027391,0,0,0,0.001048616,0.105995583,-0.655827577,0,-10.85903923
4,11,12,0.086083952,1.38881E-09,-12.05151253,0.45598799,0,0,0,0.00043335,0.03301353,-0.666474372,0,-12.14246808
4,11,13,0,0,-12.05151253,0,0,0,0,0,0,-0.671269248,0,-12.72278178
4,11,14,0,0,-12.05151253,0,0,0,0,0,0,-0.671269248,0,-12.72278178
4,11,15,0,0,-12.05151253,0,0,0,0,0,0,-0.671269248,0,-12.72278178
4,11,16,0.084164255,-1.6696E-10,-12.05151253,0.520139807,0,0,0,0.000440723,0.037658122,-0.666581299,0,-12.07569093
4,11,17,15.07356053,45.22457952,-12.05151253,53.20784843,0,0,0,0.015348468,3.852248227,2.687337153,0,108.0094098
4,11,18,25.51550125,80.81630513,-12.05151253,80.84774251,0,0,0,0.020327232,5.853376558,5.251412367,0,186.2531525
4,11,19,22.74846781,72.41732812,-12.05151253,70.18497438,0,0,0,0.01786995,5.081392145,4.629465585,0,163.0279855
4,11,20,18.25490223,53.5202986,-12.05151253,57.50024599,0,0,0,0.018491024,4.16301781,3.326609438,0,124.7320526
4,11,21,18.66644959,53.62066393,-12.05151253,58.74340167,0,0,0,0.019186567,4.253022281,3.355122975,0,126.6063345
4,11,22,11.63329792,28.04007657,-12.05151253,42.2764993,0,0,0,0.018967922,3.060818549,1.538537711,0,74.51668544
4,11,23,10.83860522,24.98222297,-12.05151253,40.92866923,0,0,0,0.019561543,2.963235652,1.323950882,0,69.00473296
4,12,0,10.41580089,24.30600893,-12.05151253,39.60145308,0,0,0,0.016804149,2.867145203,1.262735559,0,66.41843528
4,12,1,10.44274805,26.51151004,-12.05151253,39.83350525,0,0,0,0.017458233,2.88394578,1.387082928,0,69.02473776
4,12,2,10.71329203,28.88216261,-12.05151253,40.12077992,0,0,0,0.015708329,2.904744466,1.534197575,0,72.11937239
4,12,3,10.56718694,28.43103736,-12.05151253,40.35730018,0,0,0,0.018309498,2.921868533,1.500931845,0,71.74512182
4,12,4,9.999517059,24.88156571,-12.05151253,38.75697826,0,0,0,0.018675278,2.806005226,1.271607062,0,65.68283607
4,12,5,9.550519784,24.82011242,-12.05151253,36.8612253,0,0,0,0.016249958,2.668752712,1.243174966,0,63.10852261
4,12,6,4.887502549,3.955840121,-12.05151253,20.79261346,0,0,0,0.014024773,1.505385215,-0.178695061,0,18.92515852
4,12,7,0.141140973,0.681777997,-12.05151253,0.662926044,0,0,0,0.000361848,0.047995846,-0.625432662,0,-11.14274249
4,12,8,0.354675758,1.459709611,-12.05151253,1.392983889,0,0,0,0.000363834,0.100852034,-0.570207983,0,-9.313135392
4,12,9,0.157325112,0.022555488,-12.05151253,0.852545305,0,0,0,0.000420545,0.06172428,-0.661249899,0,-11.6181917
4,12,10,0.647709656,0.100495371,-12.05151253,3.034637974,0,0,0,0.002405821,0.219707789,-0.629594228,0,-8.67615015
4,12,11,0.084364212,1.36106E-09,-12.05151253,0.448479169,0,0,0,0.000426214,0.032469892,-0.666570161,0,-12.15234321
4,12,12,0,0,-12.05151253,0,0,0,0,0,0,-0.671269248,0,-12.72278178
4,12,13,0,0,-12.05151253,0,0,0,0,0,0,-0.671269248,0,-12.72278178
4,12,14,0,0,-12.05151253,0,0,0,0,0,0,-0.671269248,0,-12.72278178
4,12,15,0,0,-12.05151253,0,0,0,0,0,0,-0.671269248,0,-12.72278178
4,12,16,0,0,-12.05151253,0,0,0,0,0,0,-0.671269248,0,-12.72278178
4,12,17,11.47886488,29.74008207,-12.05151253,43.55528012,0,0,0,0.018376198,3.153402281,1.624626097,0,77.51911911
4,12,18,15.82119607,50.25296127,-12.05151253,54.49141875,0,0,0,0.015123607,3.945178717,3.009061316,0,115.4834272
4,12,19,11.35220236,30.01431912,-12.05151253,41.33006408,0,0,0,0.015687226,2.992296639,1.632845998,0,75.28590289
4,12,20,11.80515573,31.45930353,-12.05151253,43.20260986,0,0,0,0.017046776,3.127868954,1.738561132,0,79.29903344
4,12,21,10.5137594,27.01242037,-12.05151253,39.83220236,0,0,0,0.016154871,2.883851451,1.418938965,0,69.62581488
4,12,22,9.779771171,24.75595684,-12.05151253,37.38883962,0,0,0,0.015593295,2.706951989,1.252370802,0,63.84797118
4,12,23,10.0117525,22.50858017,-12.05151253,38.66182312,0,0,0,0.018391876,2.799115994,1.140113282,0,63.08826441
4,13,0,9.411825473,22.99511268,-12.05151253,36.47143737,0,0,0,0.017022443,2.640532065,1.133797207,0,60.6182147
4,13,1,9.989436097,23.23102569,-12.05151253,38.817143,0,0,0,0.017373404,2.810361153,1.179110474,0,63.99293729
4,13,2,10.57906465,26.98694477,-12.05151253,39.67640454,0,0,0,0.014919229,2.872571688,1.421157476,0,69.49954981
4,13,3,9.907111207,26.18884573,-12.05151253,37.90333482,0,0,0,0.014386676,2.744201441,1.339275553,0,66.04564289
4,13,4,10.67168891,28.21147316,-12.05151253,39.87273215,0,0,0,0.015473678,2.886785808,1.494522879,0,71.10116405
4,13,5,9.613580164,22.39558196,-12.05151253,37.25928867,0,0,0,0.016415536,2.6975725,1.111641082,0,61.04256738
4,13,6,4.306175092,0.528090018,-12.05151253,18.82782999,0,0,0,0.016787334,1.363134891,-0.402000682,0,12.58850411
4,13,7,0.06556521,-7.66223E-10,-12.05151253,0.382999325,0,0,0,0.000797885,0.027729151,-0.667617266,0,-12.24203823
4,13,8,0.222469272,0.517153365,-12.05151253,1.021199455,0,0,0,0.000852237,0.073934841,-0.630072267,0,-10.84597563
4,13,9,0.322028141,6.97121E-10,-12.05151253,1.601145333,0,0,0,0.002451715,0.115922922,-0.653332281,0,-10.6632967
4,13,10,0.146018385,2.33481E-09,-12.05151253,0.80210392,0,0,0,0.000861652,0.058072324,-0.663136024,0,-11.70759227
4,13,11,0,0,-12.05151253,0,0,0,0,0,0,-0.671269248,0,-12.72278178
4,13,12,0,0,-12.05151253,0,0,0,0,0,0,-0.671269248,0,-12.72278178
4,13,13,0,0,-12.05151253,0,0,0,0,0,0,-0.671269248,0,-12.72278178
4,13,14,0,0,-12.05151253,0,0,0,0,0,0,-0.671269248,0,-12.72278178
4,13,15,0,0,-12.05151253,0,0,0,0,0,0,-0.671269248,0,-12.72278178
4,13,16,0,0,-12.05151253,0,0,0,0,0,0,-0.671269248,0,-12.72278178
4,13,17,5.96353807,4.209883719,-12.05151253,25.0396919,0,0,0,0.017247955,1.812873694,-0.104609655,0,24.88711315
4,13,18,19.21715185,61.82164125,-12.05151253,61.15384982,0,0,0,0.015160076,4.427538727,3.842591528,0,138.4264207
4,13,19,17.77058887,54.98447315,-12.05151253,54.76043821,0,0,0,0.015785692,3.964655727,3.381187706,0,122.8256168
4,13,20,11.76931575,28.98874944,-12.05151253,36.4977984,0,0,0,0.014621786,2.642440604,1.598954983,0,69.46036843
4,13,21,5.09358121,5.81819499,-12.05151253,21.10408739,0,0,0,0.013867829,1.527935927,-0.063483314,0,21.4426715
4,13,22,6.088523496,10.85697631,-12.05151253,23.69617168,0,0,0,0.012643969,1.715602829,0.272595091,0,30.59100084
4,13,23,4.683763112,4.871204649,-12.05151253,19.53727622,0,0,0,0.01244764,1.414498798,-0.139057544,0,18.32862034
4,14,0,4.61266102,4.625829493,-12.05151253,19.43637392,0,0,0,0.012485205,1.407193472,-0.156685327,0,17.88634525
4,14,1,9.688082359,14.1858935,-12.05151253,39.06045244,0,0,0,0.019796548,2.827976756,0.658511207,0,54.38920028
4,14,2,26.92649848,86.51267709,-12.05151253,84.48979482,0,0,0,0.021217536,6.117061145,5.647292831,0,197.6630294
4,14,3,25.54593227,80.53622766,-12.05151253,81.10074121,0,0,0,0.02240458,5.871693664,5.23750706,0,186.2629939
4,14,4,9.208063399,16.1576258,-12.05151253,35.24521543,0,0,0,0.019502414,2.551753597,0.74159964,0,51.87224775
4,14,5,8.894268427,18.0557532,-12.05151253,33.53871386,0,0,0,0.015859478,2.428202883,0.829846957,0,51.71113227
4,14,6,4.635695419,1.484987105,-12.05151253,19.68348953,0,0,0,0.014662152,1.425084642,-0.330347232,0,14.86205909
4,14,7,0.346358531,1.860959011,-12.05151253,1.278869459,0,0,0,9.75321E-05,0.092590149,-0.548321661,0,-9.020959514
4,14,8,0.401767699,0.039756553,-12.05151253,1.79140175,0,0,0,0.000257448,0.129697487,-0.646676347,0,-10.33530795
4,14,9,0.186308157,3.00575E-09,-12.05151253,0.893592525,0,0,0,0.00084923,0.064696099,-0.660891884,0,-11.5669584
4,14,10,0,0,-12.05151253,0,0,0,0,0,0,-0.671269248,0,-12.72278178
4,14,11,0,0,-12.05151253,0,0,0,0,0,0,-0.671269248,0,-12.72278178
4,14,12,0,0,-12.05151253,0,0,0,0,0,0,-0.671269248,0,-12.72278178
4,14,13,0,0,-12.05151253,0,0,0,0,0,0,-0.671269248,0,-12.72278178
4,14,14,0,0,-12.05151253,0,0,0,0,0,0,-0.671269248,0,-12.72278178
4,14,15,0,0,-12.05151253,0,0,0,0,0,0,-0.671269248,0,-12.72278178
4,14,16,0,0,-12.05151253,0,0,0,0,0,0,-0.671269248,0,-12.72278178
4,14,17,8.624996444,17.11024154,-12.05151253,34.30395395,0,0,0,0.020610513,2.483606266,0.762183507,0,51.25407968
4,14,18,19.64778611,58.78245691,-12.05151253,60.84553604,0,0,0,0.017855192,4.405216809,3.697295288,0,135.3446338
4,14,19,12.64210864,33.10979516,-12.05151253,44.02094036,0,0,0,0.016832707,3.187116082,1.877111793,0,82.80239221
4,14,20,12.98959821,33.93780239,-12.05151253,44.92732346,0,0,0,0.017315502,3.252738218,1.942586965,0,85.01585221
4,14,21,12.68951437,33.78369999,-12.05151253,44.04512471,0,0,0,0.016033439,3.188867029,1.917288792,0,83.58901579
4,14,22,10.68257467,21.88953204,-12.05151253,38.82496873,0,0,0,0.016763663,2.810927736,1.142997095,0,63.3162514
4,14,23,10.13366274,20.5433982,-12.05151253,36.91348652,0,0,0,0.017321303,2.672536424,1.037443046,0,59.2663357
4,15,0,12.38227571,30.21363976,-12.05151253,44.10299356,0,0,0,0.018669596,3.193056734,1.701323244,0,79.56044607
4,15,1,18.35782277,57.80696301,-12.05151253,61.52706745,0,0,0,0.01792408,4.454559684,3.57110932,0,133.6839338
4,15,2,26.33839197,82.49152291,-12.05151253,81.82248981,0,0,0,0.019741884,5.923948262,5.390557011,0,189.9351393
4,15,3,25.19875062,80.14975177,-12.05151253,79.89744932,0,0,0,0.019369169,5.784575331,5.196642335,0,184.195026
4,15,4,20.89248378,64.21611774,-12.05151253,70.07767907,0,0,0,0.019738519,5.073623965,4.069279856,0,152.2974104
4,15,5,12.1135398,29.89713375,-12.05151253,44.60209662,0,0,0,0.019650651,3.229191795,1.668725268,0,79.47882535
4,15,6,4.185941163,2.071793921,-12.05151253,17.81187131,0,0,0,0.012370365,1.289579482,-0.322713404,0,12.9973303
4,15,7,0.366133766,1.45901511,-12.05151253,1.569774021,0,0,0,0.000920354,0.113651639,-0.569608456,0,-9.111626099
4,15,8,0.478567458,0.042749987,-12.05151253,2.142664678,0,0,0,0.002437007,0.155128923,-0.642231867,0,-9.872196349
4,15,9,0.638440357,3.64645E-09,-12.05151253,2.884355777,0,0,0,0.000981985,0.208827358,-0.63570812,0,-8.954615173
4,15,10,0.041571587,6.56981E-11,-12.05151253,0.249518224,0,0,0,3.78831E-05,0.018065119,-0.668953711,0,-12.41127343
4,15,11,0,0,-12.05151253,0,0,0,0,0,0,-0.671269248,0,-12.72278178
4,15,12,0,0,-12.05151253,0,0,0,0,0,0,-0.671269248,0,-12.72278178
4,15,13,0,0,-12.05151253,0,0,0,0,0,0,-0.671269248,0,-12.72278178
4,15,14,0,0,-12.05151253,0,0,0,0,0,0,-0.671269248,0,-12.72278178
4,15,15,0,0,-12.05151253,0,0,0,0,0,0,-0.671269248,0,-12.72278178
4,15,16,0.168840458,-1.97314E-09,-12.05151253,0.853521586,0,0,0,0.001778103,0.061794963,-0.661864835,0,-11.62744226
4,15,17,16.1313927,48.06758399,-12.05151253,56.552674,0,0,0,0.016174064,4.094413598,2.904613753,0,115.7153396
4,15,18,22.67783712,70.52285107,-12.05151253,69.90786295,0,0,0,0.01852946,5.061329277,4.520009084,0,160.6569064
4,15,19,17.14630913,50.33654687,-12.05151253,56.79634476,0,0,0,0.018493675,4.11205536,3.087525831,0,119.4457631
4,15,20,17.47537175,51.25377905,-12.05151253,57.79361954,0,0,0,0.01866658,4.184258055,3.156944451,0,121.8311269
4,15,21,15.60263247,45.16133443,-12.05151253,52.59851367,0,0,0,0.018517444,3.80813239,2.713283708,0,107.8509016
4,15,22,16.66208807,49.20983155,-12.05151253,56.25144057,0,0,0,0.019046872,4.072604297,2.997796675,0,117.1612955
4,15,23,16.63764955,49.25470901,-12.05151253,56.32392207,0,0,0,0.018858581,4.077851958,2.998935124,0,117.2604138
4,16,0,16.3050921,48.95055431,-12.05151253,55.02436561,0,0,0,0.017674856,3.98376407,2.963470257,0,115.1934087
4,16,1,15.28769675,40.63579945,-12.05151253,53.14862469,0,0,0,0.015171566,3.847960428,2.44366949,0,103.3274098
4,16,2,25.82628827,84.693756,-12.05151253,80.29879999,0,0,0,0.015292673,5.813633119,5.484697218,0,190.0809547
4,16,3,24.32553657,80.00488491,-12.05151253,75.84187587,0,0,0,0.013574495,5.490951813,5.139935229,0,178.7652464
4,16,4,15.64842025,43.33270244,-12.05151253,56.18965643,0,0,0,0.021803296,4.068131125,2.613979286,0,109.8231803
4,16,5,12.66393507,34.57471389,-12.05151253,45.95647972,0,0,0,0.017734426,3.327249132,1.959923499,0,86.44852321
4,16,6,5.357598982,4.149087397,-12.05151253,22.3447042,0,0,0,0.014690083,1.617756584,-0.141746817,0,21.29057789
4,16,7,1.751215721,4.648116523,-12.05151253,6.392895624,0,0,0,0.005589612,0.462845643,-0.314826442,0,0.894324146
4,16,8,1.234975335,3.288408349,-12.05151253,5.188622413,0,0,0,0.003587535,0.375656263,-0.419316777,0,-2.379579416
4,16,9,0.711179055,2.455902505,-12.05151253,3.164239085,0,0,0,0.000801087,0.22909091,-0.494862805,0,-5.985162699
4,16,10,0.212143307,0.656907291,-12.05151253,1.156101267,0,0,0,0.000549517,0.083701732,-0.62286313,0,-10.56497255
4,16,11,0.38864979,2.32053E-09,-12.05151253,1.926176172,0,0,0,0.000838526,0.139455155,-0.649621455,0,-10.24601434
4,16,12,0.217263791,-8.49854E-10,-12.05151253,1.101148563,0,0,0,0.001121403,0.079723156,-0.659167655,0,-11.31142328
4,16,13,0.090690183,-1.05984E-09,-12.05151253,0.497468755,0,0,0,0.001036354,0.036016738,-0.666217805,0,-12.09251831
4,16,14,0.17672766,-2.06531E-09,-12.05151253,0.889455695,0,0,0,0.001852962,0.064396592,-0.661425518,0,-11.58050514
4,16,15,0.265889907,0.004164539,-12.05151253,1.485431323,0,0,0,0.002154147,0.107545228,-0.656227216,0,-10.84255461
4,16,16,3.309500698,0.77151018,-12.05151253,14.36190758,0,0,0,0.011382563,1.039802109,-0.443956942,0,6.998633649
4,16,17,18.5517717,59.53764303,-12.05151253,60.95403252,0,0,0,0.020188543,4.413071954,3.678311152,0,135.1035064
4,16,18,19.63400042,59.14885041,-12.05151253,63.16646407,0,0,0,0.020091064,4.573251999,3.716935543,0,138.208081
4,16,19,19.30833615,57.89507445,-12.05151253,62.6316094,0,0,0,0.019897797,4.534528521,3.628960722,0,135.9668945
4,16,20,18.49809082,56.8543467,-12.05151253,60.20348909,0,0,0,0.019914313,4.35873261,3.525861522,0,131.4089225
4,16,21,19.23264541,57.16419002,-12.05151253,63.80784406,0,0,0,0.021477474,4.61968791,3.584034486,0,136.3783668
4,16,22,19.39344741,57.06621252,-12.05151253,64.24968349,0,0,0,0.021382448,4.651677084,3.58753381,0,136.9184242
4,16,23,20.98538142,62.39876358,-12.05151253,69.12764602,0,0,0,0.021727267,5.004841572,3.973227628,0,149.4600749
4,17,0,20.19327563,62.61360123,-12.05151253,65.50158596,0,0,0,0.016635877,4.742314823,3.941073793,0,144.9569748
4,17,1,18.63896107,55.80093935,-12.05151253,61.43406371,0,0,0,0.016456373,4.447826212,3.475033205,0,131.7617674
4,17,2,20.07187923,63.11038483,-12.05151253,65.52851472,0,0,0,0.016933182,4.744264465,3.96198286,0,145.3824468
4,17,3,19.92806188,62.47599197,-12.05151253,64.39090971,0,0,0,0.016317789,4.661901863,3.918636551,0,143.3403072
4,17,4,18.63639494,55.46416371,-12.05151253,61.44853602,0,0,0,0.01951436,4.448874008,3.456131868,0,131.4221024
4,17,5,19.46072185,59.57533275,-12.05151253,62.90288604,0,0,0,0.018056609,4.554168949,3.731038993,0,138.1906927
4,17,6,6.48572788,9.326334176,-12.05151253,26.15332599,0,0,0,0.013432944,1.893500802,0.209462608,0,32.03027187
4,17,7,1.185830843,1.647083321,-12.05151253,5.400312856,0,0,0,0.004068991,0.390982651,-0.513475929,0,-3.936709801
4,17,8,0.446528362,1.650678374,-12.05151253,1.960590807,0,0,0,0.000327032,0.141946774,-0.554454833,0,-8.405896018
4,17,9,1.102903319,4.802453357,-12.05151253,4.446566253,0,0,0,0.000881816,0.321931397,-0.342340881,0,-1.719117273
4,17,10,0.390908875,0.125233741,-12.05151253,1.968517155,0,0,0,0.000716755,0.142520642,-0.642520104,0,-10.06613547
4,17,11,0.276239122,4.05258E-09,-12.05151253,1.345038887,0,0,0,0.001104269,0.097380815,-0.655882729,0,-10.98763217
4,17,12,0.317309763,-6.41088E-10,-12.05151253,1.689198951,0,0,0,0.001861651,0.122298004,-0.653595094,0,-10.57443926
4,17,13,0.097936746,-1.14453E-09,-12.05151253,0.530484116,0,0,0,0.001105133,0.03840705,-0.665814171,0,-12.04939366
4,17,14,0,0,-12.05151253,0,0,0,0,0,0,-0.671269248,0,-12.72278178
4,17,15,0,0,-12.05151253,0,0,0,0,0,0,-0.671269248,0,-12.72278178
4,17,16,0.523256255,-6.11499E-09,-12.05151253,2.468240764,0,0,0,0.005141973,0.178700631,-0.642123875,0,-9.518296792
4,17,17,9.592991645,17.70625012,-12.05151253,37.75011881,0,0,0,0.019973399,2.733108602,0.849298518,0,56.60022856
4,17,18,26.4595547,88.31968147,-12.05151253,81.89278339,0,0,0,0.019523846,5.929037517,5.721934206,0,196.2910026
4,17,19,23.64396471,75.5848832,-12.05151253,71.82226847,0,0,0,0.01757048,5.199932237,4.855777581,0,169.0728841
4,17,20,14.96913036,42.8825723,-12.05151253,50.67832481,0,0,0,0.018263836,3.669110716,2.55107059,0,102.7169601
4,17,21,15.20807485,44.03233643,-12.05151253,51.45232198,0,0,0,0.017789794,3.725148111,2.62842166,0,105.0125803
4,17,22,13.88681796,36.4351704,-12.05151253,48.53126815,0,0,0,0.018234178,3.513663814,2.131665504,0,92.46530748
4,17,23,13.15468112,34.24814751,-12.05151253,46.2362535,0,0,0,0.018135272,3.347504754,1.969068306,0,86.92227793
4,18,0,13.37515577,36.71439127,-12.05151253,46.29813002,0,0,0,0.015604048,3.351984613,2.118718522,0,89.82247171
4,18,1,13.41620032,36.58317768,-12.05151253,46.51116355,0,0,0,0.015594646,3.367408241,2.113696106,0,89.95572801
4,18,2,11.94040242,30.94623195,-12.05151253,43.34916737,0,0,0,0.017144082,3.138479718,1.717516287,0,79.0574293
4,18,3,11.2172879,30.20558658,-12.05151253,40.57997501,0,0,0,0.015013978,2.937990191,1.63598486,0,74.54032598
4,18,4,10.14462196,26.1962636,-12.05151253,38.12323271,0,0,0,0.015227807,2.760122048,1.352918078,0,66.54087367
4,18,5,10.09531893,26.63449633,-12.05151253,37.70367283,0,0,0,0.014658404,2.729745913,1.374581461,0,66.50096133
4,18,6,15.29861627,44.55540248,-12.05151253,50.04633254,0,0,0,0.016005461,3.623354476,2.662599596,0,104.1507983
4,18,7,5.024859172,6.467141459,-12.05151253,20.17389876,0,0,0,0.01432559,1.46059027,-0.031164813,0,21.0581379
4,18,8,2.195166965,6.408102162,-12.05151253,8.171786959,0,0,0,0.002761971,0.591637376,-0.192067158,0,5.125875741
4,18,9,2.888374847,8.728560113,-12.05151253,10.11081883,0,0,0,0.003284563,0.732023284,-0.024205971,0,10.38734313
4,18,10,1.857694873,5.152314493,-12.05151253,7.740676815,0,0,0,0.003312189,0.560425001,-0.280811726,0,2.982099109
4,18,11,2.14612382,7.279047214,-12.05151253,8.377777115,0,0,0,0.001394861,0.606551063,-0.146287222,0,6.213094316
4,18,12,0.245121691,-4.98436E-10,-12.05151253,1.265043862,0,0,0,0.002123916,0.091589176,-0.65761597,0,-11.10524986
4,18,13,0.315295117,2.70388E-10,-12.05151253,1.541341305,0,0,0,0.000830076,0.111593111,-0.65370731,0,-10.73616023
4,18,14,0,0,-12.05151253,0,0,0,0,0,0,-0.671269248,0,-12.72278178
4,18,15,0,0,-12.05151253,0,0,0,0,0,0,-0.671269248,0,-12.72278178
4,18,16,0.486852942,0.026112374,-12.05151253,2.392353429,0,0,0,0.001801181,0.173206388,-0.64269708,0,-9.613883301
4,18,17,10.16777716,19.25087047,-12.05151253,38.83363915,0,0,0,0.020429066,2.811555475,0.967349425,0,60.00010822
4,18,18,27.29017802,89.58025673,-12.05151253,90.00600705,0,0,0,0.021535961,6.51643491,5.838413968,0,207.2013141
4,18,19,24.07935821,79.60872021,-12.05151253,72.54375625,0,0,0,0.017684438,5.252167952,5.10415672,0,174.5543312
4,18,20,14.51978525,40.86437759,-12.05151253,48.56061173,0,0,0,0.017909187,3.515788289,2.413628622,0,97.84058813
4,18,21,14.15342003,39.71462636,-12.05151253,47.91735174,0,0,0,0.018077769,3.469216266,2.329180935,0,95.55036055
4,18,22,11.28449929,28.133611,-12.05151253,40.69117219,0,0,0,0.016978443,2.946040867,1.524319495,0,72.54510876
4,18,23,11.50274021,30.04072982,-12.05151253,41.21817307,0,0,0,0.015643483,2.98419573,1.642702032,0,75.35267181
4,19,0,10.71017004,25.91258521,-12.05151253,38.93545467,0,0,0,0.01616406,2.818926918,1.368618219,0,67.71040658
4,19,1,12.00089831,31.45650305,-12.05151253,43.12757908,0,0,0,0.016825991,3.122436725,1.749308007,0,79.42203862
4,19,2,11.44299562,30.16978098,-12.05151253,41.4171736,0,0,0,0.015468713,2.998603369,1.646562408,0,75.63907216
4,19,3,11.83005575,31.77303636,-12.05151253,42.78625589,0,0,0,0.015875008,3.097724926,1.757422982,0,79.20885838
4,19,4,10.36538758,26.24545765,-12.05151253,37.63539251,0,0,0,0.014582695,2.724802418,1.367954831,0,66.30206514
4,19,5,7.912311856,14.91782495,-12.05151253,29.66071646,0,0,0,0.013377483,2.147435872,0.600369372,0,43.20052347
4,19,6,6.304521292,10.40849485,-12.05151253,24.28155929,0,0,0,0.012939222,1.757984892,0.259645751,0,30.97363276
4,19,7,1.828927059,5.497685543,-12.05151253,6.99645327,0,0,0,0.005487687,0.506543217,-0.263176926,0,2.520407315
4,19,8,1.044873814,4.581378988,-12.05151253,3.944456854,0,0,0,0.000163179,0.285578676,-0.357886967,0,-2.55294799
4,19,9,1.398264283,4.784856697,-12.05151253,5.3204899,0,0,0,0.002665438,0.385203469,-0.32686941,0,-0.486902157
4,19,10,1.003215981,0.981831814,-12.05151253,4.521449504,0,0,0,0.003202944,0.327352944,-0.560702086,0,-5.775161433
4,19,11,0.412269364,-1.36391E-09,-12.05151253,2.012356916,0,0,0,0.002516943,0.145694641,-0.648305845,0,-10.12698052
4,19,12,0.23227297,1.9255E-09,-12.05151253,1.190996561,0,0,0,0.001565362,0.086228151,-0.658331644,0,-11.19878113
4,19,13,0.266193747,-3.11085E-09,-12.05151253,1.297063392,0,0,0,0.002702113,0.09390739,-0.656442257,0,-11.04808815
4,19,14,0,0,-12.05151253,0,0,0,0,0,0,-0.671269248,0,-12.72278178
4,19,15,0,0,-12.05151253,0,0,0,0,0,0,-0.671269248,0,-12.72278178
4,19,16,1.532413313,0.015674926,-12.05151253,7.151452964,0,0,0,0.012370246,0.517765195,-0.585040733,0,-3.406876625
4,19,17,13.02111458,33.27267687,-12.05151253,47.24672101,0,0,0,0.01956519,3.420662601,1.907294936,0,86.83652266
4,19,18,26.80929713,89.53562906,-12.05151253,82.57989686,0,0,0,0.019942666,5.978784533,5.809143141,0,198.6811809
4,19,19,25.23378215,83.78553042,-12.05151253,77.43867259,0,0,0,0.019028335,5.606559895,5.401106462,0,185.4331673
4,19,20,18.03625583,54.31031943,-12.05151253,59.61636703,0,0,0,0.018993249,4.316224973,3.358434994,0,127.605083
4,19,21,18.60760522,55.97844078,-12.05151253,61.41547263,0,0,0,0.019397585,4.446480219,3.483173514,0,131.8990574
4,19,22,19.60832888,60.27005592,-12.05151253,63.55050159,0,0,0,0.016934123,4.601056315,3.777956785,0,139.7733211
4,19,23,19.16271454,57.39340734,-12.05151253,63.09525368,0,0,0,0.019672657,4.568096367,3.592906741,0,135.7805388
4,20,0,18.18664307,54.71269132,-12.05151253,60.61429288,0,0,0,0.018692534,4.388474804,3.389223677,0,129.2585057
4,20,1,16.8331159,49.38193712,-12.05151253,56.66465254,0,0,0,0.018847902,4.102520844,3.016909205,0,117.966471
4,20,2,18.48778404,56.13306116,-12.05151253,60.06951836,0,0,0,0.017425904,4.349033129,3.485111829,0,130.4904219
4,20,3,16.81369432,51.76021828,-12.05151253,55.37759184,0,0,0,0.017109474,4.009337649,3.148297684,0,119.0747367
4,20,4,17.17672766,51.25026635,-12.05151253,61.06499555,0,0,0,0.017991016,4.421105678,3.140114318,0,125.019688
4,20,5,14.7101087,43.44120225,-12.05151253,49.25285021,0,0,0,0.016279293,3.565906355,2.567758771,0,101.502593
4,20,6,10.66242595,28.73553672,-12.05151253,36.36755249,0,0,0,0.014209067,2.6330108,1.523197273,0,67.88441976
4,20,7,1.101827447,3.143940161,-12.05151253,4.387926837,0,0,0,0.003666319,0.317685903,-0.434779992,0,-3.531245859
4,20,8,0.482614747,1.654511194,-12.05151253,2.151865035,0,0,0,0.000928911,0.155795029,-0.552231333,0,-8.158028952
4,20,9,0.558259224,2.056409341,-12.05151253,2.572639097,0,0,0,0.001228744,0.186259071,-0.525632209,0,-7.202349268
4,20,10,0.565655685,1.751418216,-12.05151253,2.667821643,0,0,0,0.001585952,0.193150287,-0.542208232,0,-7.414088983
4,20,11,0.255614948,0.017514624,-12.05151253,1.303471839,0,0,0,0.001293763,0.094371361,-0.656055931,0,-11.03530193
4,20,12,0.220518634,1.16572E-09,-12.05151253,1.143562795,0,0,0,0.001626063,0.082793946,-0.65898636,0,-11.26199745
4,20,13,0.089767483,-1.04906E-09,-12.05151253,0.493264936,0,0,0,0.001027596,0.035712381,-0.666269199,0,-12.09800934
4,20,14,0,0,-12.05151253,0,0,0,0,0,0,-0.671269248,0,-12.72278178
4,20,15,0,0,-12.05151253,0,0,0,0,0,0,-0.671269248,0,-12.72278178
4,20,16,0,0,-12.05151253,0,0,0,0,0,0,-0.671269248,0,-12.72278178
4,20,17,7.098779975,9.238280963,-12.05151253,28.22140612,0,0,0,0.017599873,2.043229803,0.238705046,0,34.80648925
4,20,18,24.5552582,82.95906737,-12.05151253,75.58956335,0,0,0,0.019490278,5.472684387,5.317278686,0,181.8618297
4,20,19,24.61013044,81.39524747,-12.05151253,74.65921953,0,0,0,0.019148669,5.405327494,5.233230301,0,179.2707914
4,20,20,12.41846506,33.41654716,-12.05151253,43.99976957,0,0,0,0.018772402,3.185583317,1.881740932,0,82.8693659
4,20,21,11.64905669,30.7623272,-12.05151253,41.56840722,0,0,0,0.017857769,3.009552683,1.691044834,0,76.64673386
4,20,22,9.424866839,21.66884094,-12.05151253,35.11844566,0,0,0,0.016337396,2.542575465,1.060650275,0,57.78020404
4,20,23,9.317685258,22.62425943,-12.05151253,34.31719832,0,0,0,0.014639377,2.484565158,1.107897071,0,57.81473209
4,21,0,10.28095645,25.09395809,-12.05151253,39.16855798,0,0,0,0.016355772,2.835803598,1.299113492,0,66.64323284
4,21,1,10.60756825,25.54603242,-12.05151253,40.47209567,0,0,0,0.017779312,2.930179726,1.342486309,0,68.86462915
4,21,2,10.33286876,24.54452649,-12.05151253,39.55937982,0,0,0,0.01692276,2.864099099,1.271401667,0,66.53768606
4,21,3,10.7147309,25.25436228,-12.05151253,41.10112353,0,0,0,0.019019003,2.975721344,1.332209242,0,69.34565377
4,21,4,10.83855207,24.52467606,-12.05151253,41.60213795,0,0,0,0.018621792,3.011994787,1.298462559,0,69.24293267
4,21,5,9.825833543,22.80160975,-12.05151253,37.73479317,0,0,0,0.016074139,2.731999026,1.146079343,0,62.20487644
4,21,6,3.801167624,0.114270364,-12.05151253,16.29535013,0,0,0,0.012159516,1.17978335,-0.453179352,0,8.8980391
4,21,7,0.11276709,0.591270268,-12.05151253,0.456284798,0,0,0,5.41016E-05,0.033035019,-0.632054367,0,-11.49015562
4,21,8,0.040073216,0.132208192,-12.05151253,0.211684466,0,0,0,1.75705E-05,0.015325955,-0.661673174,0,-12.31387631
4,21,9,0.627749008,0.010270655,-12.05151253,3.031562027,0,0,0,0.003410975,0.219485091,-0.635731553,0,-8.794766332
4,21,10,0.059632548,9.62063E-10,-12.05151253,0.340494391,0,0,0,0.00032359,0.024651794,-0.667947715,0,-12.29435792
4,21,11,0,0,-12.05151253,0,0,0,0,0,0,-0.671269248,0,-12.72278178
4,21,12,0,0,-12.05151253,0,0,0,0,0,0,-0.671269248,0,-12.72278178
4,21,13,0,0,-12.05151253,0,0,0,0,0,0,-0.671269248,0,-12.72278178
4,21,14,0,0,-12.05151253,0,0,0,0,0,0,-0.671269248,0,-12.72278178
4,21,15,0,0,-12.05151253,0,0,0,0,0,0,-0.671269248,0,-12.72278178
4,21,16,0,0,-12.05151253,0,0,0,0,0,0,-0.671269248,0,-12.72278178
4,21,17,3.390196253,0.112594841,-12.05151253,14.63748077,0,0,0,0.011719969,1.059753608,-0.476163784,0,6.684069122
4,21,18,24.03133136,77.6073759,-12.05151253,75.40783838,0,0,0,0.0159265,5.459527498,4.990006747,0,175.4604939
4,21,19,19.63578989,59.6525231,-12.05151253,59.30524581,0,0,0,0.016418192,4.293699797,3.745089785,0,134.597254
4,21,20,8.093828661,14.81701151,-12.05151253,31.41915646,0,0,0,0.016652855,2.274746928,0.604864549,0,45.17474843
4,21,21,7.364757837,12.36685567,-12.05151253,28.67671426,0,0,0,0.014865737,2.076194112,0.427781624,0,38.8756567
4,21,22,5.298959233,5.980404442,-12.05151253,21.47285702,0,0,0,0.012370011,1.554634848,-0.043008691,0,22.22470432
4,21,23,5.310448494,5.362878364,-12.05151253,21.34830041,0,0,0,0.013012072,1.54561695,-0.076764942,0,21.45197881
4,22,0,5.512867337,5.390733981,-12.05151253,22.13803552,0,0,0,0.013122509,1.602793772,-0.063938655,0,22.54210193
4,22,1,5.397331214,5.310737382,-12.05151253,21.69665854,0,0,0,0.012446489,1.570838078,-0.074829827,0,21.86166934
4,22,2,6.803642492,6.703953366,-12.05151253,27.54043728,0,0,0,0.018537838,1.993927659,0.081103841,0,31.09008994
4,22,3,6.544209731,6.547958545,-12.05151253,26.44843838,0,0,0,0.017919557,1.914866938,0.057964525,0,29.47984514
4,22,4,6.194144069,6.710850388,-12.05151253,24.80022239,0,0,0,0.01446953,1.795536101,0.047538943,0,27.51124888
4,22,5,5.982366784,6.569397636,-12.05151253,24.00767179,0,0,0,0.014154128,1.738155437,0.02786403,0,26.28809727
4,22,6,1.50297324,0.01062168,-12.05151253,6.964843504,0,0,0,0.009354456,0.50425467,-0.586962011,0,-3.646426996
4,22,7,0.380788459,0.57661263,-12.05151253,1.744677591,0,0,0,0.000238188,0.126314658,-0.617942008,0,-9.840823016
4,22,8,0.5396711,0.02266787,-12.05151253,2.355570864,0,0,0,0.00033202,0.170543331,-0.639946968,0,-9.602674318
4,22,9,0.92404971,0.008544437,-12.05151253,4.1230437,0,0,0,0.001926087,0.298508364,-0.619323754,0,-7.31476399
4,22,10,0.719509345,6.23513E-09,-12.05151253,3.26102322,0,0,0,0.001648055,0.236098081,-0.631192577,0,-8.464426405
4,22,11,0,0,-12.05151253,0,0,0,0,0,0,-0.671269248,0,-12.72278178
4,22,12,0,0,-12.05151253,0,0,0,0,0,0,-0.671269248,0,-12.72278178
4,22,13,0,0,-12.05151253,0,0,0,0,0,0,-0.671269248,0,-12.72278178
4,22,14,0,0,-12.05151253,0,0,0,0,0,0,-0.671269248,0,-12.72278178
4,22,15,0,0,-12.05151253,0,0,0,0,0,0,-0.671269248,0,-12.72278178
4,22,16,0,0,-12.05151253,0,0,0,0,0,0,-0.671269248,0,-12.72278178
4,22,17,8.150004565,10.5976165,-12.05151253,33.27676161,0,0,0,0.020311948,2.40923754,0.372973245,0,42.77539288
4,22,18,22.84588179,74.9174379,-12.05151253,71.89783349,0,0,0,0.018881752,5.205403144,4.774147659,0,167.6080732
4,22,19,22.2591037,69.93647458,-12.05151253,67.94739982,0,0,0,0.017967681,4.919391747,4.464024462,0,157.4928494
4,22,20,14.49544141,41.39629962,-12.05151253,49.90698316,0,0,0,0.019420786,3.613265581,2.441900728,0,99.82179876
4,22,21,13.66453604,38.00826538,-12.05151253,48.03121777,0,0,0,0.018964386,3.477460166,2.206905791,0,93.355837
4,22,22,13.11901492,34.34194757,-12.05151253,46.95522641,0,0,0,0.018807767,3.399558392,1.972306363,0,87.75534888
4,22,23,11.7503784,27.70518877,-12.05151253,43.87251507,0,0,0,0.019276984,3.176370091,1.526405843,0,75.99862262
4,23,0,10.66340287,23.29619625,-12.05151253,40.23314562,0,0,0,0.017555494,2.912879743,1.220280423,0,66.29194788
4,23,1,10.99530738,24.43559027,-12.05151253,41.24730654,0,0,0,0.016777417,2.986304993,1.302231751,0,68.93200581
4,23,2,12.14640639,32.82747944,-12.05151253,44.43740102,0,0,0,0.01650155,3.217267834,1.833776192,0,82.42731989
4,23,3,12.23740864,32.92865078,-12.05151253,44.80752247,0,0,0,0.016382609,3.244064627,1.844480262,0,83.02699686
4,23,4,11.7348293,30.6050453,-12.05151253,43.13314849,0,0,0,0.016161542,3.12283995,1.687061767,0,78.24757381
4,23,5,8.733142159,18.3706813,-12.05151253,32.89009927,0,0,0,0.014958691,2.381243187,0.838413719,0,51.17702579
4,23,6,6.209766154,7.823782381,-12.05151253,24.17617722,0,0,0,0.014317995,1.750355231,0.110399405,0,28.03328585
4,23,7,1.3308002,3.999226515,-12.05151253,4.849924084,0,0,0,0.00132624,0.351134504,-0.37438676,0,-1.893487752
4,23,8,1.41880023,4.009816163,-12.05151253,5.245464485,0,0,0,0.00212973,0.379771629,-0.368895315,0,-1.364425612
4,23,9,0.835813482,1.728731486,-12.05151253,3.891230706,0,0,0,0.001917327,0.281725103,-0.528424093,0,-5.840518524
4,23,10,1.782019824,3.150291139,-12.05151253,7.425800243,0,0,0,0.002263425,0.537627938,-0.396539528,0,0.449950506
4,23,11,0.926110387,1.05054E-09,-12.05151253,4.282903218,0,0,0,0.004722822,0.310082193,-0.6196849,0,-7.147378814
4,23,12,0,0,-12.05151253,0,0,0,0,0,0,-0.671269248,0,-12.72278178
4,23,13,0,0,-12.05151253,0,0,0,0,0,0,-0.671269248,0,-12.72278178
4,23,14,0,0,-12.05151253,0,0,0,0,0,0,-0.671269248,0,-12.72278178
4,23,15,0,0,-12.05151253,0,0,0,0,0,0,-0.671269248,0,-12.72278178
4,23,16,0.104940955,-7.78559E-10,-12.05151253,0.619216579,0,0,0,0.000938214,0.04483128,-0.665424037,0,-11.94700954
4,23,17,16.71490185,48.76653397,-12.05151253,56.00446153,0,0,0,0.019543207,4.054723015,2.976046727,0,116.4846978
4,23,18,26.21072998,88.08158089,-12.05151253,79.80757921,0,0,0,0.019726547,5.778068734,5.694812467,0,193.5409853
4,23,19,24.36074702,79.23592183,-12.05151253,73.80558262,0,0,0,0.01781579,5.343524182,5.099065207,0,175.8111441
4,23,20,12.52925566,33.64444041,-12.05151253,44.10238454,0,0,0,0.01782373,3.193012641,1.900605623,0,83.33601008
4,23,21,13.69906081,38.85944169,-12.05151253,48.18525362,0,0,0,0.018751541,3.488612362,2.256239341,0,94.45584683
4,23,22,13.86538334,39.76302781,-12.05151253,49.407001,0,0,0,0.018473256,3.577066873,2.315833253,0,96.895273
4,23,23,14.01069212,39.88379908,-12.05151253,49.32705111,0,0,0,0.018186124,3.5712785,2.330653912,0,97.09014831
4,24,0,15.28275447,44.92617802,-12.05151253,53.68278857,0,0,0,0.018225626,3.886633892,2.682368291,0,108.4274363
4,24,1,13.71161173,37.92484275,-12.05151253,49.39401028,0,0,0,0.018005205,3.576126344,2.204881266,0,94.77796504
4,24,2,13.47969148,38.64865014,-12.05151253,48.73227842,0,0,0,0.017356514,3.528216958,2.23227938,0,94.58696036
4,24,3,13.02109308,38.47035894,-12.05151253,46.91937073,0,0,0,0.016334511,3.396962441,2.196804629,0,91.9694118
4,24,4,17.24229611,54.83676944,-12.05151253,57.55908609,0,0,0,0.015995261,4.167277833,3.343534703,0,125.1134469
4,24,5,14.08067392,40.29191779,-12.05151253,48.57427312,0,0,0,0.017303424,3.516777374,2.35728411,0,96.7867172
4,24,6,8.688901793,15.67277235,-12.05151253,31.73837428,0,0,0,0.015904641,2.297858298,0.685676002,0,47.04797483
4,24,7,1.330254505,3.320598842,-12.05151253,5.408946414,0,0,0,0.001935569,0.39160772,-0.412216717,0,-2.010386201
4,24,8,1.842634444,5.889376569,-12.05151253,6.863151743,0,0,0,0.001963344,0.496892186,-0.240596235,0,2.801909518
4,24,9,0.77788674,0.511615831,-12.05151253,3.51969528,0,0,0,0.00200385,0.254825938,-0.599443955,0,-7.58492885
4,24,10,0.641013254,0.389726109,-12.05151253,2.824405566,0,0,0,0.001580066,0.204486963,-0.613857066,0,-8.604157643
4,24,11,0.421905302,-2.58072E-09,-12.05151253,2.070581677,0,0,0,0.003804957,0.149910113,-0.647769123,0,-10.05307961
4,24,12,0,0,-12.05151253,0,0,0,0,0,0,-0.671269248,0,-12.72278178
4,24,13,0,0,-12.05151253,0,0,0,0,0,0,-0.671269248,0,-12.72278178
4,24,14,0,0,-12.05151253,0,0,0,0,0,0,-0.671269248,0,-12.72278178
4,24,15,0,0,-12.05151253,0,0,0,0,0,0,-0.671269248,0,-12.72278178
4,24,16,0,0,-12.05151253,0,0,0,0,0,0,-0.671269248,0,-12.72278178
4,24,17,6.126673077,6.82324864,-12.05151253,25.25679423,0,0,0,0.01552514,1.828591902,0.050041391,0,28.04936184
4,24,18,24.14823547,82.59238317,-12.05151253,73.55872844,0,0,0,0.01478739,5.325651939,5.27418321,0,178.8624571
4,24,19,21.86126917,68.23984739,-12.05151253,65.59455658,0,0,0,0.017573784,4.749045896,4.347362944,0,152.7581432
4,24,20,10.49915751,23.80305772,-12.05151253,36.7941682,0,0,0,0.016850897,2.663897778,1.23936414,0,62.96498371
4,24,21,8.794472434,16.53951819,-12.05151253,33.67474432,0,0,0,0.018753601,2.438051489,0.73983403,0,50.15386153
4,24,22,8.367273191,12.47342636,-12.05151253,32.63305124,0,0,0,0.018920506,2.362632909,0.489557717,0,44.29334939
4,24,23,8.870816482,15.55736455,-12.05151253,34.77634317,0,0,0,0.018029649,2.517807246,0.689380435,0,50.378229
4,25,0,7.211302584,8.747442639,-12.05151253,28.77197169,0,0,0,0.016894555,2.08309075,0.217632861,0,34.99682254
4,25,1,6.769632488,7.501353152,-12.05151253,27.17344667,0,0,0,0.01719898,1.967357539,0.123624652,0,31.50110095
4,25,2,8.271726584,16.52486238,-12.05151253,32.08048515,0,0,0,0.016061758,2.322627125,0.709900757,0,47.87415122
4,25,3,7.280094188,13.25783584,-12.05151253,28.3731639,0,0,0,0.014734204,2.054217067,0.472693454,0,39.40122612
4,25,4,7.49735856,12.8988607,-12.05151253,29.41700989,0,0,0,0.016668436,2.129791516,0.464800165,0,40.37297673
4,25,5,8.40150659,18.33328821,-12.05151253,32.23615878,0,0,0,0.015404239,2.333897896,0.817858822,0,50.086602
4,25,6,6.172256109,8.421235737,-12.05151253,24.56633028,0,0,0,0.01432817,1.778602312,0.141588248,0,29.04282832
4,25,7,0.79958585,2.90178567,-12.05151253,3.363703422,0,0,0,0.001422555,0.243532128,-0.465102855,0,-5.206585765
4,25,8,0.724118971,2.610531552,-12.05151253,3.101907653,0,0,0,0.001521902,0.224578114,-0.485529214,0,-5.874383557
4,25,9,0.548171,0.022802476,-12.05151253,2.593349376,0,0,0,0.001452761,0.187758495,-0.639466026,0,-9.337444453
4,25,10,0.214006958,-2.50098E-09,-12.05151253,1.059300263,0,0,0,0.002206792,0.076693339,-0.659349061,0,-11.35865425
4,25,11,0.059456326,-6.94832E-10,-12.05151253,0.355167235,0,0,0,0.000739904,0.025714108,-0.667957531,0,-12.27839249
4,25,12,0,0,-12.05151253,0,0,0,0,0,0,-0.671269248,0,-12.72278178
4,25,13,0,0,-12.05151253,0,0,0,0,0,0,-0.671269248,0,-12.72278178
4,25,14,0,0,-12.05151253,0,0,0,0,0,0,-0.671269248,0,-12.72278178
4,25,15,0,0,-12.05151253,0,0,0,0,0,0,-0.671269248,0,-12.72278178
4,25,16,0,0,-12.05151253,0,0,0,0,0,0,-0.671269248,0,-12.72278178
4,25,17,4.803838359,1.782623151,-12.05151253,20.52107835,0,0,0,0.015971785,1.485726073,-0.304403342,0,16.25332184
4,25,18,24.72787729,79.85966278,-12.05151253,77.23976765,0,0,0,0.01893106,5.592159178,5.154256734,0,180.5411422
4,25,19,13.65724212,34.82509015,-12.05151253,42.20793479,0,0,0,0.015166628,3.055854479,2.02919666,0,83.7389723
4,25,20,6.77956541,11.18209907,-12.05151253,25.90865343,0,0,0,0.014843007,1.875786509,0.329195463,0,34.03863036
4,25,21,7.398865537,12.07397803,-12.05151253,28.11117952,0,0,0,0.01397878,2.035249397,0.413368138,0,37.99510686
4,25,22,6.29408669,7.987541282,-12.05151253,24.39136542,0,0,0,0.012932194,1.765934857,0.12421743,0,28.52456534
4,25,23,5.579674521,4.788710286,-12.05151253,22.64757564,0,0,0,0.014892724,1.639684476,-0.093750214,0,22.5252749
4,26,0,6.034172475,7.135670222,-12.05151253,24.11876268,0,0,0,0.013289969,1.746198418,0.06229099,0,27.05887222
4,26,1,5.729361749,4.80948096,-12.05151253,23.16842819,0,0,0,0.013764797,1.677394201,-0.084255709,0,23.26266165
4,26,2,6.236122395,7.231324294,-12.05151253,24.89685115,0,0,0,0.013497791,1.802532024,0.078867532,0,28.20768265
4,26,3,6.26669812,7.232081617,-12.05151253,25.02515631,0,0,0,0.013393153,1.811821317,0.080612783,0,28.37825077
4,26,4,6.393865655,7.211783306,-12.05151253,25.59436231,0,0,0,0.013554448,1.853031831,0.086565399,0,29.10165041
4,26,5,6.613601524,9.38469032,-12.05151253,26.26588943,0,0,0,0.014092912,1.901650394,0.219835608,0,32.34824765
4,26,6,3.171662765,2.360923295,-12.05151253,13.52827515,0,0,0,0.01226117,0.979447121,-0.363104205,0,7.637952766
4,26,7,0.172621631,0.010704603,-12.05151253,0.922875853,0,0,0,0.000425185,0.066816212,-0.661057977,0,-11.53912703
4,26,8,0.558370595,0.041180923,-12.05151253,2.428021995,0,0,0,0.000636974,0.175788792,-0.637874229,0,-9.485387484
4,26,9,0.86583289,-1.48812E-09,-12.05151253,4.026750011,0,0,0,0.004037104,0.291536701,-0.623042356,0,-7.486398186
4,26,10,0.311816663,2.2261E-09,-12.05151253,1.603614942,0,0,0,0.001720784,0.116101722,-0.65390106,0,-10.67215948
4,26,11,0,0,-12.05151253,0,0,0,0,0,0,-0.671269248,0,-12.72278178
4,26,12,0,0,-12.05151253,0,0,0,0,0,0,-0.671269248,0,-12.72278178
4,26,13,0,0,-12.05151253,0,0,0,0,0,0,-0.671269248,0,-12.72278178
4,26,14,0,0,-12.05151253,0,0,0,0,0,0,-0.671269248,0,-12.72278178
4,26,15,0,0,-12.05151253,0,0,0,0,0,0,-0.671269248,0,-12.72278178
4,26,16,0,0,-12.05151253,0,0,0,0,0,0,-0.671269248,0,-12.72278178
4,26,17,4.73069701,2.362238905,-12.05151253,19.94787487,0,0,0,0.013949783,1.44422614,-0.276192718,0,16.17128145
4,26,18,20.57487294,67.09494041,-12.05151253,64.97784902,0,0,0,0.015757914,4.704396269,4.211939355,0,149.5282434
4,26,19,23.27659821,79.45064528,-12.05151253,70.40022685,0,0,0,0.016001574,5.096976424,5.050638214,0,171.239574
4,26,20,11.60548805,32.4209363,-12.05151253,40.67629564,0,0,0,0.015396686,2.944963804,1.781002588,0,77.39257054
4,26,21,11.67691058,32.49435164,-12.05151253,40.99190058,0,0,0,0.016830131,2.967813602,1.789070058,0,77.88536406
4,26,22,11.81812232,32.18940428,-12.05151253,41.59258584,0,0,0,0.017739967,3.011303215,1.779949984,0,78.35759308
4,26,23,11.16997124,28.84988653,-12.05151253,39.73842118,0,0,0,0.01821484,2.877061694,1.557836829,0,72.15987978
4,27,0,11.07973759,30.24417473,-12.05151253,38.81322218,0,0,0,0.01477359,2.810077286,1.630472668,0,72.54094551
4,27,1,11.15865416,25.07382582,-12.05151253,41.54026768,0,0,0,0.018496722,3.00751538,1.346879886,0,70.0941271
4,27,2,27.01114521,86.0654638,-12.05151253,84.62715362,0,0,0,0.020441257,6.127005922,5.627097874,0,197.4267952
4,27,3,13.76924161,36.66226676,-12.05151253,50.80230575,0,0,0,0.019230166,3.678086936,2.137765768,0,95.01738446
4,27,4,9.477056159,18.13418601,-12.05151253,36.2199056,0,0,0,0.01724421,2.622321165,0.866676941,0,55.28587755
4,27,5,8.802434625,17.64427593,-12.05151253,33.12773987,0,0,0,0.01524202,2.398448367,0.80181253,0,50.73844081
4,27,6,3.091780333,2.585332996,-12.05151253,13.15988767,0,0,0,0.011489549,0.952775867,-0.355054036,0,7.394699846
4,27,7,1.3511758,5.515559151,-12.05151253,4.707601781,0,0,0,0.001106223,0.340830369,-0.288792111,0,-0.424031322
4,27,8,0.884608708,0.880448783,-12.05151253,3.944592945,0,0,0,0.001884756,0.285588529,-0.572955546,0,-6.62734436
4,27,9,0.995813549,0.007883531,-12.05151253,4.639833695,0,0,0,0.004037793,0.335923959,-0.615363321,0,-6.683383328
4,27,10,0.915936052,1.54155E-09,-12.05151253,4.306827817,0,0,0,0.005013384,0.311814334,-0.62025161,0,-7.132172556
4,27,11,0.047669082,-5.57081E-10,-12.05151253,0.301464524,0,0,0,0.000628027,0.021826032,-0.66861408,0,-12.34853895
4,27,12,0,0,-12.05151253,0,0,0,0,0,0,-0.671269248,0,-12.72278178
4,27,13,0,0,-12.05151253,0,0,0,0,0,0,-0.671269248,0,-12.72278178
4,27,14,0,0,-12.05151253,0,0,0,0,0,0,-0.671269248,0,-12.72278178
4,27,15,0,0,-12.05151253,0,0,0,0,0,0,-0.671269248,0,-12.72278178
4,27,16,0.196124131,-2.29199E-09,-12.05151253,0.977826062,0,0,0,0.00203706,0.070794607,-0.660345134,0,-11.46507581
4,27,17,16.94546608,50.31913146,-12.05151253,59.15768683,0,0,0,0.018174554,4.283016526,3.075368835,0,121.7473318
4,27,18,16.16455009,45.57210264,-12.05151253,56.56902261,0,0,0,0.020748503,4.095597237,2.767462309,0,113.1379708
4,27,19,16.45477439,48.7529977,-12.05151253,55.91920864,0,0,0,0.018180897,4.048550706,2.960803657,0,116.1030035
4,27,20,15.83252747,46.9887856,-12.05151253,53.67732613,0,0,0,0.017043386,3.886238411,2.82787789,0,111.1782863
4,27,21,15.35838696,44.7723596,-12.05151253,52.90674462,0,0,0,0.018815199,3.830448311,2.678013335,0,107.5132555
4,27,22,14.91252943,44.32669098,-12.05151253,50.71295583,0,0,0,0.01652905,3.671618002,2.628355329,0,104.2171661
4,27,23,15.08254775,45.39689241,-12.05151253,51.20464057,0,0,0,0.016313224,3.707215977,2.697435568,0,106.053533
4,28,0,13.97770841,39.83439876,-12.05151253,48.49906254,0,0,0,0.016946526,3.511332128,2.326065121,0,96.11400095
4,28,1,14.97565642,44.77616145,-12.05151253,51.94301205,0,0,0,0.016858757,3.760674073,2.656907007,0,106.0777572
4,28,2,14.64731229,43.97793464,-12.05151253,51.39730195,0,0,0,0.017171827,3.721164661,2.594157006,0,104.3035298
4,28,3,14.73195279,42.27698584,-12.05151253,53.1922835,0,0,0,0.020617356,3.851121325,2.504128633,0,104.5255769
4,28,4,14.74945513,42.8186633,-12.05151253,52.88675463,0,0,0,0.018747409,3.829001035,2.535274948,0,104.7863839
4,28,5,14.59037369,42.75032251,-12.05151253,52.19122428,0,0,0,0.018841288,3.778644638,2.52260753,0,103.8005014
4,28,6,3.655844466,0.890543218,-12.05151253,15.78249748,0,0,0,0.012981287,1.142652817,-0.418035454,0,9.014971277
4,28,7,0.16767241,0.444461091,-12.05151253,0.767586853,0,0,0,8.31205E-05,0.055573288,-0.637173412,0,-11.25330918
4,28,8,0.089771318,0.014441889,-12.05151253,0.488276279,0,0,0,7.05968E-05,0.035351203,-0.665464573,0,-12.08906582
4,28,9,0.375038761,9.22223E-10,-12.05151253,1.908555587,0,0,0,0.002793171,0.138179425,-0.650379589,0,-10.27732518
4,28,10,0,0,-12.05151253,0,0,0,0,0,0,-0.671269248,0,-12.72278178
4,28,11,0,0,-12.05151253,0,0,0,0,0,0,-0.671269248,0,-12.72278178
4,28,12,0,0,-12.05151253,0,0,0,0,0,0,-0.671269248,0,-12.72278178
4,28,13,0,0,-12.05151253,0,0,0,0,0,0,-0.671269248,0,-12.72278178
4,28,14,0,0,-12.05151253,0,0,0,0,0,0,-0.671269248,0,-12.72278178
4,28,15,0,0,-12.05151253,0,0,0,0,0,0,-0.671269248,0,-12.72278178
4,28,16,0,0,-12.05151253,0,0,0,0,0,0,-0.671269248,0,-12.72278178
4,28,17,5.749093313,0.151962053,-12.05151253,24.63612113,0,0,0,0.020717033,1.78365517,-0.342580464,0,19.9474557
4,28,18,18.72676601,59.2381848,-12.05151253,58.45202752,0,0,0,0.016640618,4.231926792,3.671378512,0,132.2854117
4,28,19,13.77388509,35.9867245,-12.05151253,41.88886799,0,0,0,0.014065873,3.032754042,2.100396706,0,84.74518166
4,28,20,6.285298038,8.08897093,-12.05151253,24.80617942,0,0,0,0.014689418,1.79596739,0.129377533,0,29.0689702
4,28,21,6.242870707,7.226302933,-12.05151253,24.81498781,0,0,0,0.015586454,1.796605117,0.078963724,0,28.12380421
4,28,22,5.35550896,4.821555034,-12.05151253,21.7535559,0,0,0,0.013193896,1.574957447,-0.104406784,0,21.36285192
4,28,23,5.10887015,3.595575406,-12.05151253,21.3802933,0,0,0,0.01431712,1.547933235,-0.186431631,0,19.40904505
4,29,0,5.170576246,3.59328367,-12.05151253,21.65852424,0,0,0,0.01475805,1.568077155,-0.183122251,0,19.77058458
4,29,1,5.181669003,3.450546052,-12.05151253,21.70566351,0,0,0,0.013702104,1.571490038,-0.19045487,0,19.6811033
4,29,2,5.247227564,3.26048517,-12.05151253,22.04511348,0,0,0,0.014583586,1.596066216,-0.197389649,0,19.91457383
4,29,3,5.33331229,3.260161894,-12.05151253,22.40682233,0,0,0,0.014562969,1.622253937,-0.192612736,0,20.39298815
4,29,4,5.015917175,3.258783124,-12.05151253,21.08259591,0,0,0,0.014328795,1.526379944,-0.210368442,0,18.63612397
4,29,5,4.393994982,2.187718079,-12.05151253,18.77856096,0,0,0,0.012474708,1.359567813,-0.304667831,0,14.37613618
4,29,6,0.283528685,1.538178163,-12.05151253,1.19121192,0,0,0,7.80849E-05,0.086243743,-0.569800177,0,-9.522072115
4,29,7,0.309815835,1.47555E-09,-12.05151253,1.382787612,0,0,0,0.00019129,0.100113823,-0.654012506,0,-10.91261648
4,29,8,0.121063542,-1.4148E-09,-12.05151253,0.635849848,0,0,0,0.001324637,0.046035529,-0.664526009,0,-11.91176499
4,29,9,0,0,-12.05151253,0,0,0,0,0,0,-0.671269248,0,-12.72278178
4,29,10,0,0,-12.05151253,0,0,0,0,0,0,-0.671269248,0,-12.72278178
4,29,11,0,0,-12.05151253,0,0,0,0,0,0,-0.671269248,0,-12.72278178
4,29,12,0,0,-12.05151253,0,0,0,0,0,0,-0.671269248,0,-12.72278178
4,29,13,0,0,-12.05151253,0,0,0,0,0,0,-0.671269248,0,-12.72278178
4,29,14,0,0,-12.05151253,0,0,0,0,0,0,-0.671269248,0,-12.72278178
4,29,15,0,0,-12.05151253,0,0,0,0,0,0,-0.671269248,0,-12.72278178
4,29,16,0,0,-12.05151253,0,0,0,0,0,0,-0.671269248,0,-12.72278178
4,29,17,4.207474983,0.147479595,-12.05151253,17.97686999,0,0,0,0.013925443,1.301525387,-0.428698278,0,11.16706458
4,29,18,18.37489605,59.52944803,-12.05151253,56.06933196,0,0,0,0.010127175,4.059419634,3.668002717,0,129.659713
4,29,19,12.13777805,30.71390122,-12.05151253,38.10805814,0,0,0,0.013648604,2.75902341,1.715569287,0,73.39646618
4,29,20,7.027771609,11.69543554,-12.05151253,26.66059127,0,0,0,0.013839279,1.930226808,0.37161339,0,35.64796535
4,29,21,6.627318126,9.635115584,-12.05151253,25.67019236,0,0,0,0.014189,1.858521927,0.234548309,0,31.98837278
4,29,22,5.887209981,6.805328916,-12.05151253,23.09761702,0,0,0,0.01402465,1.672267472,0.035705168,0,25.46064068
4,29,23,6.228919357,7.625924032,-12.05151253,24.04312827,0,0,0,0.014162292,1.740722487,0.100445529,0,27.70178943
4,30,0,6.250253792,7.61925933,-12.05151253,24.09863393,0,0,0,0.013309033,1.744741096,0.101262633,0,27.77594728
4,30,1,6.508764664,8.309891807,-12.05151253,25.4279355,0,0,0,0.013645413,1.84098253,0.154129917,0,30.2038373
4,30,2,6.145305919,6.700769943,-12.05151253,24.1119528,0,0,0,0.013251769,1.745705383,0.044257177,0,26.70973046
4,30,3,5.807971633,5.642944714,-12.05151253,23.87754174,0,0,0,0.013099645,1.728734022,-0.033453208,0,24.98532601
4,30,4,6.281027457,6.796629081,-12.05151253,25.71944035,0,0,0,0.013797654,1.862087481,0.057156221,0,28.67862571
4,30,5,6.031307512,6.574790611,-12.05151253,24.69951679,0,0,0,0.013315127,1.788245015,0.030890417,0,27.08655294
4,30,6,1.173450685,1.821172328,-12.05151253,5.444473723,0,0,0,0.007210463,0.394179898,-0.504468746,0,-3.715494184
4,30,7,0.24960348,0.821050876,-12.05151253,1.121618616,0,0,0,0.00010266,0.081205188,-0.611633801,0,-10.38956551
4,30,8,0.106239082,1.67896E-10,-12.05151253,0.519176319,0,0,0,7.8824E-05,0.037588366,-0.665351731,0,-12.05378167
4,30,9,0.436887253,1.64675E-09,-12.05151253,2.10881144,0,0,0,0.003101793,0.152677948,-0.646934628,0,-9.996968727
4,30,10,0,0,-12.05151253,0,0,0,0,0,0,-0.671269248,0,-12.72278178
4,30,11,0,0,-12.05151253,0,0,0,0,0,0,-0.671269248,0,-12.72278178
4,30,12,0,0,-12.05151253,0,0,0,0,0,0,-0.671269248,0,-12.72278178
4,30,13,0,0,-12.05151253,0,0,0,0,0,0,-0.671269248,0,-12.72278178
4,30,14,0,0,-12.05151253,0,0,0,0,0,0,-0.671269248,0,-12.72278178
4,30,15,0,0,-12.05151253,0,0,0,0,0,0,-0.671269248,0,-12.72278178
4,30,16,0,0,-12.05151253,0,0,0,0,0,0,-0.671269248,0,-12.72278178
4,30,17,7.917392249,15.50773182,-12.05151253,31.44472707,0,0,0,0.016231847,2.27659824,0.633510162,0,45.74467885
4,30,18,22.97765843,75.40914493,-12.05151253,71.55329194,0,0,0,0.01731997,5.180458336,4.808875699,0,167.8952368
4,30,19,21.03257439,66.56456456,-12.05151253,65.10845346,0,0,0,0.016965818,4.713852031,4.207891391,0,149.5927891
4,30,20,16.40971868,49.32493558,-12.05151253,54.39816682,0,0,0,0.017415548,3.938427278,2.990150994,0,115.0273024
4,30,21,16.74942085,50.48005649,-12.05151253,55.76624051,0,0,0,0.018209063,4.037475813,3.07341264,0,118.0733028
4,30,22,16.54588845,48.83754116,-12.05151253,55.0580734,0,0,0,0.018171118,3.986204514,2.970587781,0,115.3649539
4,30,23,16.46305261,49.32971864,-12.05151253,54.64501295,0,0,0,0.016283695,3.956298937,2.993388111,0,115.3522424
5,1,0,16.54917389,49.53614465,-12.05151253,57.83906314,0,0,0,0.017991575,4.187548172,3.009682995,0,119.0880919
5,1,1,22.9418998,74.62989396,-12.05151253,73.34089698,0,0,0,0.017739331,5.309880941,4.763479664,0,168.9522781
5,1,2,21.28928104,70.3215427,-12.05151253,68.92875065,0,0,0,0.01543989,4.990441547,4.431453634,0,157.9253969
5,1,3,16.27839575,50.39828435,-12.05151253,57.42959806,0,0,0,0.014429537,4.157902899,3.042621833,0,119.2697199
5,1,4,9.557056478,20.4524692,-12.05151253,36.98514267,0,0,0,0.017862059,2.677724329,1.000261332,0,58.63900353
5,1,5,7.369987068,12.79595982,-12.05151253,30.20636768,0,0,0,0.01864476,2.18694102,0.451973993,0,40.9783618
5,1,6,5.358227276,7.033204139,-12.05151253,22.60743341,0,0,0,0.011537012,1.636778179,0.018933482,0,24.61460096
5,1,7,0.505805166,1.763147654,-12.05151253,2.202678547,0,0,0,0.000100655,0.159473927,-0.544888576,0,-7.965195161
5,1,8,0.675734867,2.100039773,-12.05151253,3.246471184,0,0,0,0.000738111,0.235044514,-0.516658601,0,-6.310142686
5,1,9,0.430970023,1.087965264,-12.05151253,2.297464999,0,0,0,0.000620901,0.166336466,-0.586664553,0,-8.654819434
5,1,10,1.610513855,3.821400365,-12.05151253,6.866959964,0,0,0,0.004226113,0.497167901,-0.368711626,0,0.380044037
5,1,11,0.823101519,0.0222101,-12.05151253,3.881552783,0,0,0,0.002303336,0.281024421,-0.624185391,0,-7.665505766
5,1,12,0.001226375,-1.43319E-11,-12.05151253,0.090029958,0,0,0,0.000187555,0.006518169,-0.671200939,0,-12.62475142
5,1,13,0,0,-12.05151253,0,0,0,0,0,0,-0.671269248,0,-12.72278178
5,1,14,0,0,-12.05151253,0,0,0,0,0,0,-0.671269248,0,-12.72278178
5,1,15,0.57947367,-3.59535E-09,-12.05151253,2.931568761,0,0,0,0.00406818,0.212245578,-0.638992565,0,-8.963148913
5,1,16,2.654633778,0.017885227,-12.05151253,12.01706506,0,0,0,0.010717791,0.87003551,-0.52240994,0,2.99641489
5,1,17,19.26369107,57.43928649,-12.05151253,66.11417667,0,0,0,0.019537886,4.786666391,3.601086602,0,139.1729326
5,1,18,20.66704944,60.76085633,-12.05151253,65.39056387,0,0,0,0.019760508,4.734276824,3.864265104,0,143.3852596
5,1,19,19.90412603,57.83454567,-12.05151253,63.32415902,0,0,0,0.01870032,4.584669113,3.658774766,0,137.2734624
5,1,20,14.87913695,40.30145814,-12.05151253,51.6891243,0,0,0,0.018640467,3.742292599,2.402289898,0,100.9814298
5,1,21,15.19169594,42.74036496,-12.05151253,52.60194269,0,0,0,0.018904335,3.808380651,2.555546544,0,104.8653226
5,1,22,16.55906832,47.38240405,-12.05151253,56.96840265,0,0,0,0.019599906,4.124512352,2.890270763,0,115.8927455
5,1,23,18.59520656,57.25382913,-12.05151253,63.78633093,0,0,0,0.016803689,4.61813036,3.55352204,0,135.7723102
5,2,0,21.68734135,69.97714126,-12.05151253,69.14406705,0,0,0,0.018567655,5.006030455,4.434442433,0,158.2160777
5,2,1,22.59990389,72.45777796,-12.05151253,72.82661025,0,0,0,0.018341672,5.272646582,4.623443631,0,165.7472114
5,2,2,21.52397504,68.66212665,-12.05151253,70.43291594,0,0,0,0.017727301,5.099343114,4.352096616,0,158.0366721
5,2,3,22.27630021,71.61266971,-12.05151253,71.66367747,0,0,0,0.017519165,5.188450249,4.558346376,0,163.2654506
5,2,4,15.38367509,46.52880474,-12.05151253,55.14111537,0,0,0,0.018842171,3.992216753,2.777255878,0,111.7903975
5,2,5,12.40217519,36.71278571,-12.05151253,49.5192718,0,0,0,0.016116763,3.585195279,2.064434074,0,92.24846629
5,2,6,6.491245204,11.13926185,-12.05151253,26.42564768,0,0,0,0.01330949,1.913216892,0.310749995,0,34.24191857
5,2,7,4.375370289,8.299642801,-12.05151253,16.63930012,0,0,0,0.009085793,1.204685329,0.034728981,0,18.51130078
5,2,8,2.356390754,2.855385303,-12.05151253,10.59967125,0,0,0,0.008878521,0.767416199,-0.380973322,0,4.155256172
5,2,9,1.954729781,4.022373636,-12.05151253,8.569817046,0,0,0,0.007415065,0.620454754,-0.338344588,0,2.784933161
5,2,10,2.420057715,5.989964951,-12.05151253,9.871510228,0,0,0,0.007932183,0.71469734,-0.202830986,0,6.749818898
5,2,11,1.717352869,4.719303985,-12.05151253,7.109321547,0,0,0,0.004929378,0.51471488,-0.312747461,0,1.701362663
5,2,12,0.491133753,0.028949829,-12.05151253,2.430945428,0,0,0,0.001507432,0.176000449,-0.642300593,0,-9.565276236
5,2,13,0.80092786,-5.54788E-09,-12.05151253,3.880244516,0,0,0,0.005488973,0.280929703,-0.626657567,0,-7.710579054
5,2,14,0.336209058,-3.86019E-09,-12.05151253,1.739149113,0,0,0,0.003519721,0.125914396,-0.652542404,0,-10.49926266
5,2,15,1.133439042,0.02098023,-12.05151253,5.442101318,0,0,0,0.00828894,0.394008135,-0.606968095,0,-5.659662965
5,2,16,4.024992102,0.78004763,-12.05151253,17.7360678,0,0,0,0.014040783,1.284091309,-0.403628535,0,11.38409856
5,2,17,23.00743345,70.97119253,-12.05151253,76.13868806,0,0,0,0.021635828,5.512441015,4.563340219,0,168.1632186
5,2,18,27.2577439,87.74495808,-12.05151253,87.57248024,0,0,0,0.020828643,6.340247569,5.734381252,0,202.6191271
5,2,19,21.293068,66.28213938,-12.05151253,69.07198637,0,0,0,0.018450061,5.000811813,4.206669803,0,153.8216129
5,2,20,19.54897445,60.88734366,-12.05151253,64.97505711,0,0,0,0.017065121,4.704194135,3.80903367,0,141.8901556
5,2,21,19.67275933,60.92729894,-12.05151253,65.34505627,0,0,0,0.018208073,4.730982074,3.818153998,0,142.4609462
5,2,22,21.24955217,65.65148983,-12.05151253,69.81255709,0,0,0,0.018269153,5.054429133,4.169118791,0,153.9039036
5,2,23,20.48882251,62.3199815,-12.05151253,68.08824655,0,0,0,0.020065038,4.92958905,3.941181136,0,147.7363733
5,3,0,18.2832609,55.37210424,-12.05151253,60.7791671,0,0,0,0.017026772,4.400411698,3.43133459,0,130.2317928
5,3,1,17.35407667,52.16490107,-12.05151253,58.51618271,0,0,0,0.018556615,4.236571628,3.200937811,0,123.439714
5,3,2,18.85482675,59.56192672,-12.05151253,60.7717833,0,0,0,0.015895133,4.399877111,3.69654392,0,135.2493404
5,3,3,18.05928102,56.88272043,-12.05151253,58.53275365,0,0,0,0.015178141,4.237771364,3.503000233,0,129.1791923
5,3,4,18.6258511,56.84559073,-12.05151253,61.48740708,0,0,0,0.018554069,4.451688273,3.532490062,0,132.9100688
5,3,5,16.79064672,51.19323125,-12.05151253,56.4238809,0,0,0,0.016775762,4.085088977,3.115432755,0,119.5735438
5,3,6,4.630646363,3.069633198,-12.05151253,19.95689605,0,0,0,0.01263215,1.444879274,-0.242363677,0,16.82081083
5,3,7,2.043415227,1.128532912,-12.05151253,9.754306069,0,0,0,0.012416563,0.706211759,-0.494591737,0,1.09877826
5,3,8,2.124442509,4.415634684,-12.05151253,9.406829936,0,0,0,0.008947984,0.681054487,-0.306986949,0,4.278410118
5,3,9,1.253844782,0.664956291,-12.05151253,5.933025041,0,0,0,0.007410671,0.429551013,-0.564392028,0,-4.327116765
5,3,10,1.19210013,0.010632605,-12.05151253,5.680910934,0,0,0,0.00722261,0.411297952,-0.604277035,0,-5.353625338
5,3,11,1.116125931,-6.54435E-09,-12.05151253,5.342286001,0,0,0,0.007424877,0.386781506,-0.609101034,0,-5.80799526
5,3,12,0.716903214,-1.32399E-09,-12.05151253,3.508403,0,0,0,0.004980309,0.254008377,-0.631337739,0,-8.198555375
5,3,13,0.234673265,-2.74249E-09,-12.05151253,1.183787936,0,0,0,0.002466131,0.085706247,-0.658197947,0,-11.20307691
5,3,14,0.846429929,-1.556E-09,-12.05151253,4.138150138,0,0,0,0.006802775,0.29960207,-0.624123101,0,-7.384650725
5,3,15,1.326140267,0.021370624,-12.05151253,6.280285482,0,0,0,0.008009311,0.454692669,-0.596212892,0,-4.557227073
5,3,16,5.247730368,5.142205812,-12.05151253,22.45352215,0,0,0,0.015170463,1.625635004,-0.092549803,0,22.34020146
5,3,17,26.35830877,82.76970337,-12.05151253,85.46760717,0,0,0,0.023281492,6.187854759,5.407161028,0,194.162404
5,3,18,22.70389832,69.6167939,-12.05151253,73.86633771,0,0,0,0.02038712,5.34792285,4.470993308,0,163.9748207
5,3,19,19.85353416,59.20805264,-12.05151253,66.83451227,0,0,0,0.020126921,4.838818688,3.732461137,0,142.4359933
5,3,20,20.05746202,62.07805303,-12.05151253,66.38957134,0,0,0,0.019214404,4.806604965,3.90367894,0,145.2030722
5,3,21,19.39003097,60.03017213,-12.05151253,64.06090873,0,0,0,0.018183147,4.638009792,3.752436065,0,139.8382283
5,3,22,21.26074434,62.77128213,-12.05151253,71.25887497,0,0,0,0.019233255,5.159142548,4.009314626,0,152.4270793
5,3,23,24.12745248,78.26957206,-12.05151253,79.43325601,0,0,0,0.017683884,5.750967735,5.032245018,0,180.5796646
5,4,0,25.44395629,84.33790711,-12.05151253,80.34043674,0,0,0,0.017971591,5.81664762,5.443580544,0,189.3489874
5,4,1,23.09178597,75.58608168,-12.05151253,72.78169981,0,0,0,0.016438846,5.269395067,4.82508798,0,169.5189768
5,4,2,21.59947986,70.49494222,-12.05151253,68.488143,0,0,0,0.013817497,4.958541553,4.458390062,0,157.9618016
5,4,3,19.8080743,64.13955011,-12.05151253,62.91530823,0,0,0,0.013738199,4.555068316,4.004613432,0,143.3848401
5,4,4,17.26002557,52.4554045,-12.05151253,58.70255385,0,0,0,0.020050712,4.250064899,3.211880207,0,123.8484672
5,4,5,14.95071577,43.37542526,-12.05151253,51.96990653,0,0,0,0.018714105,3.762621233,2.577496807,0,104.6033672
5,4,6,7.340490551,13.56127855,-12.05151253,29.61831982,0,0,0,0.015366415,2.144366355,0.492959291,0,41.12126845
5,4,7,2.714299749,1.550105947,-12.05151253,12.39841385,0,0,0,0.011357783,0.897645162,-0.433741851,0,5.086568103
5,4,8,1.736960111,1.937083827,-12.05151253,8.334109522,0,0,0,0.007409314,0.603389529,-0.466625001,0,0.100814767
5,4,9,1.49472345,2.140553234,-12.05151253,7.143401966,0,0,0,0.006603036,0.517182302,-0.468784337,0,-1.217832883
5,4,10,2.039418125,6.27860164,-12.05151253,8.574680251,0,0,0,0.006422589,0.62080685,-0.207955547,0,5.260461374
5,4,11,1.577027215,3.396357815,-12.05151253,6.876277923,0,0,0,0.006202973,0.497842522,-0.394251702,0,-0.09205579
5,4,12,1.569210113,2.013792907,-12.05151253,7.057529366,0,0,0,0.006684561,0.510965126,-0.47169598,0,-1.365026442
5,4,13,0.905757839,-4.28833E-09,-12.05151253,4.465047545,0,0,0,0.006999533,0.323269442,-0.620818537,0,-6.971256716
5,4,14,0.734345869,-6.17181E-09,-12.05151253,3.677594851,0,0,0,0.006068292,0.266257867,-0.630366184,0,-7.997611845
5,4,15,0.89472292,0.021925155,-12.05151253,4.383782739,0,0,0,0.00624823,0.31738587,-0.62021195,0,-7.047659572
5,4,16,3.681626181,0.251561881,-12.05151253,16.55007218,0,0,0,0.014893275,1.198225226,-0.452190673,0,9.192675534
5,4,17,22.82000353,70.92443709,-12.05151253,75.85122518,0,0,0,0.019848428,5.491628703,4.550296094,0,167.6059265
5,4,18,28.93038738,93.36231712,-12.05151253,92.54527011,0,0,0,0.021918909,6.700277556,6.140434392,0,215.6490929
5,4,19,26.2385813,84.85767579,-12.05151253,82.31618739,0,0,0,0.018806107,5.959691967,5.516792272,0,192.8562223
5,4,20,23.46867605,72.92935767,-12.05151253,78.51788573,0,0,0,0.019674012,5.684694927,4.69810123,0,173.2668771
5,4,21,20.17879764,61.26155887,-12.05151253,66.09156878,0,0,0,0.017703765,4.78502958,3.864958609,0,144.1481047
5,4,22,14.37760763,41.93501195,-12.05151253,50.49536204,0,0,0,0.017240347,3.655864211,2.465343662,0,100.8949173
5,4,23,14.92903629,44.63686343,-12.05151253,51.82604123,0,0,0,0.01675415,3.752205385,2.646551366,0,105.7559393
5,5,0,12.9013119,35.20591505,-12.05151253,47.34486164,0,0,0,0.017853081,3.427767983,2.008303293,0,88.85450042
5,5,1,14.13299083,38.69588473,-12.05151253,52.40834919,0,0,0,0.019360107,3.794364481,2.27129912,0,99.27073592
5,5,2,14.47385358,40.48427665,-12.05151253,53.37818453,0,0,0,0.018269926,3.86458056,2.389898606,0,102.5575513
5,5,3,13.78785608,37.9112643,-12.05151253,51.61088157,0,0,0,0.018645019,3.736627825,2.208371757,0,97.22213401
5,5,4,13.97050114,39.58472265,-12.05151253,52.30248628,0,0,0,0.019174087,3.786700007,2.311756717,0,99.92382834
5,5,5,14.60837883,42.35377344,-12.05151253,53.45327763,0,0,0,0.018190162,3.8700173,2.501522633,0,104.7536475
5,5,6,5.68865117,4.823441486,-12.05151253,24.21154755,0,0,0,0.014134751,1.752916043,-0.085745687,0,24.35343278
5,5,7,0.288318901,0.323432432,-12.05151253,1.541730628,0,0,0,0.001421629,0.111621298,-0.637194699,0,-10.42218235
5,5,8,0.090747127,0.030607192,-12.05151253,0.586753645,0,0,0,0.000149809,0.042480964,-0.664509813,0,-11.96528361
5,5,9,0.917709256,2.823498581,-12.05151253,3.804812666,0,0,0,0.000939298,0.275468437,-0.462883972,0,-4.691968268
5,5,10,0.230798727,0.758192808,-12.05151253,1.29059549,0,0,0,0.000276177,0.093439113,-0.61618242,0,-10.29439264
5,5,11,0.686943401,0.037161874,-12.05151253,3.2903636,0,0,0,0.001872772,0.238222325,-0.630936584,0,-8.427885147
5,5,12,0.467822632,0.031356856,-12.05151253,2.081764075,0,0,0,0.000308922,0.150719719,-0.643464951,0,-9.963005281
5,5,13,0,0,-12.05151253,0,0,0,0,0,0,-0.671269248,0,-12.72278178
5,5,14,0,0,-12.05151253,0,0,0,0,0,0,-0.671269248,0,-12.72278178
5,5,15,0.162140679,-1.89484E-09,-12.05151253,0.843954348,0,0,0,0.001758172,0.061102295,-0.662238012,0,-11.64479505
5,5,16,0.441169986,0.021068214,-12.05151253,2.308160998,0,0,0,0.002480727,0.167110856,-0.64552258,0,-9.757044334
5,5,17,8.085132867,11.85428141,-12.05151253,33.45901887,0,0,0,0.01844352,2.422432966,0.439356127,0,44.22715322
5,5,18,24.58058013,80.41856565,-12.05151253,77.58291093,0,0,0,0.016262716,5.617002751,5.177183172,0,181.3409928
5,5,19,11.50165608,29.6293388,-12.05151253,43.54918804,0,0,0,0.016656681,3.152961214,1.619727167,0,77.41801545
5,5,20,10.54929931,29.25908574,-12.05151253,39.32495492,0,0,0,0.011453131,2.847126736,1.546057799,0,71.4864651
5,5,21,10.66156749,29.20642605,-12.05151253,39.8129231,0,0,0,0.014213591,2.882455632,1.549377992,0,72.07545132
5,5,22,10.92124327,27.56318363,-12.05151253,41.42013916,0,0,0,0.014812102,2.998818075,1.472313331,0,72.33899704
5,5,23,11.41830834,26.48620452,-12.05151253,44.25891534,0,0,0,0.020703225,3.20434547,1.440012118,0,74.77697647
5,6,0,9.897942969,18.13365558,-12.05151253,39.92774933,0,0,0,0.019748139,2.890769052,0.890090791,0,59.70844333
5,6,1,10.59604534,22.43435515,-12.05151253,42.26111284,0,0,0,0.020169544,3.05970457,1.168524059,0,67.48839897
5,6,2,11.67144088,26.93235627,-12.05151253,45.74014608,0,0,0,0.019840014,3.311586576,1.478962253,0,77.10281955
5,6,3,11.01022989,25.20950062,-12.05151253,43.47532276,0,0,0,0.019624723,3.147613368,1.346169741,0,72.15694857
5,6,4,11.91776885,30.44246531,-12.05151253,45.84649412,0,0,0,0.017897849,3.319286174,1.688195794,0,81.18059556
5,6,5,10.01273505,21.3106554,-12.05151253,39.82758514,0,0,0,0.016856651,2.883517164,1.0734436,0,63.07328047
5,6,6,4.212947628,2.668977313,-12.05151253,18.34559924,0,0,0,0.013958206,1.328221385,-0.287946029,0,14.23024521
5,6,7,1.583557766,5.690889846,-12.05151253,5.189073588,0,0,0,0.000438676,0.375688928,-0.266082516,0,0.522053753
5,6,8,0.478079672,1.602952678,-12.05151253,2.120243854,0,0,0,0.000499504,0.153505655,-0.555355746,0,-8.251586918
5,6,9,0.342027805,0.640084379,-12.05151253,1.814269148,0,0,0,0.000542087,0.131353086,-0.616565599,0,-9.739801628
5,6,10,0.153464935,6.6695E-10,-12.05151253,0.781126135,0,0,0,0.00010976,0.056553532,-0.662721251,0,-11.72297942
5,6,11,0.36146762,0.025291619,-12.05151253,1.678941224,0,0,0,0.000238045,0.121555345,-0.649726759,0,-10.51374544
5,6,12,0.166770644,2.63558E-10,-12.05151253,0.791316662,0,0,0,0.000120142,0.057291326,-0.661980123,0,-11.69799388
5,6,13,0,0,-12.05151253,0,0,0,0,0,0,-0.671269248,0,-12.72278178
5,6,14,0,0,-12.05151253,0,0,0,0,0,0,-0.671269248,0,-12.72278178
5,6,15,0.040857916,-4.77483E-10,-12.05151253,0.275713794,0,0,0,0.000574382,0.019961679,-0.668993462,0,-12.38339823
5,6,16,0.460367623,0.02923383,-12.05151253,2.303817906,0,0,0,0.001554294,0.166796416,-0.643998447,0,-9.733740912
5,6,17,6.16419884,2.889765709,-12.05151253,26.50989243,0,0,0,0.015818566,1.919316212,-0.166963423,0,25.2805158
5,6,18,22.29246572,72.09141876,-12.05151253,72.62732611,0,0,0,0.01983144,5.25821841,4.585913117,0,164.823661
5,6,19,20.22722987,66.15611051,-12.05151253,63.2915558,0,0,0,0.015636717,4.58230864,4.140282811,0,146.3616118
5,6,20,9.793039831,23.33991339,-12.05151253,35.53543089,0,0,0,0.015437427,2.572765197,1.174236246,0,60.37931045
5,6,21,8.645763345,18.91613452,-12.05151253,33.55026601,0,0,0,0.016134014,2.429039259,0.863928463,0,52.36975308
5,6,22,8.902685022,19.65336055,-12.05151253,34.12895186,0,0,0,0.017326544,2.470936114,0.91930249,0,54.04105005
5,6,23,12.59818373,27.32086747,-12.05151253,47.47874132,0,0,0,0.021314453,3.437460872,1.552221904,0,80.35727722
5,7,0,22.28725774,74.42326149,-12.05151253,72.21178098,0,0,0,0.016897189,5.228132943,4.715506673,0,166.8313245
5,7,1,19.44055096,61.28191008,-12.05151253,63.85221782,0,0,0,0.016005654,4.62290057,3.824971832,0,140.9870444
5,7,2,20.05164112,64.4544928,-12.05151253,65.65568409,0,0,0,0.016294808,4.753471528,4.035722411,0,146.9157942
5,7,3,20.90825886,66.92846212,-12.05151253,67.3969632,0,0,0,0.016317598,4.879540135,4.22123611,0,152.2992655
5,7,4,7.683170834,16.3047603,-12.05151253,30.38811041,0,0,0,0.014108549,2.200099193,0.664858516,0,45.20359527
5,7,5,6.563645679,10.75382893,-12.05151253,26.52903287,0,0,0,0.014146612,1.92070198,0.293314088,0,34.02315762
5,7,6,17.95815074,57.08478081,-12.05151253,59.39506943,0,0,0,0.016946976,4.300203027,3.508622039,0,130.2122605
5,7,7,5.264964292,5.938727427,-12.05151253,21.9040599,0,0,0,0.012364231,1.585853937,-0.047223619,0,22.60723364
5,7,8,2.911320303,3.037392555,-12.05151253,13.02647869,0,0,0,0.013977505,0.943117057,-0.339925942,0,7.540847637
5,7,9,3.044877888,3.559353423,-12.05151253,13.28882327,0,0,0,0.010378171,0.962110805,-0.303413564,0,8.510617463
5,7,10,1.419884328,0.585005816,-12.05151253,6.710496173,0,0,0,0.003961249,0.485839923,-0.559596867,0,-3.405921911
5,7,11,0.723851329,2.00511657,-12.05151253,3.280559828,0,0,0,0.000898146,0.237512532,-0.519265736,0,-6.322839865
5,7,12,0.993285547,1.190158983,-12.05151253,4.678282522,0,0,0,0.001109789,0.338707655,-0.549651388,0,-5.399619427
5,7,13,0.633614228,0.025045551,-12.05151253,3.036624118,0,0,0,0.000951998,0.219851586,-0.634581898,0,-8.770006951
5,7,14,0.124475587,-3.20314E-10,-12.05151253,0.803729441,0,0,0,0.000996153,0.058190012,-0.664335958,0,-11.7284573
5,7,15,0.39493468,4.37411E-10,-12.05151253,1.992886775,0,0,0,0.00178351,0.144285003,-0.649271386,0,-10.16689395
5,7,16,0.772369453,-5.82875E-09,-12.05151253,3.787050805,0,0,0,0.006106539,0.274182478,-0.62824827,0,-7.840051535
5,7,17,12.70307369,32.92644755,-12.05151253,47.53797529,0,0,0,0.018867763,3.441749411,1.870295085,0,86.44689626
5,7,18,26.29479606,84.78679004,-12.05151253,84.24476854,0,0,0,0.018904976,6.099321243,5.515975097,0,194.9090434
5,7,19,24.49360034,78.74635385,-12.05151253,76.33801894,0,0,0,0.019141153,5.526872571,5.079196201,0,178.1516705
5,7,20,21.01680019,65.18355933,-12.05151253,67.2620715,0,0,0,0.01876349,4.869773977,4.130090777,0,150.4295467
5,7,21,17.60784103,53.52551042,-12.05151253,58.83912152,0,0,0,0.018132244,4.259952398,3.290858428,0,125.4899035
5,7,22,17.16937184,51.471183,-12.05151253,57.4978172,0,0,0,0.018631173,4.162841966,3.152009656,0,121.4203423
5,7,23,18.13050562,57.19768275,-12.05151253,61.45210537,0,0,0,0.017636367,4.449132429,3.524510844,0,132.7200608
5,8,0,23.60913526,76.3117459,-12.05151253,74.07830737,0,0,0,0.017957151,5.363269453,4.894323832,0,172.2232264
5,8,1,22.22353334,70.06762328,-12.05151253,71.00731325,0,0,0,0.016730254,5.140929479,4.469348175,0,160.8739652
5,8,2,20.90490242,61.66511229,-12.05151253,69.06579001,0,0,0,0.016864295,5.000363197,3.927880571,0,148.5294003
5,8,3,22.26385061,68.48156359,-12.05151253,72.41090396,0,0,0,0.016221196,5.242549447,4.383250323,0,160.7468266
5,8,4,20.01296073,62.05538505,-12.05151253,64.58358872,0,0,0,0.018429994,4.675851823,3.899937612,0,143.1946414
5,8,5,13.01400144,39.30141166,-12.05151253,46.28219221,0,0,0,0.014379077,3.350830716,2.242699262,0,92.15400183
5,8,6,6.25048029,10.26851799,-12.05151253,25.87803857,0,0,0,0.014094386,1.873569993,0.248838956,0,32.48202766
5,8,7,1.856417133,2.877456134,-12.05151253,8.153164009,0,0,0,0.009518144,0.590289074,-0.407592507,0,1.027739452
5,8,8,0.444113337,1.645799003,-12.05151253,2.088559323,0,0,0,0.000947482,0.151211695,-0.554861131,0,-8.275742825
5,8,9,0.594543303,0.853386242,-12.05151253,2.996767951,0,0,0,0.001450526,0.216966,-0.590619573,0,-7.979018086
5,8,10,0.653584152,9.521E-10,-12.05151253,3.213219874,0,0,0,0.00462396,0.232637119,-0.634864611,0,-8.582312039
5,8,11,0.151831017,-7.46141E-10,-12.05151253,0.928085221,0,0,0,0.001378814,0.06719337,-0.662812261,0,-11.56583637
5,8,12,0.141756729,-1.64365E-09,-12.05151253,0.828482726,0,0,0,0.001632795,0.059982149,-0.663373398,0,-11.68303154
5,8,13,0,0,-12.05151253,0,0,0,0,0,0,-0.671269248,0,-12.72278178
5,8,14,0,0,-12.05151253,0,0,0,0,0,0,-0.671269248,0,-12.72278178
5,8,15,0.154235216,-1.80246E-09,-12.05151253,0.806915242,0,0,0,0.00168101,0.058420664,-0.662678347,0,-11.69293875
5,8,16,2.719487979,0.003584457,-12.05151253,12.38607445,0,0,0,0.011526575,0.89675179,-0.519594113,0,3.446318604
5,8,17,20.23337936,61.5488552,-12.05151253,66.63742344,0,0,0,0.01646024,4.824549457,3.884001217,0,145.0931564
5,8,18,24.63310346,81.05547424,-12.05151253,76.41846022,0,0,0,0.017058756,5.53269652,5.21558453,0,180.8208652
5,8,19,23.39163149,73.89757768,-12.05151253,72.44828343,0,0,0,0.017743209,5.24525572,4.747739703,0,167.6967187
5,8,20,16.06889432,46.08769105,-12.05151253,54.65482087,0,0,0,0.017558231,3.957009031,2.790852557,0,111.5253135
5,8,21,16.04932399,46.69806583,-12.05151253,54.66760934,0,0,0,0.017502934,3.957934916,2.823760365,0,112.1626848
5,8,22,15.80226765,44.62667158,-12.05151253,54.52284943,0,0,0,0.018251328,3.947454299,2.694622667,0,109.5606044
5,8,23,16.0606331,45.51715877,-12.05151253,55.43706759,0,0,0,0.017902127,4.013643694,2.758613759,0,111.7535065
5,9,0,16.89307245,52.95676464,-12.05151253,56.89256151,0,0,0,0.016766377,4.119021454,3.219366678,0,122.0460406
5,9,1,21.03760177,68.10115745,-12.05151253,67.51911427,0,0,0,0.016335048,4.888383873,4.29375964,0,153.8048395
5,9,2,20.63582358,64.94283137,-12.05151253,67.23976943,0,0,0,0.015081177,4.868159307,4.095461833,0,149.7456142
5,9,3,21.05163859,65.21321553,-12.05151253,69.17378534,0,0,0,0.016924499,5.008182058,4.133683126,0,152.5459166
5,9,4,22.23871874,73.71210262,-12.05151253,71.30019673,0,0,0,0.017837289,5.162134243,4.673191502,0,165.0526686
5,9,5,17.73705798,55.38359215,-12.05151253,61.8789698,0,0,0,0.019316443,4.480037413,3.401550964,0,130.8490122
5,9,6,8.563297718,18.85460284,-12.05151253,34.07149259,0,0,0,0.014708921,2.466776063,0.855907813,0,52.77527341
5,9,7,3.939681589,2.670118206,-12.05151253,17.24946326,0,0,0,0.011679412,1.24886114,-0.3031034,0,12.76518767
5,9,8,2.768903801,3.133014029,-12.05151253,12.15919172,0,0,0,0.008716023,0.88032548,-0.342532425,0,6.556106091
5,9,9,1.787339202,1.872061113,-12.05151253,8.253334467,0,0,0,0.008287498,0.597541415,-0.467440651,0,-0.000389489
5,9,10,2.748742905,1.894024412,-12.05151253,12.37467082,0,0,0,0.010466763,0.895926167,-0.412667109,0,5.459651426
5,9,11,1.95085551,2.981508706,-12.05151253,8.713073813,0,0,0,0.007965198,0.630826544,-0.396536561,0,1.836180674
5,9,12,1.604462741,0.717282548,-12.05151253,7.624470399,0,0,0,0.008190602,0.552011657,-0.541948036,0,-2.087042623
5,9,13,0.88109961,0.040067394,-12.05151253,4.179349099,0,0,0,0.004219217,0.302584875,-0.619960246,0,-7.264152587
5,9,14,1.011608739,0.005006218,-12.05151253,4.930787334,0,0,0,0.006469242,0.356989003,-0.614643795,0,-6.355295793
5,9,15,1.814024272,-7.06812E-12,-12.05151253,8.382795801,0,0,0,0.009191757,0.606914416,-0.570228096,0,-1.808814385
5,9,16,6.811477256,12.78143458,-12.05151253,27.82745963,0,0,0,0.013919009,2.014708078,0.420055941,0,37.81754196
5,9,17,13.33516624,35.18227835,-12.05151253,49.4331882,0,0,0,0.020076573,3.578962826,2.031152415,0,91.52931207
5,9,18,26.58216983,86.70746785,-12.05151253,84.15163222,0,0,0,0.017680647,6.092578173,5.638963571,0,197.1389798
5,9,19,25.74002043,84.36386774,-12.05151253,80.62338509,0,0,0,0.017195505,5.83713308,5.461517323,0,189.9916066
5,9,20,19.11351199,58.05340515,-12.05151253,63.42210825,0,0,0,0.017490394,4.591760638,3.626928037,0,136.7736919
5,9,21,18.75672952,56.23170936,-12.05151253,62.67600761,0,0,0,0.017865258,4.537742951,3.505586798,0,133.674129
5,9,22,17.73071144,52.26876749,-12.05151253,59.86952372,0,0,0,0.017925864,4.334553517,3.227701728,0,125.3976712
5,9,23,17.69794339,51.10270713,-12.05151253,60.03784367,0,0,0,0.019309624,4.346739882,3.160926985,0,124.3139581
5,10,0,16.00378277,49.80326111,-12.05151253,53.34262116,0,0,0,0.015496332,3.862005772,2.994183096,0,113.9698377
5,10,1,21.46360388,68.74802194,-12.05151253,68.10171211,0,0,0,0.017853664,4.930563957,4.35351831,0,155.5637613
5,10,2,21.6698859,65.36290629,-12.05151253,70.54087713,0,0,0,0.019116201,5.107159504,4.176457277,0,154.8248898
5,10,3,21.46989775,64.72591886,-12.05151253,70.25088933,0,0,0,0.019752517,5.086164387,4.129837737,0,153.630948
5,10,4,21.033222,66.34754253,-12.05151253,67.44827449,0,0,0,0.017921559,4.883255073,4.195839336,0,151.8745425
5,10,5,20.50318284,63.78604583,-12.05151253,66.4440185,0,0,0,0.019433751,4.81054694,4.023640789,0,147.5353561
5,10,6,11.08393959,29.52463628,-12.05151253,41.77092404,0,0,0,0.014386794,3.0242149,1.590628428,0,74.9572175
5,10,7,3.809890284,0.806208233,-12.05151253,16.62806671,0,0,0,0.010511451,1.20387203,-0.414152561,0,9.992883617
5,10,8,0.649399643,2.339822655,-12.05151253,2.667276441,0,0,0,0.000460066,0.193110814,-0.504769566,0,-6.70621248
5,10,9,0.785652702,2.554735448,-12.05151253,3.314183796,0,0,0,0.000719079,0.239946907,-0.485209628,0,-5.641484229
5,10,10,0.346228974,0.294487284,-12.05151253,1.967837526,0,0,0,0.000765059,0.142471437,-0.635581353,0,-9.935303607
5,10,11,1.302599053,2.509852597,-12.05151253,5.634480939,0,0,0,0.001218374,0.40793642,-0.458915691,0,-2.654340844
5,10,12,0.402355755,0.417973474,-12.05151253,2.021248731,0,0,0,0.000769717,0.146338408,-0.62557691,0,-9.688403359
5,10,13,0.350143006,1.27428E-09,-12.05151253,1.767277415,0,0,0,0.002609698,0.127950885,-0.651766283,0,-10.45529781
5,10,14,0,0,-12.05151253,0,0,0,0,0,0,-0.671269248,0,-12.72278178
5,10,15,0,0,-12.05151253,0,0,0,0,0,0,-0.671269248,0,-12.72278178
5,10,16,0.801817729,-6.85983E-09,-12.05151253,3.903517982,0,0,0,0.00758219,0.282614702,-0.626608001,0,-7.68258794
5,10,17,12.6291324,32.54414383,-12.05151253,47.58102546,0,0,0,0.018972995,3.444866243,1.844882238,0,86.01151063
5,10,18,24.86136103,78.68590255,-12.05151253,79.95959295,0,0,0,0.019761167,5.789074529,5.096313333,0,182.360493
5,10,19,23.80173313,76.61971182,-12.05151253,73.79803585,0,0,0,0.017788334,5.342977796,4.922205236,0,172.4509396
5,10,20,15.29907193,44.14720931,-12.05151253,52.27752813,0,0,0,0.016701345,3.784893037,2.639888617,0,106.1137798
5,10,21,14.87005648,43.1939016,-12.05151253,50.9309351,0,0,0,0.017616573,3.687399701,2.562893217,0,103.2112901
5,10,22,14.55851755,41.18441834,-12.05151253,49.95755335,0,0,0,0.018250378,3.616926862,2.433612281,0,99.71776623
5,10,23,13.18202616,36.28232948,-12.05151253,45.50807876,0,0,0,0.015652857,3.294784902,2.083895361,0,88.31525498
5,11,0,14.00342875,36.39660795,-12.05151253,49.10409117,0,0,0,0.018275878,3.555136201,2.136012796,0,93.1620402
5,11,1,19.59825534,58.20961521,-12.05151253,67.83452329,0,0,0,0.02109297,4.911219486,3.662629142,0,142.1858229
5,11,2,24.34091124,75.74947329,-12.05151253,79.85151425,0,0,0,0.021162042,5.781249632,4.90376517,0,178.5965631
5,11,3,16.84114287,46.62141318,-12.05151253,61.19368724,0,0,0,0.020984851,4.430422956,2.863595124,0,119.9197337
5,11,4,14.79189477,41.64764654,-12.05151253,52.31185988,0,0,0,0.01628968,3.787378655,2.472413203,0,102.9759702
5,11,5,11.88990999,34.29678861,-12.05151253,43.37617905,0,0,0,0.015988148,3.140435363,1.901329864,0,82.56911849
5,11,6,3.851758306,0.354336269,-12.05151253,17.04256349,0,0,0,0.011188942,1.233881597,-0.43698978,0,10.00522629
5,11,7,0.65686758,2.457170359,-12.05151253,1.873923923,0,0,0,1.57395E-06,0.135672092,-0.497817335,0,-7.425694341
5,11,8,0,0,-12.05151253,0,0,0,0,0,0,-0.671269248,0,-12.72278178
5,11,9,0.122755303,0.54516265,-12.05151253,0.641064095,0,0,0,0.000121743,0.04641304,-0.634066218,0,-11.33006192
5,11,10,0.398975153,0.880903712,-12.05151253,1.797457637,0,0,0,0.000211169,0.130135933,-0.599979995,0,-9.443808926
5,11,11,0.563267252,0.026800469,-12.05151253,2.766904321,0,0,0,0.001426545,0.200323873,-0.638402476,0,-9.131192552
5,11,12,0,0,-12.05151253,0,0,0,0,0,0,-0.671269248,0,-12.72278178
5,11,13,0,0,-12.05151253,0,0,0,0,0,0,-0.671269248,0,-12.72278178
5,11,14,0,0,-12.05151253,0,0,0,0,0,0,-0.671269248,0,-12.72278178
5,11,15,0,0,-12.05151253,0,0,0,0,0,0,-0.671269248,0,-12.72278178
5,11,16,0.1868987,-2.18418E-09,-12.05151253,0.959951966,0,0,0,0.001999824,0.069500522,-0.660858991,0,-11.49402051
5,11,17,8.704144893,14.57063732,-12.05151253,35.56713399,0,0,0,0.016928998,2.575060501,0.625136121,0,50.00752929
5,11,18,24.15328557,73.67322809,-12.05151253,77.72436355,0,0,0,0.020313529,5.627243921,4.777667562,0,173.9245897
5,11,19,24.05196344,77.99637428,-12.05151253,75.30923955,0,0,0,0.017552457,5.452388944,5.012823163,0,175.7888293
5,11,20,11.7050034,29.68620242,-12.05151253,42.38764832,0,0,0,0.015742249,3.068865738,1.634220916,0,76.44617051
5,11,21,10.10182984,22.6035223,-12.05151253,38.69566422,0,0,0,0.016876449,2.801566089,1.150418866,0,63.31836523
5,11,22,7.315591472,13.05496069,-12.05151253,30.06724287,0,0,0,0.016120874,2.176868384,0.463370507,0,41.04264227
5,11,23,8.432546564,16.53390969,-12.05151253,32.7775202,0,0,0,0.015956578,2.373092463,0.719362365,0,48.80087532
5,12,0,7.963627116,14.28704416,-12.05151253,32.90356593,0,0,0,0.017121242,2.382218173,0.568093142,0,46.07015723
5,12,1,8.425964049,14.15567822,-12.05151253,34.90192711,0,0,0,0.01920838,2.526899523,0.586528226,0,48.56469298
5,12,2,8.909720422,17.72504093,-12.05151253,36.6219197,0,0,0,0.020009571,2.651426986,0.812286959,0,54.68889202
5,12,3,8.610688579,17.07495683,-12.05151253,35.46965224,0,0,0,0.019511874,2.568002822,0.759421201,0,52.45072101
5,12,4,9.074833512,17.43652349,-12.05151253,37.32103594,0,0,0,0.020345101,2.702043002,0.805413337,0,55.30868185
5,12,5,8.798805717,16.30142873,-12.05151253,36.20129205,0,0,0,0.018852889,2.620973545,0.726813811,0,52.61665421
5,12,6,2.40948488,0.540954237,-12.05151253,11.084847,0,0,0,0.011407449,0.802542923,-0.506929789,0,2.290794166
5,12,7,0.35770771,1.214831429,-12.05151253,1.445031571,0,0,0,8.2189E-05,0.104620286,-0.583678818,0,-9.512918168
5,12,8,0.317017524,1.257162571,-12.05151253,1.395124747,0,0,0,0.000103399,0.101007032,-0.583587417,0,-9.564684678
5,12,9,0.256600053,1.225141647,-12.05151253,1.059659439,0,0,0,0.000115057,0.076719343,-0.588736236,0,-10.02201323
5,12,10,0.629318734,0.042107577,-12.05151253,2.874000687,0,0,0,0.000557896,0.20807765,-0.633870803,0,-8.931320793
5,12,11,0.395247693,-8.73435E-10,-12.05151253,1.989971387,0,0,0,0.003369956,0.144073928,-0.649253952,0,-10.16810352
5,12,12,0,0,-12.05151253,0,0,0,0,0,0,-0.671269248,0,-12.72278178
5,12,13,0,0,-12.05151253,0,0,0,0,0,0,-0.671269248,0,-12.72278178
5,12,14,0,0,-12.05151253,0,0,0,0,0,0,-0.671269248,0,-12.72278178
5,12,15,0,0,-12.05151253,0,0,0,0,0,0,-0.671269248,0,-12.72278178
5,12,16,0,0,-12.05151253,0,0,0,0,0,0,-0.671269248,0,-12.72278178
5,12,17,1.42663717,0.091723157,-12.05151253,6.880308814,0,0,0,0.01160987,0.498134358,-0.586696578,0,-3.729795742
5,12,18,17.73053752,52.42098724,-12.05151253,63.09071601,0,0,0,0.02168733,4.567767839,3.236170681,0,129.0163541
5,12,19,19.71535623,59.97587953,-12.05151253,63.68018565,0,0,0,0.016939273,4.610445441,3.767532584,0,139.7148262
5,12,20,8.748198729,15.23267373,-12.05151253,34.66990557,0,0,0,0.017145321,2.510101163,0.664465348,0,49.79097733
5,12,21,8.019203818,12.61725177,-12.05151253,32.08232107,0,0,0,0.016263571,2.322760045,0.478181328,0,43.48446906
5,12,22,7.383080013,9.559393503,-12.05151253,29.84547946,0,0,0,0.015883539,2.160812713,0.272426527,0,37.18556322
5,12,23,7.099753706,8.04940044,-12.05151253,29.4961113,0,0,0,0.016087503,2.135518458,0.172538638,0,34.91789751
5,13,0,6.80322826,7.733277207,-12.05151253,28.15632746,0,0,0,0.014002298,2.038518108,0.138414106,0,32.8322549
5,13,1,7.1740224,7.148758001,-12.05151253,29.96116657,0,0,0,0.016820107,2.16918846,0.12650962,0,34.54495262
5,13,2,6.918463744,7.185175182,-12.05151253,28.81255259,0,0,0,0.014704483,2.086028808,0.11430344,0,33.07971571
5,13,3,6.647304085,6.017139787,-12.05151253,28.26031415,0,0,0,0.015142968,2.046046744,0.034140276,0,30.96857547
5,13,4,6.144335405,5.7939642,-12.05151253,26.10212565,0,0,0,0.013758415,1.889793897,-0.00630596,0,27.88615908
5,13,5,6.305015157,5.056971913,-12.05151253,26.95229918,0,0,0,0.014727623,1.95134646,-0.038406568,0,28.19044123
5,13,6,0.546835029,2.567119434,-12.05151253,2.142434345,0,0,0,0.000111211,0.155112247,-0.497821985,0,-7.137722254
5,13,7,0.110782423,0.365489602,-12.05151253,0.481210284,0,0,0,3.9942E-05,0.034839625,-0.644740896,0,-11.70389155
5,13,8,0.319838623,0.001471748,-12.05151253,1.698819962,0,0,0,0.002564936,0.122994565,-0.65337226,0,-10.55919496
5,13,9,0,0,-12.05151253,0,0,0,0,0,0,-0.671269248,0,-12.72278178
5,13,10,0,0,-12.05151253,0,0,0,0,0,0,-0.671269248,0,-12.72278178
5,13,11,0,0,-12.05151253,0,0,0,0,0,0,-0.671269248,0,-12.72278178
5,13,12,0,0,-12.05151253,0,0,0,0,0,0,-0.671269248,0,-12.72278178
5,13,13,0,0,-12.05151253,0,0,0,0,0,0,-0.671269248,0,-12.72278178
5,13,14,0,0,-12.05151253,0,0,0,0,0,0,-0.671269248,0,-12.72278178
5,13,15,0,0,-12.05151253,0,0,0,0,0,0,-0.671269248,0,-12.72278178
5,13,16,0,0,-12.05151253,0,0,0,0,0,0,-0.671269248,0,-12.72278178
5,13,17,3.006351664,1.011171349,-12.05151253,13.85432598,0,0,0,0.018674439,1.003053201,-0.447493216,0,6.394570885
5,13,18,22.64574912,69.61005641,-12.05151253,75.69089158,0,0,0,0.021436789,5.48002055,4.46737912,0,165.864021
5,13,19,17.46867166,48.9560143,-12.05151253,56.05855975,0,0,0,0.018342751,4.058639726,3.02858576,0,117.5373014
5,13,20,9.903113323,21.77569114,-12.05151253,38.03018973,0,0,0,0.015554672,2.753385737,1.09324016,0,61.51966223
5,13,21,10.29444813,21.99925876,-12.05151253,39.89505379,0,0,0,0.01709998,2.888401894,1.127490226,0,64.17024024
5,13,22,9.675004001,19.88698826,-12.05151253,38.10986166,0,0,0,0.016816195,2.759153984,0.975333721,0,59.37164528
5,13,23,9.509894277,21.19815106,-12.05151253,37.30477353,0,0,0,0.015645517,2.700865603,1.039168877,0,59.71698632
5,14,0,9.16163985,18.27131801,-12.05151253,36.39779088,0,0,0,0.017950974,2.63520006,0.856746505,0,55.28913375
5,14,1,9.072284038,18.18138015,-12.05151253,35.97923302,0,0,0,0.016806855,2.60489647,0.846759847,0,54.64984785
5,14,2,9.88387458,20.05248498,-12.05151253,39.1876327,0,0,0,0.017418985,2.837184607,0.996185979,0,60.9232693
5,14,3,9.280617436,18.15824693,-12.05151253,37.4388611,0,0,0,0.018521395,2.710573544,0.857075497,0,56.41238337
5,14,4,10.06111548,23.47575406,-12.05151253,44.5880475,0,0,0,0.018939619,3.228174639,1.196734385,0,70.51725315
5,14,5,9.642676484,21.78289676,-12.05151253,38.19731103,0,0,0,0.015676991,2.765485319,1.079135182,0,61.43166923
5,14,6,4.414717713,2.20395123,-12.05151253,19.28873191,0,0,0,0.013491785,1.39650419,-0.302609388,0,14.96327491
5,14,7,0.608680823,2.286180713,-12.05151253,2.581417685,0,0,0,0.000634019,0.18689464,-0.510025461,0,-6.897730115
5,14,8,0.800115724,3.497580454,-12.05151253,3.23177379,0,0,0,0.000496821,0.233980422,-0.431887571,0,-4.719452894
5,14,9,0.383003744,0.204798767,-12.05151253,1.919797838,0,0,0,0.0006331,0.138993363,-0.638528648,0,-10.04281437
5,14,10,0.521055993,0.226455327,-12.05151253,2.398121276,0,0,0,0.000327796,0.17362398,-0.629632868,0,-9.36156103
5,14,11,0.1905549,8.90818E-10,-12.05151253,1.035337616,0,0,0,0.001496019,0.074958443,-0.66065534,0,-11.4098209
5,14,12,0,0,-12.05151253,0,0,0,0,0,0,-0.671269248,0,-12.72278178
5,14,13,0,0,-12.05151253,0,0,0,0,0,0,-0.671269248,0,-12.72278178
5,14,14,0,0,-12.05151253,0,0,0,0,0,0,-0.671269248,0,-12.72278178
5,14,15,0,0,-12.05151253,0,0,0,0,0,0,-0.671269248,0,-12.72278178
5,14,16,0.038473914,-4.49622E-10,-12.05151253,0.264544137,0,0,0,0.000551113,0.019152995,-0.669126251,0,-12.39791663
5,14,17,4.238055036,0.0815181,-12.05151253,18.75577787,0,0,0,0.014824921,1.357918318,-0.430669025,0,11.96591268
5,14,18,23.49230193,75.13068668,-12.05151253,76.61128702,0,0,0,0.020375335,5.54665718,4.822031218,0,173.5718268
5,14,19,24.38071172,79.17666455,-12.05151253,76.95654994,0,0,0,0.018451683,5.571654216,5.09687661,0,179.1493962
5,14,20,11.33902731,27.5357302,-12.05151253,41.36022917,0,0,0,0.015859848,2.994480592,1.494054745,0,72.68786933
5,14,21,9.68819829,17.48168068,-12.05151253,38.05894988,0,0,0,0.019220373,2.755467971,0.842093011,0,56.79409767
5,14,22,9.839516676,18.80670464,-12.05151253,37.65749539,0,0,0,0.017871728,2.726402666,0.924325279,0,57.92080385
5,14,23,9.803425941,19.27093933,-12.05151253,37.60815225,0,0,0,0.019060352,2.722830223,0.948172898,0,58.32106846
5,15,0,9.135200655,17.32796338,-12.05151253,35.2605884,0,0,0,0.017457776,2.5528666,0.802728989,0,53.04529327
5,15,1,8.659759445,14.73430794,-12.05151253,34.82613719,0,0,0,0.018409374,2.521412333,0.631780305,0,49.34029406
5,15,2,8.838699396,16.59787175,-12.05151253,35.41223783,0,0,0,0.018957507,2.563846019,0.745547765,0,52.12564773
5,15,3,8.643731609,18.29879334,-12.05151253,34.75159889,0,0,0,0.016981268,2.51601576,0.829429391,0,53.00503773
5,15,4,8.545327065,18.12160262,-12.05151253,34.38793954,0,0,0,0.016741891,2.489686823,0.814078735,0,52.32386414
5,15,5,7.842570366,14.19526092,-12.05151253,31.82864778,0,0,0,0.016128237,2.304394099,0.556237955,0,44.69172682
5,15,6,3.456334702,2.936083436,-12.05151253,15.3939356,0,0,0,0.015187012,1.114520937,-0.315211558,0,10.54933759
5,15,7,0.643192565,1.963749572,-12.05151253,2.634771621,0,0,0,0.001853726,0.190757465,-0.526062571,0,-7.143250155
5,15,8,0.435305527,1.150242251,-12.05151253,1.944588052,0,0,0,0.001863027,0.140788175,-0.582954237,0,-8.961679739
5,15,9,0.812871368,0.792250806,-12.05151253,3.717567445,0,0,0,0.002375185,0.269151883,-0.581863943,0,-7.039159791
5,15,10,0.328996505,1.43447E-09,-12.05151253,1.731158741,0,0,0,0.002136984,0.125335893,-0.652944143,0,-10.51682855
5,15,11,0,0,-12.05151253,0,0,0,0,0,0,-0.671269248,0,-12.72278178
5,15,12,0,0,-12.05151253,0,0,0,0,0,0,-0.671269248,0,-12.72278178
5,15,13,0,0,-12.05151253,0,0,0,0,0,0,-0.671269248,0,-12.72278178
5,15,14,0,0,-12.05151253,0,0,0,0,0,0,-0.671269248,0,-12.72278178
5,15,15,0,0,-12.05151253,0,0,0,0,0,0,-0.671269248,0,-12.72278178
5,15,16,0,0,-12.05151253,0,0,0,0,0,0,-0.671269248,0,-12.72278178
5,15,17,4.016357381,0.144022108,-12.05151253,17.61292289,0,0,0,0.012908042,1.275175617,-0.439536111,0,10.57033739
5,15,18,20.90350613,65.77962436,-12.05151253,68.42734091,0,0,0,0.015203623,4.954139482,4.15698112,0,152.1852831
5,15,19,20.46827413,64.26207894,-12.05151253,62.75778317,0,0,0,0.013558483,4.543663501,4.048211418,0,144.0420571
5,15,20,8.396544031,16.24743295,-12.05151253,32.63012451,0,0,0,0.015043772,2.362421015,0.70140027,0,48.30145402
5,15,21,8.320196766,16.67587951,-12.05151253,32.18079308,0,0,0,0.013902077,2.329889419,0.7210122,0,48.19016052
5,15,22,7.115135768,10.00585257,-12.05151253,28.54703389,0,0,0,0.017796485,2.066805254,0.282369802,0,35.98348124
5,15,23,7.483006938,12.81749009,-12.05151253,29.73075874,0,0,0,0.016070349,2.152506933,0.459468436,0,40.60778896
5,16,0,7.536657773,12.18411785,-12.05151253,29.9469591,0,0,0,0.015730668,2.168159839,0.427177954,0,40.22729065
5,16,1,7.514569199,11.63949031,-12.05151253,29.90999643,0,0,0,0.015785301,2.165483742,0.395611867,0,39.58942432
5,16,2,7.802993344,12.98305546,-12.05151253,31.37474936,0,0,0,0.014697585,2.271531853,0.48651367,0,42.88202873
5,16,3,7.125392107,11.95011148,-12.05151253,29.5315393,0,0,0,0.014196582,2.138083446,0.391236302,0,39.09904669
5,16,4,7.469177431,14.18489001,-12.05151253,30.70718257,0,0,0,0.014649637,2.223200018,0.534862308,0,43.08244943
5,16,5,6.957686853,11.8049988,-12.05151253,28.87699893,0,0,0,0.013823088,2.090694723,0.373812342,0,38.0665022
5,16,6,3.160085506,1.111995396,-12.05151253,14.34066492,0,0,0,0.014871445,1.03826414,-0.433314342,0,7.181054527
5,16,7,0.590415661,2.029890582,-12.05151253,2.467934529,0,0,0,0.001864072,0.17867846,-0.52531819,0,-7.308047422
5,16,8,1.427753346,5.653554373,-12.05151253,5.449042905,0,0,0,0.001938102,0.394510706,-0.276840408,0,0.598446491
5,16,9,0.631859046,1.007745292,-12.05151253,3.045870579,0,0,0,0.002455323,0.22052103,-0.579943287,0,-7.723004551
5,16,10,0.48094703,0.025144069,-12.05151253,2.272243314,0,0,0,0.002079818,0.164510416,-0.643079974,0,-9.74966786
5,16,11,0.369489049,-4.58332E-11,-12.05151253,1.911821274,0,0,0,0.002386948,0.13841586,-0.650688708,0,-10.28008811
5,16,12,0,0,-12.05151253,0,0,0,0,0,0,-0.671269248,0,-12.72278178
5,16,13,0,0,-12.05151253,0,0,0,0,0,0,-0.671269248,0,-12.72278178
5,16,14,0,0,-12.05151253,0,0,0,0,0,0,-0.671269248,0,-12.72278178
5,16,15,0,0,-12.05151253,0,0,0,0,0,0,-0.671269248,0,-12.72278178
5,16,16,0.195465377,-2.28429E-09,-12.05151253,1.000089021,0,0,0,0.00208344,0.072406445,-0.660381827,0,-11.44185008
5,16,17,5.166323696,2.761484608,-12.05151253,22.33070057,0,0,0,0.016105646,1.616742721,-0.229690326,0,19.61015438
5,16,18,20.002615,62.20597975,-12.05151253,66.34710081,0,0,0,0.016435831,4.803530099,3.907749479,0,145.2318984
5,16,19,20.25307914,63.41850669,-12.05151253,62.24963029,0,0,0,0.014461008,4.506873233,3.989238082,0,142.3802759
5,16,20,7.16944004,10.14408606,-12.05151253,28.29373369,0,0,0,0.015297039,2.048466319,0.293094155,0,35.91260476
5,16,21,8.262002598,15.42822204,-12.05151253,32.21063,0,0,0,0.015062093,2.332049612,0.648276264,0,46.84473008
5,16,22,7.421865964,13.29656962,-12.05151253,29.22882094,0,0,0,0.014838236,2.116166636,0.482747614,0,40.50949648
5,16,23,6.445122852,8.681269218,-12.05151253,27.03879938,0,0,0,0.015244447,1.957609075,0.17127079,0,32.25780323
5,17,0,6.678020013,9.694583993,-12.05151253,27.89814575,0,0,0,0.015600155,2.019825752,0.240684795,0,34.49534792
5,17,1,6.643916941,9.156747655,-12.05151253,27.81716541,0,0,0,0.015436386,2.013962776,0.20882777,0,33.8045444
5,17,2,7.618219007,10.97476572,-12.05151253,31.66662774,0,0,0,0.016072623,2.292663848,0.364360001,0,40.8811964
5,17,3,7.030628961,10.22927267,-12.05151253,29.40858642,0,0,0,0.013833525,2.129181657,0.290107273,0,37.05009797
5,17,4,6.850497772,9.510331508,-12.05151253,28.75846127,0,0,0,0.014130404,2.082112596,0.240028943,0,35.40404996
5,17,5,6.41026501,8.634592555,-12.05151253,27.02715124,0,0,0,0.013841193,1.956765749,0.166729318,0,32.15783253
5,17,6,4.044358182,0.418482485,-12.05151253,17.95296345,0,0,0,0.014987189,1.299794554,-0.422689023,0,11.2563843
5,17,7,0.393982553,0.346527613,-12.05151253,1.968423687,0,0,0,0.001290175,0.142513875,-0.630022832,0,-9.828797464
5,17,8,1.468490111,5.351190523,-12.05151253,5.620783194,0,0,0,0.001365759,0.406944703,-0.291413037,0,0.505848719
5,17,9,0.454631156,0.013712169,-12.05151253,2.316196278,0,0,0,0.001624915,0.167692611,-0.645182525,0,-9.74283793
5,17,10,0.062393311,0.01041768,-12.05151253,0.313345524,0,0,0,4.47931E-05,0.022686216,-0.667213676,0,-12.30983869
5,17,11,0.814314607,0.629058345,-12.05151253,3.719347654,0,0,0,0.002761147,0.26928077,-0.590873375,0,-7.207623386
5,17,12,0,0,-12.05151253,0,0,0,0,0,0,-0.671269248,0,-12.72278178
5,17,13,0,0,-12.05151253,0,0,0,0,0,0,-0.671269248,0,-12.72278178
5,17,14,0,0,-12.05151253,0,0,0,0,0,0,-0.671269248,0,-12.72278178
5,17,15,0,0,-12.05151253,0,0,0,0,0,0,-0.671269248,0,-12.72278178
5,17,16,0,0,-12.05151253,0,0,0,0,0,0,-0.671269248,0,-12.72278178
5,17,17,4.258964726,0.154817034,-12.05151253,18.65981379,0,0,0,0.013788681,1.350970518,-0.425421604,0,11.96142061
5,17,18,23.04495538,71.68218416,-12.05151253,74.46207015,0,0,0,0.019981339,5.391053879,4.605032424,0,167.1537648
5,17,19,22.04739803,74.41097708,-12.05151253,67.38748699,0,0,0,0.016503618,4.878854058,4.701462246,0,161.3911695
5,17,20,9.129320537,22.02955843,-12.05151253,35.23159142,0,0,0,0.018010946,2.550767219,1.06428031,0,57.97201633
5,17,21,10.62883164,27.97522936,-12.05151253,39.47889186,0,0,0,0.016202468,2.858271771,1.47897695,0,70.38489152
5,17,22,10.55295599,28.42159045,-12.05151253,38.51350692,0,0,0,0.015387824,2.788377901,1.499612989,0,69.73991954
5,17,23,12.91571057,35.11958672,-12.05151253,47.48446934,0,0,0,0.01564343,3.43787558,2.004296811,0,88.92606992
5,18,0,21.07303247,63.67816631,-12.05151253,69.66645377,0,0,0,0.020782179,5.043851253,4.049372524,0,151.480146
5,18,1,23.03229798,73.75459687,-12.05151253,74.77627191,0,0,0,0.018537654,5.413802086,4.719760795,0,169.6637548
5,18,2,22.88525473,74.48984715,-12.05151253,73.60788651,0,0,0,0.01832714,5.329210983,4.752523926,0,169.0315379
5,18,3,23.27059203,74.46224334,-12.05151253,74.96042185,0,0,0,0.018354365,5.427134542,4.772449682,0,170.8596833
5,18,4,13.09789255,34.94942808,-12.05151253,50.475357,0,0,0,0.020753793,3.654415847,2.004966511,0,92.15130125
5,18,5,4.613761776,6.019455689,-12.05151253,19.0988683,0,0,0,0.00921369,1.382758065,-0.078999035,0,18.99354595
5,18,6,2.34355221,1.128539163,-12.05151253,10.74793662,0,0,0,0.009840353,0.778150611,-0.477873759,0,2.47863266
5,18,7,0.415406514,1.576003745,-12.05151253,1.878874576,0,0,0,0.000263645,0.136030519,-0.560347697,0,-8.605281232
5,18,8,0.358587128,0.21840907,-12.05151253,1.786266442,0,0,0,0.000309183,0.12932569,-0.63913056,0,-10.19774558
5,18,9,0.414890914,0.017095423,-12.05151253,1.964973344,0,0,0,0.000915039,0.14226407,-0.647207609,0,-10.15858135
5,18,10,0.136183639,-2.91892E-10,-12.05151253,0.860754097,0,0,0,0.001148862,0.062318597,-0.66368382,0,-11.65479116
5,18,11,0,0,-12.05151253,0,0,0,0,0,0,-0.671269248,0,-12.72278178
5,18,12,0,0,-12.05151253,0,0,0,0,0,0,-0.671269248,0,-12.72278178
5,18,13,0,0,-12.05151253,0,0,0,0,0,0,-0.671269248,0,-12.72278178
5,18,14,0,0,-12.05151253,0,0,0,0,0,0,-0.671269248,0,-12.72278178
5,18,15,0,0,-12.05151253,0,0,0,0,0,0,-0.671269248,0,-12.72278178
5,18,16,0.1730982,-1.7562E-09,-12.05151253,0.958155167,0,0,0,0.001726039,0.069370434,-0.661627679,0,-11.51079038
5,18,17,5.360931074,3.641943271,-12.05151253,23.06938048,0,0,0,0.015536879,1.670223146,-0.169809147,0,21.53669317
5,18,18,21.28495535,66.22505604,-12.05151253,68.72562599,0,0,0,0.01627883,4.975735322,4.203038386,0,153.3791774
5,18,19,24.38991978,79.0511966,-12.05151253,78.72889186,0,0,0,0.017552377,5.699971771,5.090400934,0,180.9264208
5,18,20,22.57577882,73.69591463,-12.05151253,70.43273045,0,0,0,0.016388711,5.099329685,4.691064077,0,164.4596938
5,18,21,22.93964523,73.82424391,-12.05151253,71.9295248,0,0,0,0.018273062,5.207697596,4.718479377,0,166.5863514
5,18,22,18.28574971,55.57839791,-12.05151253,56.81115561,0,0,0,0.014611289,4.113127666,3.442963774,0,126.1944934
5,18,23,13.27445087,38.7668352,-12.05151253,47.20620764,0,0,0,0.016301255,3.417729433,2.227430386,0,92.85744224
5,19,0,18.65766965,58.8907317,-12.05151253,60.88314549,0,0,0,0.016064367,4.407939734,3.648176707,0,134.4522151
5,19,1,21.50759361,70.6464346,-12.05151253,68.67971629,0,0,0,0.01357789,4.972411459,4.461710123,0,158.2299314
5,19,2,18.17206219,56.63085724,-12.05151253,62.57527025,0,0,0,0.01649811,4.530449566,3.495253364,0,133.3688782
5,19,3,9.804233843,22.87582569,-12.05151253,38.09225662,0,0,0,0.015863654,2.757879379,1.149010068,0,62.64355672
5,19,4,10.63576854,24.51799339,-12.05151253,41.57348584,0,0,0,0.015762025,3.009920374,1.286795291,0,68.98821292
5,19,5,5.007116128,7.591709135,-12.05151253,20.01919009,0,0,0,0.010168179,1.449389362,0.030485319,0,22.05654567
5,19,6,0.216483405,0.663543863,-12.05151253,1.177458057,0,0,0,0.000383334,0.085247963,-0.622251729,0,-10.53064764
5,19,7,0.063678841,1.02734E-09,-12.05151253,0.366049359,0,0,0,0.000347877,0.026501974,-0.667722337,0,-12.26265682
5,19,8,0.486436934,2.55612E-09,-12.05151253,2.398068384,0,0,0,0.002022156,0.173620151,-0.644174711,0,-9.635539618
5,19,9,0,0,-12.05151253,0,0,0,0,0,0,-0.671269248,0,-12.72278178
5,19,10,0,0,-12.05151253,0,0,0,0,0,0,-0.671269248,0,-12.72278178
5,19,11,0,0,-12.05151253,0,0,0,0,0,0,-0.671269248,0,-12.72278178
5,19,12,0,0,-12.05151253,0,0,0,0,0,0,-0.671269248,0,-12.72278178
5,19,13,0,0,-12.05151253,0,0,0,0,0,0,-0.671269248,0,-12.72278178
5,19,14,0,0,-12.05151253,0,0,0,0,0,0,-0.671269248,0,-12.72278178
5,19,15,0,0,-12.05151253,0,0,0,0,0,0,-0.671269248,0,-12.72278178
5,19,16,0.939364501,-5.07E-09,-12.05151253,4.590235024,0,0,0,0.008184691,0.332333016,-0.618946646,0,-6.800341953
5,19,17,13.37012761,34.78939188,-12.05151253,50.07282945,0,0,0,0.020323909,3.625272852,2.011215987,0,91.83764915
5,19,18,20.62096169,66.89706131,-12.05151253,65.00534585,0,0,0,0.018027201,4.706387039,4.203484633,0,149.3997552
5,19,19,23.93098847,77.97730647,-12.05151253,74.94126057,0,0,0,0.019478157,5.425747265,5.00502278,0,175.2482912
5,19,20,13.64878385,38.16922296,-12.05151253,48.13318141,0,0,0,0.018663507,3.484842334,2.214993731,0,93.61817526
5,19,21,12.65592616,33.7826582,-12.05151253,45.82505673,0,0,0,0.017637815,3.317734107,1.915359901,0,85.46286038
5,19,22,14.29612914,39.22975677,-12.05151253,52.24361097,0,0,0,0.017059163,3.782437434,2.310122597,0,99.82760353
5,19,23,18.14603499,56.21279224,-12.05151253,61.82871657,0,0,0,0.018313519,4.47639908,3.470517429,0,132.1012613
5,20,0,21.735655,70.64497408,-12.05151253,70.27068232,0,0,0,0.016988376,5.0875974,4.474331792,0,160.1787164
5,20,1,20.64160168,64.9422426,-12.05151253,66.59878179,0,0,0,0.015833179,4.821751802,4.095750878,0,149.0644494
5,20,2,21.03409046,67.99857569,-12.05151253,68.62214131,0,0,0,0.016459162,4.968243031,4.287850257,0,154.8758474
5,20,3,20.60989006,68.11753674,-12.05151253,66.85438133,0,0,0,0.015153686,4.840257208,4.270848425,0,152.6565549
5,20,4,15.99524171,51.8104821,-12.05151253,56.15122447,0,0,0,0.015600793,4.065348651,3.105509568,0,119.0918948
5,20,5,6.549129705,8.302589995,-12.05151253,26.45964051,0,0,0,0.013873355,1.915677973,0.155971539,0,31.34537054
5,20,6,0.450636793,1.652431056,-12.05151253,1.891295506,0,0,0,0.000387774,0.136929795,-0.554128369,0,-8.473959979
5,20,7,0.2250942,0.820951333,-12.05151253,1.203191192,0,0,0,0.000406223,0.087111042,-0.613004512,0,-10.32776306
5,20,8,0.417318195,1.219242586,-12.05151253,2.056174391,0,0,0,0.000688935,0.148867026,-0.580112813,0,-8.789334214
5,20,9,0.444858514,0.260684891,-12.05151253,2.311906279,0,0,0,0.003605621,0.167382015,-0.631970481,0,-9.495045696
5,20,10,0.780501907,0.021899909,-12.05151253,3.739041501,0,0,0,0.002472704,0.270706605,-0.626575467,0,-7.863465375
5,20,11,0.009572042,1.51273E-11,-12.05151253,0.117215135,0,0,0,1.77962E-05,0.008486376,-0.670736085,0,-12.58695727
5,20,12,0,0,-12.05151253,0,0,0,0,0,0,-0.671269248,0,-12.72278178
5,20,13,0,0,-12.05151253,0,0,0,0,0,0,-0.671269248,0,-12.72278178
5,20,14,0,0,-12.05151253,0,0,0,0,0,0,-0.671269248,0,-12.72278178
5,20,15,0.158696929,-1.8546E-09,-12.05151253,0.827819504,0,0,0,0.001724559,0.059934132,-0.662429829,0,-11.66576724
5,20,16,1.474404179,2.45296E-09,-12.05151253,6.972989744,0,0,0,0.009392383,0.504844457,-0.589144935,0,-3.679026703
5,20,17,12.157753,35.6843041,-12.05151253,44.59055535,0,0,0,0.015111765,3.228356207,1.993533332,0,85.61810122
5,20,18,26.50852748,84.37090603,-12.05151253,85.59376324,0,0,0,0.021746197,6.196988459,5.504715198,0,196.1451341
5,20,19,26.85873404,87.60155638,-12.05151253,84.76851786,0,0,0,0.020871685,6.137240693,5.704168928,0,199.0395771
5,20,20,16.98902015,48.07203327,-12.05151253,58.28841118,0,0,0,0.020921937,4.220080969,2.952631428,0,118.4915864
5,20,21,20.6426898,62.34579287,-12.05151253,66.89713253,0,0,0,0.019346741,4.843352395,3.951189237,0,146.647991
5,20,22,18.56496101,55.22819043,-12.05151253,61.44478238,0,0,0,0.019158507,4.448602245,3.439009287,0,131.0931913
5,20,23,16.68819469,49.76325719,-12.05151253,56.50503134,0,0,0,0.017280825,4.090964269,3.030076622,0,118.0432924
5,21,0,20.15282971,65.77510253,-12.05151253,65.26776761,0,0,0,0.014405895,4.725386375,4.114916578,0,147.9988962
5,21,1,20.34506769,65.75991147,-12.05151253,64.87370442,0,0,0,0.013640706,4.6968562,4.124778091,0,147.762446
5,21,2,20.34119173,64.50139424,-12.05151253,65.43796766,0,0,0,0.01512933,4.737708859,4.05446279,0,147.0363421
5,21,3,20.06439369,63.42130408,-12.05151253,65.28753347,0,0,0,0.015289249,4.726817423,3.978884117,0,145.4427095
5,21,4,16.29956499,47.29189117,-12.05151253,57.08901393,0,0,0,0.017956613,4.133244609,2.87077486,0,115.6509336
5,21,5,12.40052699,36.00427381,-12.05151253,45.36189325,0,0,0,0.014922714,3.284201071,2.024878157,0,87.03918346
5,21,6,5.16759335,4.395223541,-12.05151253,22.23498805,0,0,0,0.013829412,1.609813135,-0.138620347,0,21.23131461
5,21,7,3.102644838,1.66575924,-12.05151253,14.07674515,0,0,0,0.011061995,1.019156349,-0.405669141,0,7.41818589
5,21,8,1.893801073,1.279814874,-12.05151253,9.130740401,0,0,0,0.010931986,0.661065605,-0.49449884,0,0.430342565
5,21,9,2.191230193,4.907741737,-12.05151253,9.520397072,0,0,0,0.007525321,0.689276748,-0.275856512,0,4.988802025
5,21,10,1.80046889,4.258676933,-12.05151253,7.836626919,0,0,0,0.008629537,0.567371789,-0.333774826,0,2.086486707
5,21,11,1.028937192,0.184814678,-12.05151253,5.204041087,0,0,0,0.008065308,0.376772575,-0.603663269,0,-5.852544964
5,21,12,1.262498814,1.435956529,-12.05151253,5.862887563,0,0,0,0.006588049,0.42447306,-0.520965286,0,-3.580073805
5,21,13,0.897105023,-1.85453E-09,-12.05151253,4.175684756,0,0,0,0.003073502,0.302319576,-0.621300499,0,-7.294630178
5,21,14,1.731990437,-2.15376E-09,-12.05151253,7.92526987,0,0,0,0.006880093,0.573789539,-0.574797381,0,-2.388379979
5,21,15,3.023552382,0.425691468,-12.05151253,13.63685542,0,0,0,0.010970908,0.987308332,-0.479146366,0,5.55371961
5,21,16,7.159839255,12.15736188,-12.05151253,29.51661725,0,0,0,0.015360902,2.137003089,0.404698855,0,39.3393687
5,21,17,25.99935192,82.44999919,-12.05151253,84.01817107,0,0,0,0.021190619,6.082915585,5.369359608,0,191.8894755
5,21,18,22.41112683,69.50214915,-12.05151253,70.83877297,0,0,0,0.020140961,5.128727163,4.448300224,0,160.2977048
5,21,19,17.68672281,52.21079515,-12.05151253,60.37812823,0,0,0,0.019935533,4.371376484,3.222022502,0,125.8374682
5,21,20,18.27662876,55.1917053,-12.05151253,61.17316093,0,0,0,0.019033888,4.428936851,3.420916959,0,130.4588702
5,21,21,17.97332347,52.40143882,-12.05151253,60.18672149,0,0,0,0.019266114,4.357518636,3.248605011,0,126.135361
5,21,22,19.20869275,57.09905397,-12.05151253,64.47431547,0,0,0,0.019712183,4.66794044,3.579072245,0,136.9972745
5,21,23,22.11665455,70.27257852,-12.05151253,72.96264106,0,0,0,0.017952336,5.282495213,4.474811034,0,163.0756202
5,22,0,22.41227805,74.59638605,-12.05151253,70.50201092,0,0,0,0.014845631,5.10434559,4.732113343,0,165.3104671
5,22,1,21.32351672,67.8657093,-12.05151253,68.14727689,0,0,0,0.014368781,4.933862847,4.296570641,0,154.5297926
5,22,2,20.26759757,65.61525784,-12.05151253,65.77870364,0,0,0,0.014315479,4.762378143,4.112405798,0,148.4991459
5,22,3,19.82953696,61.57990027,-12.05151253,66.40570824,0,0,0,0.016969576,4.807773277,3.863236406,0,144.4516122
5,22,4,15.70689279,45.27913975,-12.05151253,56.48164023,0,0,0,0.018536959,4.089270753,2.725652764,0,112.2496207
5,22,5,12.08998732,34.77524087,-12.05151253,43.41021162,0,0,0,0.015439271,3.142899321,1.939123962,0,83.32138983
5,22,6,5.312083377,5.765820694,-12.05151253,21.7525718,0,0,0,0.013201095,1.574886198,-0.054229991,0,22.31282064
5,22,7,2.500618968,2.115324818,-12.05151253,11.09743884,0,0,0,0.009726338,0.803454572,-0.414161179,0,4.060889821
5,22,8,1.2246531,0.846680167,-12.05151253,6.176005424,0,0,0,0.00529993,0.447142793,-0.555895985,0,-3.907627107
5,22,9,1.882054859,3.176504629,-12.05151253,8.521793242,0,0,0,0.007688216,0.616977831,-0.389507485,0,1.763998758
5,22,10,2.209993087,5.496736499,-12.05151253,9.19179798,0,0,0,0.007044027,0.665486174,-0.24200441,0,5.277540822
5,22,11,1.104836188,1.206042494,-12.05151253,5.287192554,0,0,0,0.005686863,0.382792741,-0.542553306,0,-4.607514999
5,22,12,0.869503888,0.018354263,-12.05151253,4.263889594,0,0,0,0.005573173,0.308705607,-0.621815549,0,-7.207301559
5,22,13,0.573479273,-6.09518E-09,-12.05151253,2.847047841,0,0,0,0.00572941,0.206126264,-0.639326453,0,-9.058456206
5,22,14,0.867412529,-3.33373E-09,-12.05151253,4.215533252,0,0,0,0.006503092,0.305204607,-0.62295437,0,-7.279813427
5,22,15,1.325049634,0.010875753,-12.05151253,6.308797187,0,0,0,0.007960277,0.456756916,-0.596858204,0,-4.538930971
5,22,16,4.521333729,2.194572725,-12.05151253,19.6588622,0,0,0,0.01364491,1.423301623,-0.297193259,0,15.4630094
5,22,17,25.01562085,78.53905818,-12.05151253,81.74510163,0,0,0,0.021551165,5.918345358,5.096726374,0,184.284891
5,22,18,27.44825133,92.39357065,-12.05151253,86.70949721,0,0,0,0.020002429,6.277767598,6.003920236,0,206.8014969
5,22,19,22.45201576,70.58454587,-12.05151253,72.39216205,0,0,0,0.019604092,5.241192532,4.510867235,0,163.148875
5,22,20,18.81000696,58.64977639,-12.05151253,62.53075283,0,0,0,0.017276379,4.527226505,3.643240684,0,136.1267672
5,22,21,17.31978387,54.95389267,-12.05151253,55.86670107,0,0,0,0.015507005,4.044749158,3.354374535,0,123.5034958
5,22,22,18.54237702,59.06254085,-12.05151253,60.80274761,0,0,0,0.018418046,4.402118927,3.651324677,0,134.4280146
5,22,23,19.38785187,57.04120293,-12.05151253,65.1344322,0,0,0,0.020149199,4.715732891,3.585829104,0,137.8336857
5,23,0,18.67780529,57.05603787,-12.05151253,62.6987432,0,0,0,0.017542229,4.539389008,3.547105816,0,134.4851109
5,23,1,19.36516187,63.00799099,-12.05151253,62.88851454,0,0,0,0.014741042,4.553128452,3.916915366,0,141.6949397
5,23,2,20.76653308,65.0699134,-12.05151253,66.20928387,0,0,0,0.015416125,4.793552152,4.109820821,0,148.9130069
5,23,3,18.21715929,56.95484409,-12.05151253,61.19875979,0,0,0,0.014936985,4.430790209,3.51581134,0,132.2807892
5,23,4,19.10903947,58.44918672,-12.05151253,64.82384908,0,0,0,0.018572909,4.693246673,3.648723951,0,138.6911063
5,23,5,16.42885013,47.87062932,-12.05151253,56.42311595,0,0,0,0.018566691,4.085033595,2.910211757,0,115.6848949
5,23,6,6.565002146,11.42640833,-12.05151253,26.54804588,0,0,0,0.014275511,1.922078522,0.330852315,0,34.75515017
5,23,7,2.74182116,2.41264192,-12.05151253,12.25510065,0,0,0,0.010859933,0.887269287,-0.384165655,0,5.872014762
5,23,8,1.620608905,2.548956189,-12.05151253,7.509953611,0,0,0,0.00769713,0.543720641,-0.439024472,0,-0.259600531
5,23,9,1.574807614,2.757289591,-12.05151253,7.253220692,0,0,0,0.007804117,0.525133178,-0.429971434,0,-0.363228776
5,23,10,1.778280704,4.7152083,-12.05151253,7.835942314,0,0,0,0.006928099,0.567322224,-0.309581911,0,2.542587197
5,23,11,1.455417985,5.022946484,-12.05151253,6.040128032,0,0,0,0.003792605,0.437305269,-0.310424347,0,0.597653493
5,23,12,0.487190138,0.014374385,-12.05151253,2.567811861,0,0,0,0.003469164,0.185909579,-0.643332104,0,-9.436089512
5,23,13,0.75675374,-2.86035E-09,-12.05151253,3.668022933,0,0,0,0.00645658,0.26556486,-0.629118065,0,-7.983832489
5,23,14,0.562279979,-5.44177E-09,-12.05151253,2.790911242,0,0,0,0.005516918,0.202061974,-0.639950254,0,-9.13069268
5,23,15,1.054207936,0.005508708,-12.05151253,5.161959643,0,0,0,0.008729116,0.373725878,-0.612243031,0,-6.059624285
5,23,16,3.447182117,0.121856789,-12.05151253,15.49224788,0,0,0,0.013667444,1.121638746,-0.472473781,0,7.672606658
5,23,17,18.02856405,52.26665126,-12.05151253,63.40294496,0,0,0,0.021152331,4.590373215,3.244174245,0,129.5023475
5,23,18,23.41668226,78.40205297,-12.05151253,73.51174308,0,0,0,0.016587416,5.322250199,5.000034304,0,173.6178377
5,23,19,20.54216864,65.27126824,-12.05151253,65.44652319,0,0,0,0.017009266,4.738328279,4.108539186,0,148.0723243
5,23,20,18.08261994,55.84522199,-12.05151253,60.40085474,0,0,0,0.016937995,4.373021883,3.446511547,0,130.1136556
5,23,21,17.44493062,51.74741293,-12.05151253,58.536137,0,0,0,0.01700366,4.238016319,3.182744288,0,123.1147323
5,23,22,18.92574187,56.80211479,-12.05151253,64.37799272,0,0,0,0.01977652,4.660966673,3.546772368,0,136.2818524
5,23,23,19.80078319,60.44258593,-12.05151253,66.97752189,0,0,0,0.020640563,4.849172585,3.798286411,0,143.837478
5,24,0,17.86972405,53.71049878,-12.05151253,61.56440035,0,0,0,0.019517403,4.457262585,3.315749163,0,128.8856398
5,24,1,14.65655001,44.28147121,-12.05151253,52.60147002,0,0,0,0.014493825,3.808346429,2.611578534,0,105.9223975
5,24,2,14.96765961,45.95211896,-12.05151253,53.51178303,0,0,0,0.014655656,3.874253091,2.721962418,0,108.9909202
5,24,3,16.15127753,48.49908011,-12.05151253,56.19515534,0,0,0,0.014884697,4.068529247,2.929755673,0,115.8071701
5,24,4,13.74059192,37.71146217,-12.05151253,50.86524625,0,0,0,0.018682689,3.682643829,2.194610164,0,96.16172449
5,24,5,11.48106449,30.85325261,-12.05151253,42.77438277,0,0,0,0.016402128,3.096865312,1.686752215,0,77.85720699
5,24,6,5.243791952,5.357857236,-12.05151253,22.46685893,0,0,0,0.013265997,1.626600587,-0.080757388,0,22.57610478
5,24,7,1.188670267,0.04675643,-12.05151253,5.70199262,0,0,0,0.009410089,0.412824266,-0.602455981,0,-5.294314844
5,24,8,0.084197587,1.35838E-09,-12.05151253,0.458181089,0,0,0,0.000435434,0.033172311,-0.666579442,0,-12.14210555
5,24,9,0.801332567,1.728677729,-12.05151253,3.705410092,0,0,0,0.001215552,0.268271691,-0.530347675,0,-6.076952579
5,24,10,0.480698112,0.013465941,-12.05151253,2.305688178,0,0,0,0.001280993,0.166931824,-0.64374431,0,-9.727191797
5,24,11,0.469154045,2.05184E-09,-12.05151253,2.324279224,0,0,0,0.002040573,0.168277816,-0.645137368,0,-9.732898243
5,24,12,0,0,-12.05151253,0,0,0,0,0,0,-0.671269248,0,-12.72278178
5,24,13,0,0,-12.05151253,0,0,0,0,0,0,-0.671269248,0,-12.72278178
5,24,14,0,0,-12.05151253,0,0,0,0,0,0,-0.671269248,0,-12.72278178
5,24,15,0.356505831,3.36337E-09,-12.05151253,1.865166349,0,0,0,0.001327416,0.135038044,-0.651411873,0,-10.34488677
5,24,16,1.863774518,0.018313605,-12.05151253,8.802278398,0,0,0,0.012165934,0.637284956,-0.56643694,0,-1.284132063
5,24,17,6.268433653,3.376477811,-12.05151253,26.95775839,0,0,0,0.01752757,1.951741708,-0.13404768,0,26.38637892
5,24,18,20.65871679,65.3730389,-12.05151253,66.3410662,0,0,0,0.017188093,4.803093193,4.120699544,0,149.2622902
5,24,19,18.2675877,58.36138847,-12.05151253,61.46928506,0,0,0,0.018274772,4.450376239,3.596964725,0,134.1123644
5,24,20,13.34825062,36.93244726,-12.05151253,46.3189971,0,0,0,0.017132282,3.35349539,2.129365624,0,90.04817575
5,24,21,14.75524425,40.70768476,-12.05151253,51.53204197,0,0,0,0.018593895,3.730919838,2.418015898,0,101.1109881
5,24,22,11.4107982,24.30779805,-12.05151253,43.08308824,0,0,0,0.019894423,3.119215588,1.318256563,0,71.20753852
5,24,23,10.05822805,20.28030953,-12.05151253,38.92547617,0,0,0,0.017607818,2.818204474,1.018587295,0,61.0669008
5,25,0,9.56322961,15.84009211,-12.05151253,38.12334016,0,0,0,0.019517314,2.760129827,0.743695772,0,54.99849225
5,25,1,8.429144475,12.58468853,-12.05151253,35.11698749,0,0,0,0.019508109,2.542469894,0.49920125,0,47.14048721
5,25,2,7.907782181,11.82060591,-12.05151253,33.01256938,0,0,0,0.018017178,2.390110023,0.427601968,0,43.5251741
5,25,3,10.49660408,23.92458495,-12.05151253,41.50826918,0,0,0,0.017844521,3.005198689,1.245990981,0,68.14697987
5,25,4,10.27403934,24.1427538,-12.05151253,40.55500427,0,0,0,0.017879113,2.936182309,1.24574613,0,67.12009243
5,25,5,9.028271664,21.56062924,-12.05151253,35.69483511,0,0,0,0.015805024,2.584306062,1.032532532,0,57.8648671
5,25,6,3.653216455,0.062239116,-12.05151253,16.28282855,0,0,0,0.013311854,1.178876787,-0.464318373,0,8.674641858
5,25,7,0.128520529,2.77935E-10,-12.05151253,0.754074583,0,0,0,0.001154703,0.054595,-0.664110655,0,-11.77727837
5,25,8,0.148431111,5.97994E-10,-12.05151253,0.843483731,0,0,0,0.001239895,0.061068222,-0.663001635,0,-11.66029121
5,25,9,0.600435973,2.282256243,-12.05151253,2.714033867,0,0,0,0.001538963,0.196496052,-0.510703292,0,-6.767454728
5,25,10,0.398157187,0.591084113,-12.05151253,1.93795615,0,0,0,0.000373266,0.140308025,-0.616168508,0,-9.599802301
5,25,11,0.551931808,0.038445787,-12.05151253,2.60914582,0,0,0,0.001011418,0.188902157,-0.638385216,0,-9.300460759
5,25,12,0,0,-12.05151253,0,0,0,0,0,0,-0.671269248,0,-12.72278178
5,25,13,0,0,-12.05151253,0,0,0,0,0,0,-0.671269248,0,-12.72278178
5,25,14,0,0,-12.05151253,0,0,0,0,0,0,-0.671269248,0,-12.72278178
5,25,15,0,0,-12.05151253,0,0,0,0,0,0,-0.671269248,0,-12.72278178
5,25,16,0,0,-12.05151253,0,0,0,0,0,0,-0.671269248,0,-12.72278178
5,25,17,4.328221166,0.120893776,-12.05151253,19.00896816,0,0,0,0.013603949,1.376249295,-0.423453546,0,12.37297027
5,25,18,21.32055415,65.3308066,-12.05151253,69.72871737,0,0,0,0.02067741,5.048359137,4.155211546,0,153.5528137
5,25,19,18.59549806,55.41739894,-12.05151253,57.76209609,0,0,0,0.017582759,4.181975757,3.451249115,0,127.3742882
5,25,20,9.456517097,20.01604554,-12.05151253,34.48345177,0,0,0,0.01581619,2.496601908,0.970352491,0,55.38727246
5,25,21,8.080289535,13.81641949,-12.05151253,31.5491427,0,0,0,0.017205746,2.284157932,0.548377444,0,44.24408032
5,25,22,6.555328566,9.75387561,-12.05151253,25.98597927,0,0,0,0.013542412,1.881384899,0.237153424,0,32.37575164
5,25,23,6.393284157,9.29501319,-12.05151253,25.40070225,0,0,0,0.012392622,1.839010843,0.202568914,0,31.09145944
5,26,0,6.447908185,8.631310926,-12.05151253,27.18259752,0,0,0,0.013913643,1.96802006,0.168643256,0,32.36088106
5,26,1,6.452993512,8.188076982,-12.05151253,27.21251448,0,0,0,0.013942397,1.970186048,0.144238378,0,31.93043926
5,26,2,10.49722412,26.12776048,-12.05151253,41.00316256,0,0,0,0.015466979,2.968628969,1.368742394,0,69.92947297
5,26,3,10.47979842,25.67091363,-12.05151253,41.090501,0,0,0,0.016304868,2.974952273,1.342325413,0,69.52328308
5,26,4,10.17417018,25.04320135,-12.05151253,39.98389685,0,0,0,0.017144624,2.894834132,1.290338346,0,67.35207294
5,26,5,8.37555688,20.53786346,-12.05151253,33.02233356,0,0,0,0.013757874,2.39081695,0.939208265,0,53.22802445
5,26,6,0.185635532,0.540633511,-12.05151253,0.906917443,0,0,0,0.000377126,0.065660823,-0.630816062,0,-10.98310416
5,26,7,0.125255312,0.204018333,-12.05151253,0.662392352,0,0,0,0.00037145,0.047957206,-0.652928706,0,-11.66444659
5,26,8,0.197318233,1.66319E-09,-12.05151253,0.985802928,0,0,0,0.000432508,0.071372132,-0.660278623,0,-11.45686536
5,26,9,0.202931573,1.24566E-09,-12.05151253,1.039338959,0,0,0,0.000449667,0.075248141,-0.659965959,0,-11.39351015
5,26,10,0.404940317,-2.13989E-09,-12.05151253,2.043472335,0,0,0,0.003692274,0.147947397,-0.648714073,0,-10.10017429
5,26,11,0,0,-12.05151253,0,0,0,0,0,0,-0.671269248,0,-12.72278178
5,26,12,0,0,-12.05151253,0,0,0,0,0,0,-0.671269248,0,-12.72278178
5,26,13,0,0,-12.05151253,0,0,0,0,0,0,-0.671269248,0,-12.72278178
5,26,14,0,0,-12.05151253,0,0,0,0,0,0,-0.671269248,0,-12.72278178
5,26,15,0,0,-12.05151253,0,0,0,0,0,0,-0.671269248,0,-12.72278178
5,26,16,0,0,-12.05151253,0,0,0,0,0,0,-0.671269248,0,-12.72278178
5,26,17,1.068266868,-1.24842E-08,-12.05151253,5.089385719,0,0,0,0.010602485,0.368471526,-0.611766784,0,-6.126552733
5,26,18,17.73847396,49.90111595,-12.05151253,62.53887005,0,0,0,0.020083183,4.527814192,3.09625591,0,125.7711007
5,26,19,12.85553667,34.88811293,-12.05151253,39.94632028,0,0,0,0.013707635,2.892113589,1.988052034,0,80.53233061
5,26,20,6.152025576,10.94719398,-12.05151253,24.0407056,0,0,0,0.013511944,1.740547085,0.281157281,0,31.12362893
5,26,21,6.71116563,12.3056329,-12.05151253,26.20875249,0,0,0,0.014241388,1.89751368,0.38796643,0,35.47375998
5,26,22,6.168040696,12.70799637,-12.05151253,23.7617694,0,0,0,0.012024923,1.720352105,0.380126016,0,32.69879698
5,26,23,6.595588721,14.13928404,-12.05151253,25.43427975,0,0,0,0.013211816,1.841441854,0.483663165,0,36.45595681
5,27,0,6.376575689,14.22553974,-12.05151253,24.5094699,0,0,0,0.012522891,1.774485621,0.476268581,0,35.32334989
5,27,1,14.15206877,39.21145501,-12.05151253,53.28467333,0,0,0,0.01836346,3.857810349,2.301079026,0,100.7739374
5,27,2,23.01985617,71.23418945,-12.05151253,75.94058317,0,0,0,0.020108245,5.498098221,4.578681093,0,168.2400038
5,27,3,21.13898516,67.21725602,-12.05151253,69.47473233,0,0,0,0.015390637,5.029970621,4.250173386,0,155.0749956
5,27,4,5.761595907,8.93745388,-12.05151253,23.3232388,0,0,0,0.015877756,1.688602489,0.147467825,0,27.82272413
5,27,5,5.952344281,7.275912601,-12.05151253,24.01056739,0,0,0,0.012802184,1.738365079,0.06554466,0,27.00402366
5,27,6,0.551168321,0.754692172,-12.05151253,2.690607697,0,0,0,0.001420184,0.194799997,-0.598532819,0,-8.457356983
5,27,7,0.399174184,0.872070569,-12.05151253,2.048485363,0,0,0,0.001380194,0.14831034,-0.600460915,0,-9.182552801
5,27,8,0.343957054,0.653157914,-12.05151253,1.65595794,0,0,0,0.0005688,0.119891355,-0.615729944,0,-9.893709416
5,27,9,0.665245895,0.045266637,-12.05151253,3.068852599,0,0,0,0.001368214,0.222184928,-0.6316937,0,-8.680287962
5,27,10,0.032532132,5.14125E-11,-12.05151253,0.215672956,0,0,0,3.27446E-05,0.015614722,-0.669457208,0,-12.45711719
5,27,11,0,0,-12.05151253,0,0,0,0,0,0,-0.671269248,0,-12.72278178
5,27,12,0,0,-12.05151253,0,0,0,0,0,0,-0.671269248,0,-12.72278178
5,27,13,0,0,-12.05151253,0,0,0,0,0,0,-0.671269248,0,-12.72278178
5,27,14,0,0,-12.05151253,0,0,0,0,0,0,-0.671269248,0,-12.72278178
5,27,15,0,0,-12.05151253,0,0,0,0,0,0,-0.671269248,0,-12.72278178
5,27,16,0.010861757,-1.26935E-10,-12.05151253,0.135174171,0,0,0,0.000281602,0.00978661,-0.670664248,0,-12.56607264
5,27,17,6.730595912,5.826843853,-12.05151253,28.77678532,0,0,0,0.018037538,2.083439257,0.028180147,0,31.41236949
5,27,18,18.7150153,57.67011339,-12.05151253,61.59748028,0,0,0,0.019560767,4.459657572,3.58338242,0,133.9936972
5,27,19,17.53192157,51.74102206,-12.05151253,57.45766405,0,0,0,0.019041365,4.159934877,3.187233712,0,122.0453051
5,27,20,12.08098582,31.30131364,-12.05151253,45.26730293,0,0,0,0.01905327,3.277352732,1.745124832,0,81.6396207
5,27,21,11.63200983,27.88592568,-12.05151253,43.8500181,0,0,0,0.019404172,3.17474131,1.52987976,0,76.04046631
5,27,22,11.67505431,28.91628034,-12.05151253,43.57480216,0,0,0,0.018900424,3.154815676,1.589668092,0,76.87800847
5,27,23,10.1538753,23.09565483,-12.05151253,37.61800023,0,0,0,0.0150795,2.723543216,1.18072958,0,62.73537012
5,28,0,15.13374468,45.46812422,-12.05151253,54.11255546,0,0,0,0.018552572,3.917749015,2.70425485,0,109.3034683
5,28,1,23.57762798,77.18135622,-12.05151253,75.80074485,0,0,0,0.014795232,5.487973927,4.941006172,0,174.9519919
5,28,2,22.56404412,70.13687872,-12.05151253,73.95099012,0,0,0,0.017847064,5.354051685,4.492172154,0,164.4644713
5,28,3,15.37383472,43.88506568,-12.05151253,55.99213948,0,0,0,0.017743028,4.053830899,2.629451504,0,109.9005528
5,28,4,9.366848634,22.22113345,-12.05151253,35.99671846,0,0,0,0.014104424,2.606162417,1.088181354,0,59.24163621
5,28,5,7.291257988,13.78498477,-12.05151253,29.69454956,0,0,0,0.01305402,2.149885388,0.502677473,0,41.38489667
5,28,6,4.231185002,2.615564447,-12.05151253,18.54839141,0,0,0,0.012204347,1.342903538,-0.289905304,0,14.40883091
5,28,7,0.675739627,2.219720159,-12.05151253,2.984694792,0,0,0,0.000575312,0.216091903,-0.509992138,0,-6.464682879
5,28,8,0.833602679,2.823302964,-12.05151253,3.613950616,0,0,0,0.000625351,0.261650025,-0.467579604,0,-4.985960504
5,28,9,1.415488588,4.557794678,-12.05151253,5.365907891,0,0,0,0.000898482,0.388491731,-0.33855737,0,-0.661488535
5,28,10,1.077177474,0.625745418,-12.05151253,4.784060682,0,0,0,0.00221679,0.346365993,-0.576416443,0,-5.792362621
5,28,11,0.873579211,0.017120693,-12.05151253,4.010987233,0,0,0,0.001566285,0.290395476,-0.621657263,0,-7.4795209
5,28,12,0,0,-12.05151253,0,0,0,0,0,0,-0.671269248,0,-12.72278178
5,28,13,0,0,-12.05151253,0,0,0,0,0,0,-0.671269248,0,-12.72278178
5,28,14,0,0,-12.05151253,0,0,0,0,0,0,-0.671269248,0,-12.72278178
5,28,15,0.027627871,-3.22871E-10,-12.05151253,0.213727669,0,0,0,0.000445249,0.015473883,-0.669730376,0,-12.46396824
5,28,16,1.033313286,0.392049221,-12.05151253,4.981192188,0,0,0,0.007324633,0.360638314,-0.591876557,0,-5.868871449
5,28,17,12.21179046,30.99570648,-12.05151253,47.2687901,0,0,0,0.020296474,3.422260404,1.735388332,0,83.60271972
5,28,18,24.87058177,82.44773871,-12.05151253,80.02274206,0,0,0,0.020768282,5.793646525,5.306361203,0,186.410326
5,28,19,18.83757984,55.52191632,-12.05151253,59.98024982,0,0,0,0.018461269,4.342570087,3.470554688,0,130.1198195
5,28,20,13.46914766,37.54335128,-12.05151253,47.50134432,0,0,0,0.017813915,3.439097329,2.170126943,0,92.08936893
5,28,21,12.93379978,33.95875095,-12.05151253,47.33107303,0,0,0,0.018753525,3.426769687,1.940645828,0,87.55828026
5,28,22,12.19461975,31.6041704,-12.05151253,44.96593453,0,0,0,0.018002069,3.25553366,1.768323363,0,81.75507124
5,28,23,13.79286453,38.54341409,-12.05151253,48.08137068,0,0,0,0.016779376,3.481091237,2.243861471,0,94.10786885
5,29,0,22.35050978,70.55031824,-12.05151253,71.68138386,0,0,0,0.017769112,5.189732192,4.503306872,0,162.2415075
5,29,1,22.57365808,70.18356717,-12.05151253,74.20413754,0,0,0,0.018239326,5.372379558,4.495308198,0,164.7957773
5,29,2,20.68062609,64.48618914,-12.05151253,68.4625444,0,0,0,0.016639933,4.956688215,4.07252236,0,150.6236976
5,29,3,13.25178562,34.35601772,-12.05151253,50.43445088,0,0,0,0.017975164,3.651454243,1.980485398,0,91.64065648
5,29,4,9.248608336,21.98697923,-12.05151253,36.35710484,0,0,0,0.01408998,2.63225439,1.06855298,0,59.25607722
5,29,5,6.997723415,12.66673761,-12.05151253,28.53401314,0,0,0,0.013353259,2.065862551,0.424041231,0,38.65021867
5,29,6,4.615760772,3.674671279,-12.05151253,19.8773744,0,0,0,0.011725162,1.439121907,-0.209492183,0,17.35764881
5,29,7,2.226740718,1.897378307,-12.05151253,10.0653463,0,0,0,0.009318639,0.728731072,-0.441555818,0,2.434446685
5,29,8,1.373459648,2.688333222,-12.05151253,6.227336625,0,0,0,0.003696487,0.450859172,-0.445027385,0,-1.752854766
5,29,9,1.644334284,3.122326785,-12.05151253,7.240264078,0,0,0,0.003247552,0.524195119,-0.405766227,0,0.077089057
5,29,10,1.871961353,5.795098636,-12.05151253,7.539017264,0,0,0,0.004237767,0.54582485,-0.244214007,0,3.460413329
5,29,11,0.848060568,3.057046178,-12.05151253,3.812990323,0,0,0,0.000907712,0.276060499,-0.453754802,0,-4.510202057
5,29,12,0.845047782,1.705122923,-12.05151253,3.951620108,0,0,0,0.002712268,0.286097296,-0.52922474,0,-5.790136897
5,29,13,0.566549767,0.772597445,-12.05151253,2.707563394,0,0,0,0.000843753,0.19602759,-0.596678748,0,-8.404609334
5,29,14,0.776403749,-4.52274E-09,-12.05151253,3.800713055,0,0,0,0.005093391,0.275171625,-0.62802356,0,-7.822154279
5,29,15,1.555192509,0.298098564,-12.05151253,7.392965899,0,0,0,0.009093271,0.535250731,-0.568040935,0,-2.828952496
5,29,16,4.044014976,0.345016833,-12.05151253,18.03761949,0,0,0,0.014997243,1.305923651,-0.426800176,0,11.26925948
5,29,17,10.07816186,27.4039125,-12.05151253,39.42698524,0,0,0,0.015461248,2.854513731,1.416482294,0,69.14400434
5,29,18,22.21557595,75.97716035,-12.05151253,70.77262575,0,0,0,0.017747271,5.123938104,4.798066164,0,166.8536011
5,29,19,22.65124435,73.1729681,-12.05151253,71.27551753,0,0,0,0.019055494,5.160347469,4.666139385,0,164.8937598
5,29,20,12.18011959,33.32699943,-12.05151253,44.36203434,0,0,0,0.017046624,3.211811286,1.863477281,0,82.90997601
5,29,21,12.68291989,34.30062849,-12.05151253,46.25779304,0,0,0,0.018596572,3.349064216,1.945714397,0,86.50320408
5,29,22,11.88092165,30.31499499,-12.05151253,43.8513729,0,0,0,0.017578611,3.174839398,1.679043309,0,78.86723833
5,29,23,11.8537081,30.44595688,-12.05151253,43.6929588,0,0,0,0.017184504,3.163370217,1.684822091,0,78.80648806
5,30,0,11.71493825,29.75094326,-12.05151253,43.28148272,0,0,0,0.018117265,3.133579349,1.638380352,0,77.48592867
5,30,1,18.06252419,53.01282217,-12.05151253,63.98480096,0,0,0,0.01717871,4.632499589,3.287627544,0,130.9459406
5,30,2,22.5084184,69.84784903,-12.05151253,74.00166953,0,0,0,0.017288418,5.357720874,4.472974848,0,164.1544086
5,30,3,20.99076246,64.08925044,-12.05151253,70.27814785,0,0,0,0.017329649,5.088137904,4.06768747,0,152.4798032
5,30,4,9.539400327,16.49660319,-12.05151253,37.86442287,0,0,0,0.01795947,2.741384216,0.778936148,0,55.38719369
5,30,5,7.090518454,11.97390631,-12.05151253,28.65905298,0,0,0,0.016045125,2.074915436,0.390619211,0,38.15354498
5,30,6,5.463803461,5.817529635,-12.05151253,23.42310059,0,0,0,0.01462915,1.695832482,-0.042898995,0,24.32048379
5,30,7,0.75742652,0.842474738,-12.05151253,3.665321923,0,0,0,0.003526629,0.265369307,-0.582154748,0,-7.099548165
5,30,8,0.554534485,0.983579092,-12.05151253,2.902177738,0,0,0,0.002182683,0.210117668,-0.585596322,0,-7.98451719
5,30,9,0.760506794,2.692242977,-12.05151253,3.665699304,0,0,0,0.000806344,0.26539663,-0.478951086,0,-5.145811572
5,30,10,1.647291684,6.819807222,-12.05151253,6.370467513,0,0,0,0.00093363,0.461221848,-0.199651839,0,3.048557523
5,30,11,1.023805265,2.755557219,-12.05151253,4.558643104,0,0,0,0.0024689,0.330045761,-0.460758758,0,-3.841751043
5,30,12,1.223897739,0.609756675,-12.05151253,5.582831235,0,0,0,0.002917137,0.404196981,-0.569134697,0,-4.797047465
5,30,13,0.716977604,2.36329E-09,-12.05151253,3.441994606,0,0,0,0.002634498,0.249200409,-0.631333596,0,-8.272039011
5,30,14,0.016298,-1.90465E-10,-12.05151253,0.160644346,0,0,0,0.000334663,0.011630651,-0.67036145,0,-12.53296632
5,30,15,0.202053413,-2.36128E-09,-12.05151253,1.030955642,0,0,0,0.002147743,0.074641188,-0.660014873,0,-11.40172942
5,30,16,1.051247017,-6.72114E-09,-12.05151253,5.139913149,0,0,0,0.008295415,0.372129712,-0.61271479,0,-6.092642038
5,30,17,9.26278602,16.19154046,-12.05151253,37.71073838,0,0,0,0.017104337,2.730257459,0.746536737,0,54.60745086
5,30,18,23.12458127,71.78844573,-12.05151253,75.96968222,0,0,0,0.019326313,5.500204993,4.615386356,0,168.9661144
5,30,19,23.84758595,77.82891406,-12.05151253,76.19056252,0,0,0,0.016278899,5.516196726,4.992111802,0,176.3401374
5,30,20,19.65902644,60.8444055,-12.05151253,62.19598971,0,0,0,0.013767842,4.502989655,3.812771911,0,138.9774385
5,30,21,15.2679516,44.62696733,-12.05151253,51.68158079,0,0,0,0.016713652,3.741746449,2.664877736,0,105.948325
5,30,22,14.92627427,42.55426003,-12.05151253,51.55115361,0,0,0,0.018013188,3.732303522,2.530396512,0,103.2608886
5,30,23,14.54557418,36.95673645,-12.05151253,51.5976079,0,0,0,0.019903155,3.735666812,2.197409454,0,97.00138541
5,31,0,14.47688232,37.28570028,-12.05151253,51.40039214,0,0,0,0.020052653,3.721388391,2.211906603,0,97.06480985
5,31,1,14.1692444,36.53275395,-12.05151253,50.55224185,0,0,0,0.019849839,3.65998231,2.15283206,0,95.03539187
5,31,2,12.43710753,32.22292895,-12.05151253,46.56149062,0,0,0,0.019859366,3.371051921,1.816294783,0,84.37722063
5,31,3,13.34514444,36.33477666,-12.05151253,49.55683559,0,0,0,0.020031421,3.587914897,2.095902357,0,92.88909283
5,31,4,10.76141983,27.05630477,-12.05151253,41.93818501,0,0,0,0.015886004,3.036324595,1.435178012,0,72.19178569
5,31,5,12.04943114,32.87933048,-12.05151253,44.59780429,0,0,0,0.016463475,3.228881031,1.831262775,0,82.55166066
5,31,6,12.07621231,32.97622554,-12.05151253,42.20531424,0,0,0,0.014459204,3.055664751,1.83815154,0,80.11451505
5,31,7,5.384190601,5.122120255,-12.05151253,23.22493987,0,0,0,0.013349644,1.681485647,-0.086067733,0,23.28850575
5,31,8,6.050744152,8.854543271,-12.05151253,25.40461468,0,0,0,0.012732803,1.839294103,0.158955261,0,30.26937174
5,31,9,5.813910349,9.746335087,-12.05151253,23.90413197,0,0,0,0.013129747,1.730659154,0.195436423,0,29.35209019
5,31,10,5.455173829,6.580387345,-12.05151253,23.15566686,0,0,0,0.011845269,1.676470281,-0.000888491,0,24.82714256
5,31,11,5.948714388,9.434188401,-12.05151253,24.78879909,0,0,0,0.011508691,1.794709054,0.185558437,0,30.11196553
5,31,12,4.826928277,6.021525987,-12.05151253,20.65098347,0,0,0,0.010889762,1.495131203,-0.067010346,0,20.88693582
5,31,13,4.625171412,5.400179327,-12.05151253,19.36036792,0,0,0,0.010787528,1.401690637,-0.112857212,0,18.63382707
5,31,14,5.191208083,5.929840708,-12.05151253,22.46819057,0,0,0,0.012249438,1.626696998,-0.051826831,0,23.12484643
5,31,15,5.020063318,4.611207706,-12.05151253,21.54184585,0,0,0,0.01324993,1.559629639,-0.134807452,0,20.55967645
5,31,16,7.792774639,13.10711147,-12.05151253,30.63969133,0,0,0,0.016651602,2.218313652,0.492854408,0,42.21588456
5,31,17,12.25783577,33.67413168,-12.05151253,45.79751635,0,0,0,0.01845574,3.315740184,1.887141339,0,84.89930853
5,31,18,23.1915824,76.53810464,-12.05151253,74.64755182,0,0,0,0.019326793,5.404482752,4.88367432,0,172.6332102
5,31,19,22.77602709,72.09905408,-12.05151253,71.73600574,0,0,0,0.018403957,5.193686816,4.613272773,0,164.3849379
5,31,20,17.25072814,51.50848288,-12.05151253,58.02622646,0,0,0,0.018141191,4.201098796,3.158618806,0,122.1117837
5,31,21,17.33733813,51.45976661,-12.05151253,58.55020762,0,0,0,0.017814294,4.239035031,3.160729486,0,122.7133786
5,31,22,17.33145149,50.1013266,-12.05151253,59.33442326,0,0,0,0.01996148,4.295812244,3.084736491,0,122.116199
5,31,23,17.36262362,49.35433841,-12.05151253,60.29220613,0,0,0,0.020329565,4.365155724,3.044865537,0,122.3880064
6,1,0,19.0456047,62.04733237,-12.05151253,63.22777261,0,0,0,0.01837737,4.577690737,3.845607347,0,140.7108726
6,1,1,18.98406794,60.04136684,-12.05151253,63.51246005,0,0,0,0.017010833,4.598302108,3.730447469,0,138.8321427
6,1,2,19.23833149,62.63477384,-12.05151253,63.80948139,0,0,0,0.016361942,4.619806453,3.889062719,0,142.1563053
6,1,3,19.53087623,63.23234057,-12.05151253,64.65572914,0,0,0,0.016402691,4.68107479,3.938641928,0,144.0035528
6,1,4,19.16398178,60.81935311,-12.05151253,64.01070647,0,0,0,0.017148881,4.634375149,3.783802505,0,140.3778554
6,1,5,15.2561681,43.46822249,-12.05151253,53.26251798,0,0,0,0.016011238,3.856206302,2.599679308,0,106.4072929
6,1,6,4.554608777,2.125577207,-12.05151253,19.75289116,0,0,0,0.013186679,1.43010932,-0.299182889,0,15.52567772
6,1,7,4.842961226,4.21347154,-12.05151253,20.90791015,0,0,0,0.013133692,1.513732695,-0.166825943,0,19.27287083
6,1,8,3.829798572,1.981450065,-12.05151253,17.09451094,0,0,0,0.011067752,1.237642592,-0.347582699,0,11.75537469
6,1,9,3.57791105,1.719631521,-12.05151253,15.97789426,0,0,0,0.008749756,1.156799544,-0.376196127,0,10.01327747
6,1,10,3.511090236,1.743545408,-12.05151253,15.66837753,0,0,0,0.008906092,1.134390534,-0.378586043,0,9.636211227
6,1,11,2.73682875,0.906290341,-12.05151253,12.441698,0,0,0,0.007077968,0.900778935,-0.468347515,0,4.472813948
6,1,12,2.9507982,1.159974135,-12.05151253,13.37465979,0,0,0,0.009069438,0.968325369,-0.442299229,0,5.969015169
6,1,13,3.645996398,3.149846781,-12.05151253,15.17879223,0,0,0,0.007672176,1.098944558,-0.292740783,0,10.73699883
6,1,14,3.527381908,0.228137149,-12.05151253,15.70323972,0,0,0,0.011556819,1.136914556,-0.462086837,0,8.093630783
6,1,15,4.293359077,1.543009433,-12.05151253,18.94496675,0,0,0,0.014057451,1.371615592,-0.346183522,0,13.76931224
6,1,16,9.022312094,22.02377676,-12.05151253,36.10355354,0,0,0,0.016211903,2.613897276,1.057997901,0,58.78623694
6,1,17,26.20650372,80.64219211,-12.05151253,87.08279625,0,0,0,0.024569405,6.304794449,5.28020311,0,193.4895465
6,1,18,18.92674975,51.4465622,-12.05151253,67.68839052,0,0,0,0.020680004,4.900639474,3.248524227,0,134.1800336
6,1,19,16.32079144,43.99486422,-12.05151253,57.02997029,0,0,0,0.021816961,4.128969849,2.688312772,0,112.133213
6,1,20,16.17749951,44.82407662,-12.05151253,55.39249172,0,0,0,0.020119777,4.0104164,2.726518542,0,111.09961
6,1,21,13.33160742,36.06922373,-12.05151253,45.66482856,0,0,0,0.016448871,3.306133587,2.080357047,0,88.41708668
6,1,22,11.00791988,30.2769041,-12.05151253,37.00278299,0,0,0,0.013803221,2.679001488,1.628295447,0,70.55719459
6,1,23,13.95237955,40.44262044,-12.05151253,46.80195475,0,0,0,0.016587139,3.388461524,2.358532251,0,94.90902312
6,2,0,16.43943324,50.93560762,-12.05151253,54.24815005,0,0,0,0.015076226,3.927566064,3.081520528,0,116.5958412
6,2,1,18.3068079,59.12917484,-12.05151253,60.62851449,0,0,0,0.014421426,4.389504449,3.64191499,0,134.0588256
6,2,2,18.3534242,58.78886888,-12.05151253,61.89146179,0,0,0,0.015437753,4.480941833,3.625556476,0,135.1041784
6,2,3,18.60381559,61.18812643,-12.05151253,62.1832627,0,0,0,0.014218367,4.50206822,3.773141922,0,138.2131207
6,2,4,18.68264643,60.90553627,-12.05151253,62.61889672,0,0,0,0.014414757,4.533608123,3.761792528,0,138.4653823
6,2,5,18.76146243,58.50782765,-12.05151253,62.52827366,0,0,0,0.018139799,4.527047013,3.632630209,0,135.9238682
6,2,6,5.374377924,3.65248963,-12.05151253,23.03620009,0,0,0,0.014927771,1.667820887,-0.168472725,0,21.52583105
6,2,7,2.469512439,2.789262005,-12.05151253,11.05840758,0,0,0,0.011598492,0.800628709,-0.378355512,0,4.699541178
6,2,8,2.07593999,3.590006714,-12.05151253,9.152136283,0,0,0,0.010062205,0.662614667,-0.355676017,0,3.083571309
6,2,9,2.137366091,3.787023732,-12.05151253,9.549048662,0,0,0,0.009565079,0.691351123,-0.341280735,0,3.781561418
6,2,10,2.511907015,6.492551598,-12.05151253,10.21110421,0,0,0,0.009352143,0.739283945,-0.169720903,0,7.742965473
6,2,11,1.667374197,3.27693977,-12.05151253,7.586763307,0,0,0,0.008826426,0.549281663,-0.39587096,0,0.641801869
6,2,12,1.099759581,0.003751646,-12.05151253,5.424672045,0,0,0,0.007610737,0.392746256,-0.609803673,0,-5.732775943
6,2,13,0.50072003,-5.85163E-09,-12.05151253,2.449103954,0,0,0,0.005102107,0.177315126,-0.643379143,0,-9.562650466
6,2,14,0.545622554,-4.41062E-09,-12.05151253,2.727396165,0,0,0,0.005228763,0.197463482,-0.640878072,0,-9.216679646
6,2,15,0.711232575,-2.99296E-09,-12.05151253,3.531080771,0,0,0,0.005542088,0.255650248,-0.631653594,0,-8.179660449
6,2,16,0.550270854,0.259155392,-12.05151253,2.735479455,0,0,0,0.002331003,0.198048713,-0.626184206,0,-8.932411324
6,2,17,11.57060165,30.09568207,-12.05151253,44.51217248,0,0,0,0.019107898,3.222681288,1.649542755,0,79.01827561
6,2,18,25.64250259,81.995266,-12.05151253,83.54274501,0,0,0,0.017757235,6.048494739,5.324154462,0,190.5194075
6,2,19,20.91479179,64.11018256,-12.05151253,67.00194769,0,0,0,0.017571751,4.850941013,4.064621823,0,148.9085441
6,2,20,15.34080731,44.07125478,-12.05151253,53.55150005,0,0,0,0.016099758,3.877128603,2.63798261,0,107.4432606
6,2,21,15.19308033,42.93405065,-12.05151253,53.1240315,0,0,0,0.015930521,3.846179881,2.566411948,0,105.6281723
6,2,22,14.18725949,39.94990271,-12.05151253,49.62005605,0,0,0,0.016095226,3.592492058,2.344170687,0,97.65846369
6,2,23,13.35506286,38.13636757,-12.05151253,46.75732806,0,0,0,0.015321663,3.385230551,2.196803427,0,91.79460159
6,3,0,12.33658548,34.39848961,-12.05151253,43.38485709,0,0,0,0.014304072,3.141063653,1.931874434,0,83.1556618
6,3,1,16.48906317,51.53513777,-12.05151253,57.64368795,0,0,0,0.015712516,4.173403008,3.117678744,0,120.9231706
6,3,2,22.96774129,76.360957,-12.05151253,73.04790097,0,0,0,0.015360286,5.28866803,4.861339247,0,170.4904543
6,3,3,16.18782737,51.04215991,-12.05151253,56.65725412,0,0,0,0.015060691,4.101985198,3.073441043,0,119.0262158
6,3,4,11.6868124,29.76801389,-12.05151253,50.17699038,0,0,0,0.015784945,3.632814103,1.637764576,0,84.86666776
6,3,5,10.21205014,25.50058986,-12.05151253,39.44157446,0,0,0,0.01696971,2.855569991,1.3179248,0,67.29316642
6,3,6,1.81283119,0.885365951,-12.05151253,8.536491469,0,0,0,0.01027519,0.618041982,-0.520979667,0,-0.70948642
6,3,7,0.308962435,0.883419907,-12.05151253,1.503982646,0,0,0,0.000888774,0.108888344,-0.604853552,0,-9.850223982
6,3,8,1.390792375,5.722276286,-12.05151253,5.16217522,0,0,0,0.001043433,0.373741486,-0.275071324,0,0.323444943
6,3,9,0.627254794,1.76540251,-12.05151253,3.028814237,0,0,0,0.001628416,0.219286151,-0.537998236,0,-6.947124663
6,3,10,0.580133748,0.698386648,-12.05151253,2.660176616,0,0,0,0.001092881,0.192596787,-0.600055662,0,-8.519181517
6,3,11,0.521887896,1.54131E-10,-12.05151253,2.633346412,0,0,0,0.003559698,0.19065428,-0.642200092,0,-9.34426434
6,3,12,0,0,-12.05151253,0,0,0,0,0,0,-0.671269248,0,-12.72278178
6,3,13,0,0,-12.05151253,0,0,0,0,0,0,-0.671269248,0,-12.72278178
6,3,14,0,0,-12.05151253,0,0,0,0,0,0,-0.671269248,0,-12.72278178
6,3,15,0.18466052,-2.15802E-09,-12.05151253,0.956405908,0,0,0,0.001992437,0.069243788,-0.660983657,0,-11.50019354
6,3,16,1.352067634,0.024476946,-12.05151253,6.513985437,0,0,0,0.009538483,0.471612546,-0.594595715,0,-4.274427204
6,3,17,8.088830476,17.03277361,-12.05151253,32.30475085,0,0,0,0.015660674,2.338863961,0.728004099,0,48.45737113
6,3,18,26.33480461,86.28293158,-12.05151253,85.0196865,0,0,0,0.016974322,6.155425303,5.601538658,0,197.3598484
6,3,19,19.81307763,61.44764047,-12.05151253,64.99485428,0,0,0,0.016585148,4.70562745,3.85495275,0,142.7812252
6,3,20,19.46244239,60.07710444,-12.05151253,63.99501252,0,0,0,0.016186152,4.633238907,3.759083511,0,139.8915554
6,3,21,19.85307708,59.99609578,-12.05151253,65.72791941,0,0,0,0.018721677,4.758701365,3.776329681,0,142.0793325
6,3,22,17.84641214,53.34256911,-12.05151253,59.06378628,0,0,0,0.017375008,4.276218127,3.293957008,0,125.7888051
6,3,23,16.37681001,50.12417295,-12.05151253,54.29839435,0,0,0,0.014540324,3.931203751,3.032835503,0,115.7264444
6,4,0,16.58723384,51.66770454,-12.05151253,55.26963919,0,0,0,0.01459665,4.001521878,3.130530819,0,118.6197144
6,4,1,17.96195388,58.4916243,-12.05151253,60.56555452,0,0,0,0.01537055,4.384946147,3.587195056,0,132.9551319
6,4,2,23.36280822,76.30920852,-12.05151253,74.05314862,0,0,0,0.015583698,5.36144796,4.880462084,0,171.9311466
6,4,3,17.50859651,55.68813019,-12.05151253,59.05512117,0,0,0,0.015329927,4.275590773,3.405788429,0,127.8970445
6,4,4,16.44154357,51.30861862,-12.05151253,55.84206196,0,0,0,0.015558952,4.042965286,3.102414786,0,118.7016506
6,4,5,14.14150903,41.54277107,-12.05151253,48.93733083,0,0,0,0.0164207,3.543062752,2.430345153,0,98.559927
6,4,6,5.844376409,6.290777819,-12.05151253,24.19498731,0,0,0,0.015139704,1.751717081,0.004658842,0,26.05014463
6,4,7,4.027546264,4.793821802,-12.05151253,16.74542019,0,0,0,0.010673437,1.212368422,-0.179919047,0,14.55839853
6,4,8,2.709404317,2.964105671,-12.05151253,12.35474011,0,0,0,0.009216973,0.894483184,-0.355254742,0,6.525182977
6,4,9,1.71047026,3.082172743,-12.05151253,7.897524283,0,0,0,0.005094401,0.571780758,-0.404319033,0,0.811210878
6,4,10,1.810666885,3.075856827,-12.05151253,8.409142194,0,0,0,0.007996829,0.608821895,-0.399089877,0,1.461882217
6,4,11,3.096211396,6.522310358,-12.05151253,13.32232024,0,0,0,0.010027712,0.964535986,-0.135517586,0,11.72837558
6,4,12,1.736018391,1.350484729,-12.05151253,8.218083043,0,0,0,0.009342138,0.594989212,-0.499351024,0,-0.641946047
6,4,13,1.344555901,0.022829614,-12.05151253,6.410978475,0,0,0,0.006709561,0.464154842,-0.595105875,0,-4.397390018
6,4,14,1.306744873,4.99416E-09,-12.05151253,6.288413897,0,0,0,0.008374684,0.455281166,-0.598483558,0,-4.591181467
6,4,15,1.288005852,0.007136301,-12.05151253,6.228579455,0,0,0,0.007851428,0.450949153,-0.59912983,0,-4.668120177
6,4,16,2.524058882,1.050243818,-12.05151253,11.70286512,0,0,0,0.01175863,0.847287435,-0.472180588,0,3.612520766
6,4,17,14.19042789,39.11521025,-12.05151253,52.52999368,0,0,0,0.019381464,3.803171542,2.297854796,0,99.90452709
6,4,18,27.8451328,91.06052582,-12.05151253,89.04766038,0,0,0,0.019684513,6.447050612,5.951775937,0,208.3203175
6,4,19,26.45410457,89.14842224,-12.05151253,83.39806658,0,0,0,0.017733756,6.03802002,5.767791495,0,198.7726261
6,4,20,18.37386273,56.22416858,-12.05151253,62.14201182,0,0,0,0.01771904,4.499081656,3.483841096,0,132.6891724
6,4,21,17.95004711,55.89685107,-12.05151253,60.2737871,0,0,0,0.016009079,4.363822186,3.44200298,0,129.891007
6,4,22,18.04360477,54.99281374,-12.05151253,60.78632109,0,0,0,0.019308901,4.400929647,3.396859263,0,129.5883249
6,4,23,17.64267182,53.72801021,-12.05151253,59.12223171,0,0,0,0.016212605,4.280449576,3.304077741,0,126.0421411
6,5,0,16.6632475,51.32804156,-12.05151253,55.61856426,0,0,0,0.015834388,4.026784052,3.115845552,0,118.7168048
6,5,1,23.05272029,77.54228534,-12.05151253,72.19650921,0,0,0,0.014884475,5.227027267,4.931872566,0,170.9137866
6,5,2,22.91349038,74.49521444,-12.05151253,72.76223725,0,0,0,0.015106705,5.267985977,4.75439561,0,168.1569178
6,5,3,17.73056539,56.01311783,-12.05151253,59.82399648,0,0,0,0.015015469,4.331257345,3.436253907,0,129.2986939
6,5,4,15.22118546,45.53274128,-12.05151253,53.02858856,0,0,0,0.015318193,3.839269812,2.712724472,0,108.2983152
6,5,5,11.4761274,30.80949325,-12.05151253,41.46620993,0,0,0,0.013194944,3.002153599,1.684039822,0,76.39970641
6,5,6,6.520581337,7.968303901,-12.05151253,26.83577549,0,0,0,0.014654875,1.942910145,0.13576166,0,31.36647487
6,5,7,3.98222565,1.037801506,-12.05151253,17.76112462,0,0,0,0.013419952,1.285905423,-0.391653736,0,11.63731088
6,5,8,2.815769046,1.684402616,-12.05151253,13.04052327,0,0,0,0.009997802,0.944133884,-0.420609687,0,6.022704393
6,5,9,2.697157518,1.97199227,-12.05151253,12.46472732,0,0,0,0.009326818,0.902446258,-0.411197605,0,5.58294005
6,5,10,1.832760531,1.845922445,-12.05151253,8.699018996,0,0,0,0.007736693,0.629808975,-0.466366606,0,0.497368499
6,5,11,2.091223054,6.919636621,-12.05151253,8.275484995,0,0,0,0.003841832,0.599145114,-0.169364364,0,5.668454717
6,5,12,2.001408863,2.050188255,-12.05151253,9.209905567,0,0,0,0.009477886,0.666797163,-0.445595289,0,1.440669911
6,5,13,2.313722388,0.031856373,-12.05151253,10.68235621,0,0,0,0.009949719,0.77340259,-0.540620511,0,1.219154239
6,5,14,1.656876674,5.027E-09,-12.05151253,7.805396381,0,0,0,0.009230655,0.565110698,-0.578981217,0,-2.593879338
6,5,15,1.594091442,0.004143679,-12.05151253,7.61793202,0,0,0,0.009456464,0.551538278,-0.582247552,0,-2.856598203
6,5,16,3.369754353,1.924232823,-12.05151253,15.17850485,0,0,0,0.013191843,1.098923751,-0.376394162,0,9.156700928
6,5,17,17.40300103,52.50157656,-12.05151253,59.84606695,0,0,0,0.018581862,4.332855247,3.222415723,0,125.2729848
6,5,18,28.88652357,92.44048396,-12.05151253,93.40960111,0,0,0,0.020303532,6.76285512,6.086645071,0,215.5548998
6,5,19,24.06386914,77.27741579,-12.05151253,78.35007434,0,0,0,0.017850058,5.672545382,4.973440322,0,178.3036825
6,5,20,19.50262469,59.97521828,-12.05151253,64.9485265,0,0,0,0.017377384,4.702273319,3.755646605,0,140.8501542
6,5,21,19.24284176,58.20762306,-12.05151253,64.75705005,0,0,0,0.017230926,4.688410423,3.642721642,0,138.5043653
6,5,22,18.0492015,55.45854144,-12.05151253,60.56738266,0,0,0,0.016844543,4.385078505,3.423112034,0,129.8486481
6,5,23,16.9297276,52.34428707,-12.05151253,56.77484452,0,0,0,0.015540371,4.110498743,3.187293369,0,121.3106791
6,6,0,17.14504384,54.196454,-12.05151253,56.75142509,0,0,0,0.015128611,4.108803176,3.302452182,0,123.4677944
6,6,1,18.0543699,58.53790315,-12.05151253,60.89316033,0,0,0,0.015050828,4.408664808,3.594920361,0,133.4525568
6,6,2,21.52306857,69.85495156,-12.05151253,68.19072129,0,0,0,0.014394584,4.937008222,4.418486473,0,156.8871182
6,6,3,18.54159307,58.99894916,-12.05151253,61.71915527,0,0,0,0.014794504,4.468466841,3.647738954,0,135.3391853
6,6,4,18.01809498,58.24688344,-12.05151253,59.34893753,0,0,0,0.013234798,4.296863077,3.57669005,0,131.4491913
6,6,5,14.09256465,41.39935672,-12.05151253,48.21323553,0,0,0,0.015517367,3.490638252,2.419630772,0,97.57943075
6,6,6,7.696349858,13.90218589,-12.05151253,29.64965765,0,0,0,0.013859811,2.146635214,0.531769193,0,41.88894508
6,6,7,3.713898564,1.775548585,-12.05151253,16.66824379,0,0,0,0.01284225,1.206780851,-0.365507042,0,10.96029447
6,6,8,3.375134295,2.457166403,-12.05151253,15.39444269,0,0,0,0.011613665,1.114557651,-0.346410099,0,9.954992072
6,6,9,4.095239127,2.922528118,-12.05151253,18.23562552,0,0,0,0.011788702,1.320259288,-0.280379613,0,14.25354861
6,6,10,3.932769965,2.51369858,-12.05151253,17.57716167,0,0,0,0.011242694,1.272586505,-0.31220095,0,12.94374593
6,6,11,3.891340517,2.943584869,-12.05151253,17.27615467,0,0,0,0.011158712,1.250793598,-0.290563904,0,13.03095593
6,6,12,3.29391306,1.896781561,-12.05151253,14.99477771,0,0,0,0.010917374,1.085621906,-0.382147558,0,8.848351517
6,6,13,2.299159758,2.118836807,-12.05151253,10.56831449,0,0,0,0.008839086,0.765145969,-0.425186839,0,3.283596738
6,6,14,2.172147011,0.124760026,-12.05151253,10.06350393,0,0,0,0.009010002,0.728597684,-0.543331526,0,0.503174592
6,6,15,2.427139287,0.072202578,-12.05151253,11.16858717,0,0,0,0.009616175,0.808605711,-0.532055906,0,1.90258248
6,6,16,4.662476977,3.756553095,-12.05151253,20.49620273,0,0,0,0.016024272,1.483925078,-0.202329273,0,18.16134034
6,6,17,21.63543803,67.46008121,-12.05151253,73.55664422,0,0,0,0.021408915,5.325501042,4.291351174,0,160.2389121
6,6,18,29.28400559,94.10965943,-12.05151253,94.58305543,0,0,0,0.021138081,6.847813213,6.201757893,0,218.9959171
6,6,19,21.00560995,64.98890297,-12.05151253,69.41590177,0,0,0,0.019488192,5.025711288,4.118625122,0,152.5227268
6,6,20,20.23060046,62.38036114,-12.05151253,67.49735724,0,0,0,0.018711601,4.886808664,3.930161313,0,146.8924879
6,6,21,19.36798263,60.22589354,-12.05151253,63.86847154,0,0,0,0.017003892,4.62407734,3.762109655,0,139.8140261
6,6,22,19.10907611,59.12354843,-12.05151253,62.5733443,0,0,0,0.014918141,4.530310127,3.686287939,0,136.9859725
6,6,23,19.33798537,60.02518331,-12.05151253,63.63669762,0,0,0,0.014796098,4.607296908,3.749259247,0,139.319706
6,7,0,25.84671169,86.90144084,-12.05151253,82.97700323,0,0,0,0.015235939,6.007535034,5.608802848,0,195.3052171
6,7,1,23.18023852,77.73467497,-12.05151253,72.86291211,0,0,0,0.014098182,5.275274836,4.949691434,0,171.9653775
6,7,2,21.33647814,69.8041986,-12.05151253,67.78197708,0,0,0,0.014690344,4.90741514,4.405266446,0,156.1985132
6,7,3,20.73583585,67.25392438,-12.05151253,66.50120993,0,0,0,0.014926709,4.814687599,4.229760396,0,151.4988323
6,7,4,16.72081776,51.45834592,-12.05151253,57.43010248,0,0,0,0.015114416,4.15793942,3.126310169,0,120.8571176
6,7,5,15.2191276,45.29407525,-12.05151253,52.18258159,0,0,0,0.016678146,3.778018907,2.699316151,0,107.1382851
6,7,6,9.550628627,21.77153047,-12.05151253,35.67451155,0,0,0,0.014754022,2.582834636,1.073375014,0,58.61612179
6,7,7,2.642263061,0.672254567,-12.05151253,12.1592036,0,0,0,0.011966695,0.880326341,-0.486650616,0,3.827851115
6,7,8,3.82076503,2.028350561,-12.05151253,17.29371209,0,0,0,0.012854798,1.252064755,-0.34547351,0,12.01076119
6,7,9,3.951418512,2.40063824,-12.05151253,17.73543403,0,0,0,0.012139334,1.284045424,-0.317459687,0,13.01470332
6,7,10,3.613393203,1.605676459,-12.05151253,16.38581501,0,0,0,0.011619792,1.186333007,-0.380567068,0,10.37075787
6,7,11,3.712762303,1.608538178,-12.05151253,16.83241643,0,0,0,0.011995385,1.218666949,-0.374872811,0,10.9579939
6,7,12,3.434730027,2.064061912,-12.05151253,15.45848122,0,0,0,0.012056411,1.11919404,-0.364986537,0,9.672024541
6,7,13,3.420276394,1.982071463,-12.05151253,15.33061958,0,0,0,0.010940891,1.109936857,-0.370358473,0,9.431974173
6,7,14,2.924109095,1.034582763,-12.05151253,13.08014256,0,0,0,0.009522285,0.947002322,-0.450770112,0,5.493076381
6,7,15,2.637794295,0.251550088,-12.05151253,12.00251538,0,0,0,0.010656723,0.868982113,-0.510332766,0,3.209653298
6,7,16,5.779988071,5.924088661,-12.05151253,24.5028902,0,0,0,0.014086621,1.77400925,-0.019352174,0,25.92419809
6,7,17,24.57405711,75.44295343,-12.05151253,83.08358745,0,0,0,0.024206429,6.015251731,4.899678239,0,181.9882219
6,7,18,28.09332554,93.251002,-12.05151253,90.53382839,0,0,0,0.021791625,6.554649175,6.087609796,0,212.490694
6,7,19,17.25885145,48.85534193,-12.05151253,62.61389545,0,0,0,0.023265291,4.533246031,3.011291323,0,124.2443789
6,7,20,21.21153039,64.47284404,-12.05151253,70.96604683,0,0,0,0.021673135,5.137941791,4.101350408,0,153.8598741
6,7,21,20.77467841,65.17359022,-12.05151253,68.79448721,0,0,0,0.019025145,4.980720874,4.116049314,0,151.8070386
6,7,22,19.94872757,62.67353857,-12.05151253,65.73992199,0,0,0,0.018021048,4.759570352,3.930790976,0,145.019058
6,7,23,19.56902735,62.01773421,-12.05151253,64.32087019,0,0,0,0.017398723,4.656831002,3.873113371,0,142.4034623
6,8,0,19.1257479,59.93161039,-12.05151253,63.72730031,0,0,0,0.017791275,4.613856542,3.732225609,0,139.0970195
6,8,1,21.191174,68.1597452,-12.05151253,69.7660266,0,0,0,0.015138708,5.051060326,4.305576951,0,156.4372093
6,8,2,23.03705926,74.89966584,-12.05151253,72.79564807,0,0,0,0.015557995,5.27040492,4.78380634,0,168.7506299
6,8,3,20.76418138,67.16385835,-12.05151253,66.41247735,0,0,0,0.014653678,4.80826336,4.226322565,0,151.3382442
6,8,4,20.04176997,62.89563036,-12.05151253,66.10533413,0,0,0,0.016100167,4.786026191,3.94834395,0,145.7416922
6,8,5,19.4965569,60.1648177,-12.05151253,64.73942006,0,0,0,0.017862229,4.687134012,3.765869317,0,140.8201477
6,8,6,7.775192279,12.50601303,-12.05151253,29.76569657,0,0,0,0.015602152,2.155036432,0.458393888,0,40.62442182
6,8,7,4.722864075,2.41104391,-12.05151253,21.03565644,0,0,0,0.014553976,1.522981526,-0.273910573,0,17.38167682
6,8,8,4.906388264,4.773508362,-12.05151253,21.47914667,0,0,0,0.013720759,1.555090219,-0.132099006,0,20.54424273
6,8,9,6.564261211,10.52569094,-12.05151253,25.89369527,0,0,0,0.013487704,1.874703537,0.280641086,0,33.10096721
6,8,10,7.142017157,14.53990185,-12.05151253,28.44023627,0,0,0,0.013634278,2.059073106,0.536413641,0,40.67976377
6,8,11,7.629836608,16.84886523,-12.05151253,29.94939468,0,0,0,0.013694541,2.168336175,0.692194444,0,45.25080914
6,8,12,7.471317655,16.58698336,-12.05151253,29.2198902,0,0,0,0.013587513,2.11552005,0.668778118,0,44.02456436
6,8,13,6.779490876,13.08122402,-12.05151253,26.8064398,0,0,0,0.012446656,1.940786242,0.434972571,0,37.00384763
6,8,14,4.770455701,4.948928149,-12.05151253,20.57317008,0,0,0,0.013070525,1.489497514,-0.129899568,0,19.61370987
6,8,15,4.433767051,3.405906991,-12.05151253,19.27915653,0,0,0,0.012922974,1.395810933,-0.234599404,0,16.24145254
6,8,16,5.585296837,4.849113153,-12.05151253,24.10277216,0,0,0,0.015605975,1.745040704,-0.090072612,0,24.15624368
6,8,17,23.24174356,72.13666328,-12.05151253,78.08764488,0,0,0,0.022737471,5.653545489,4.641308012,0,171.7321302
6,8,18,26.86370094,85.74422985,-12.05151253,86.31853157,0,0,0,0.022288808,6.249461686,5.600992497,0,198.7476928
6,8,19,24.75533925,76.94229392,-12.05151253,81.12608025,0,0,0,0.023901122,5.87352821,4.993288919,0,181.6629191
6,8,20,23.45674357,72.10438,-12.05151253,77.32751734,0,0,0,0.023765779,5.598512256,4.651485334,0,171.1108917
6,8,21,21.59115811,67.48839687,-12.05151253,69.7996108,0,0,0,0.018148983,5.053491822,4.290461964,0,156.189756
6,8,22,14.74257763,40.322681,-12.05151253,48.10312126,0,0,0,0.015728813,3.482665979,2.395865658,0,97.0111278
6,8,23,14.27201114,41.57891952,-12.05151253,47.5405886,0,0,0,0.014533186,3.441938614,2.43962759,0,97.23610611
6,9,0,16.25474853,49.21590998,-12.05151253,53.93294956,0,0,0,0.014642358,3.904745548,2.975446431,0,114.2469299
6,9,1,16.32345711,51.84433938,-12.05151253,54.48215389,0,0,0,0.014611569,3.944507941,3.125677016,0,117.6832344
6,9,2,19.27948532,62.71381561,-12.05151253,63.57414595,0,0,0,0.014509827,4.602768167,3.895757613,0,142.02897
6,9,3,20.81651756,69.40174501,-12.05151253,67.44528397,0,0,0,0.015704017,4.883038559,4.353887977,0,154.8646646
6,9,4,20.820993,67.9616262,-12.05151253,68.16466768,0,0,0,0.015731217,4.93512194,4.273922641,0,154.1205501
6,9,5,22.34386548,71.93439544,-12.05151253,72.37594909,0,0,0,0.015831961,5.240018714,4.580029885,0,164.438578
6,9,6,6.014114178,6.114750259,-12.05151253,24.93091511,0,0,0,0.013915721,1.804998254,0.004308501,0,26.83148949
6,9,7,3.689655609,3.974684169,-12.05151253,15.80463737,0,0,0,0.014097875,1.144255745,-0.244365523,0,12.33145271
6,9,8,2.226039177,2.123992132,-12.05151253,10.22820456,0,0,0,0.009309582,0.74052201,-0.428972504,0,2.847582427
6,9,9,3.369242204,4.664581709,-12.05151253,14.12846335,0,0,0,0.011206421,1.022900747,-0.223785256,0,10.92109665
6,9,10,1.154384489,1.610398558,-12.05151253,5.792049596,0,0,0,0.005978716,0.419344391,-0.517270832,0,-3.586627618
6,9,11,0.693552404,0.882985983,-12.05151253,3.472088108,0,0,0,0.004714524,0.251379179,-0.58345606,0,-7.330248397
6,9,12,1.579154114,0.02832182,-12.05151253,7.442758758,0,0,0,0.008108002,0.538855734,-0.581732839,0,-3.036046945
6,9,13,1.91806276,0.01484405,-12.05151253,9.066740246,0,0,0,0.012138551,0.656431994,-0.563606339,0,-0.946901273
6,9,14,1.603998514,-6.86911E-10,-12.05151253,7.677273128,0,0,0,0.010853432,0.555834574,-0.581926531,0,-2.785479418
6,9,15,1.060464899,-7.95842E-09,-12.05151253,5.251029843,0,0,0,0.009086529,0.380174561,-0.612201354,0,-5.962958065
6,9,16,1.533118259,0.024771846,-12.05151253,7.313745849,0,0,0,0.010152603,0.529515199,-0.584494769,0,-3.224703547
6,9,17,12.73094381,36.32697633,-12.05151253,46.45549342,0,0,0,0.015520267,3.363377723,2.061256904,0,88.90205592
6,9,18,27.54872465,89.13029307,-12.05151253,88.39330794,0,0,0,0.018144353,6.399675495,5.827752039,0,205.266385
6,9,19,27.3343642,92.881091,-12.05151253,86.22372602,0,0,0,0.017571188,6.242597764,6.024731607,0,206.6725693
6,9,20,19.22893894,60.64135454,-12.05151253,63.94978516,0,0,0,0.016670571,4.629964445,3.777506099,0,140.1927072
6,9,21,20.28943692,64.536704,-12.05151253,66.97899462,0,0,0,0.017077071,4.84927921,4.053546801,0,148.6735261
6,9,22,17.85718202,57.70977814,-12.05151253,58.43814463,0,0,0,0.01333734,4.230921672,3.537810433,0,129.7356617
6,9,23,18.89393183,58.96164402,-12.05151253,63.63481939,0,0,0,0.01628864,4.607160924,3.665286327,0,137.7276186
6,10,0,19.02602801,59.29941862,-12.05151253,65.14631977,0,0,0,0.016775616,4.716593552,3.691458129,0,139.8450812
6,10,1,17.86804932,56.31045211,-12.05151253,61.16368611,0,0,0,0.016257431,4.428250874,3.460473282,0,131.1956566
6,10,2,18.45391414,59.10432171,-12.05151253,62.81253083,0,0,0,0.016750437,4.547627232,3.648724488,0,136.5323563
6,10,3,16.45859876,52.25947059,-12.05151253,57.32925207,0,0,0,0.01611888,4.15063785,3.156327214,0,121.3188928
6,10,4,15.85603751,50.03520903,-12.05151253,55.11111019,0,0,0,0.015855312,3.990044378,2.998873184,0,115.9556171
6,10,5,12.25759776,33.92493331,-12.05151253,45.49826224,0,0,0,0.016342749,3.294074186,1.901097732,0,84.84079545
6,10,6,2.355960389,1.367029765,-12.05151253,10.63767945,0,0,0,0.009226606,0.770167992,-0.463898697,0,2.62465297
6,10,7,0.228653462,1.274527805,-12.05151253,0.846055328,0,0,0,1.93437E-05,0.061254406,-0.587542052,0,-10.22854424
6,10,8,0.168184738,0.554869367,-12.05151253,0.701708847,0,0,0,5.82442E-05,0.05080372,-0.630995135,0,-11.20688275
6,10,9,0.402928562,1.04178E-09,-12.05151253,1.865713006,0,0,0,0.000274725,0.135077622,-0.648826127,0,-10.29634475
6,10,10,0.47887301,-4.03875E-10,-12.05151253,2.444691139,0,0,0,0.003497003,0.176995638,-0.644596022,0,-9.592051767
6,10,11,0.012568922,2.02777E-10,-12.05151253,0.137012172,0,0,0,0.00013021,0.009919681,-0.670569159,0,-12.56245071
6,10,12,0,0,-12.05151253,0,0,0,0,0,0,-0.671269248,0,-12.72278178
6,10,13,0,0,-12.05151253,0,0,0,0,0,0,-0.671269248,0,-12.72278178
6,10,14,0,0,-12.05151253,0,0,0,0,0,0,-0.671269248,0,-12.72278178
6,10,15,0,0,-12.05151253,0,0,0,0,0,0,-0.671269248,0,-12.72278178
6,10,16,0.453505041,2.21437E-09,-12.05151253,2.302684841,0,0,0,0.002661831,0.166714382,-0.646009017,0,-9.771955454
6,10,17,5.939289168,3.999026045,-12.05151253,25.57605885,0,0,0,0.017801028,1.85170666,-0.117705091,0,25.21466412
6,10,18,25.73394123,79.8941713,-12.05151253,83.55708948,0,0,0,0.022047765,6.049533278,5.21221662,0,188.4174871
6,10,19,27.80179351,93.01862727,-12.05151253,88.60343408,0,0,0,0.019996504,6.414888628,6.058428189,0,209.8656557
6,10,20,19.24430133,58.03388209,-12.05151253,64.49629574,0,0,0,0.020335069,4.669531811,3.633125568,0,138.0459591
6,10,21,18.45597099,57.47463749,-12.05151253,61.64898493,0,0,0,0.016703144,4.463386509,3.558065644,0,133.5662362
6,10,22,18.02952339,54.23224246,-12.05151253,61.00990327,0,0,0,0.016783469,4.417116997,3.353711109,0,129.0077682
6,10,23,16.94814745,51.33651762,-12.05151253,57.5610833,0,0,0,0.015302059,4.167422431,3.132186596,0,121.1091469
6,11,0,19.19026694,59.65764849,-12.05151253,63.49855627,0,0,0,0.014508342,4.597295474,3.720559642,0,138.6273226
6,11,1,24.73754453,83.73099163,-12.05151253,77.59329047,0,0,0,0.015022864,5.61775423,5.370428216,0,185.0135194
6,11,2,23.98214775,78.6756074,-12.05151253,75.78063231,0,0,0,0.015039983,5.486517779,5.046767714,0,176.9352004
6,11,3,19.58871869,62.15114258,-12.05151253,65.43940255,0,0,0,0.015198154,4.737812745,3.881641025,0,143.7624032
6,11,4,19.31982107,60.75430674,-12.05151253,65.15665807,0,0,0,0.017868912,4.717342044,3.788859671,0,141.703344
6,11,5,14.77927352,44.85427772,-12.05151253,50.85880455,0,0,0,0.014862772,3.682177449,2.650319556,0,104.788203
6,11,6,10.20202535,24.81800394,-12.05151253,35.95248471,0,0,0,0.014770601,2.602959893,1.279346383,0,62.81807834
6,11,7,4.949448843,4.655176109,-12.05151253,20.83512504,0,0,0,0.01368035,1.508463053,-0.136291638,0,19.77408922
6,11,8,4.078976675,3.971959104,-12.05151253,17.6714316,0,0,0,0.012813183,1.279411648,-0.222832125,0,14.74024755
6,11,9,3.69185702,3.863751519,-12.05151253,16.11664198,0,0,0,0.012332474,1.166844879,-0.250421853,0,12.54949348
6,11,10,3.167675698,1.758228498,-12.05151253,14.54402895,0,0,0,0.011646973,1.052987696,-0.396896384,0,8.086158891
6,11,11,4.312163326,5.568672421,-12.05151253,17.76196198,0,0,0,0.011363219,1.285966047,-0.120906697,0,16.76770776
6,11,12,3.645496168,3.562721105,-12.05151253,16.2109491,0,0,0,0.011978197,1.173672715,-0.269771546,0,12.2835332
6,11,13,4.494194829,3.300327484,-12.05151253,19.29463249,0,0,0,0.012532243,1.396931392,-0.237114355,0,16.20999155
6,11,14,3.730241436,0.146652517,-12.05151253,16.66097705,0,0,0,0.012464727,1.206254739,-0.455326255,0,9.249751683
6,11,15,3.590150649,0.105384723,-12.05151253,16.00226032,0,0,0,0.012108055,1.158563647,-0.465427928,0,8.351526931
6,11,16,5.785741261,6.438630894,-12.05151253,24.50032312,0,0,0,0.014607862,1.773823394,0.009628281,0,26.47124228
6,11,17,21.5427629,65.85697374,-12.05151253,73.47983758,0,0,0,0.020433468,5.319940241,4.196896083,0,158.3653315
6,11,18,27.90386091,94.01738905,-12.05151253,89.45139356,0,0,0,0.018832244,6.476280894,6.119744375,0,211.9359885
6,11,19,26.01207508,82.68637599,-12.05151253,82.81793596,0,0,0,0.018939412,5.996018564,5.383234476,0,190.8630669
6,11,20,17.92315895,50.50262719,-12.05151253,60.86113662,0,0,0,0.019388717,4.406346291,3.14004704,0,124.8011923
6,11,21,20.82811674,63.39244471,-12.05151253,68.18713421,0,0,0,0.018197859,4.936748517,4.019816024,0,149.3309455
6,11,22,17.07763419,59.37583631,-12.05151253,53.70394711,0,0,0,0.01402667,3.888165771,3.587189059,0,125.5952866
6,11,23,19.36462863,62.44338986,-12.05151253,62.88142065,0,0,0,0.015938045,4.552614855,3.885437382,0,141.0919169
6,12,0,20.69844944,63.23010945,-12.05151253,67.59201709,0,0,0,0.016744263,4.893662037,4.003551482,0,148.3830212
6,12,1,17.82195046,53.34628686,-12.05151253,61.28512344,0,0,0,0.018154708,4.437042937,3.292801571,0,128.1498474
6,12,2,20.45116659,64.8926707,-12.05151253,67.51718363,0,0,0,0.017435538,4.888244095,4.082382489,0,149.7975705
6,12,3,20.18984142,63.97330476,-12.05151253,67.08578373,0,0,0,0.016999767,4.857010742,4.016617994,0,148.0880459
6,12,4,21.15806513,67.18356127,-12.05151253,70.10388201,0,0,0,0.01735236,5.075521058,4.249359342,0,155.7362286
6,12,5,19.88857739,61.76326416,-12.05151253,65.76991631,0,0,0,0.016538598,4.761741941,3.876738326,0,144.0252642
6,12,6,14.93391085,43.59483697,-12.05151253,50.60049609,0,0,0,0.01603965,3.663475917,2.588782005,0,103.3460289
6,12,7,3.943123048,2.370730025,-12.05151253,17.21806236,0,0,0,0.01254114,1.246587715,-0.319587632,0,12.41994412
6,12,8,3.479166202,1.970073374,-12.05151253,15.58265549,0,0,0,0.011138889,1.128184258,-0.367746604,0,9.751959079
6,12,9,3.819909343,3.791496718,-12.05151253,16.61112743,0,0,0,0.011418753,1.202645626,-0.247313931,0,13.13777141
6,12,10,3.205847596,1.338993597,-12.05151253,14.69165959,0,0,0,0.010721953,1.063676154,-0.418121594,0,7.841264764
6,12,11,2.980620442,1.417038851,-12.05151253,13.80796865,0,0,0,0.010933285,0.999696931,-0.426319626,0,6.738426002
6,12,12,3.010125514,4.087126136,-12.05151253,12.95216102,0,0,0,0.007855954,0.937736458,-0.275952331,0,8.667540214
6,12,13,2.366834133,3.222169023,-12.05151253,10.3398115,0,0,0,0.006558209,0.748602353,-0.359961772,0,4.272500914
6,12,14,1.814870225,1.93767E-09,-12.05151253,8.481035168,0,0,0,0.008951832,0.614026946,-0.570180977,0,-1.702809337
6,12,15,1.817231177,0.021875809,-12.05151253,8.482999746,0,0,0,0.008532866,0.614169182,-0.568830989,0,-1.675534744
6,12,16,3.198720901,0.693637392,-12.05151253,14.43057206,0,0,0,0.01134754,1.044773417,-0.454464891,0,6.873073888
6,12,17,14.69002552,41.25199996,-12.05151253,55.11470164,0,0,0,0.020682516,3.990304399,2.444701571,0,105.4609031
6,12,18,27.76477906,90.53693861,-12.05151253,89.42763451,0,0,0,0.020513705,6.474560739,5.918136426,0,208.0910505
6,12,19,22.99765027,70.73823274,-12.05151253,73.36621491,0,0,0,0.019239033,5.311713959,4.549819435,0,164.9313578
6,12,20,18.68971585,55.68098317,-12.05151253,63.51833072,0,0,0,0.018049271,4.598727144,3.471178687,0,133.9254723
6,12,21,17.86172249,56.13398259,-12.05151253,59.68294005,0,0,0,0.016481966,4.32104486,3.450291525,0,129.414951
6,12,22,18.00994282,53.69794581,-12.05151253,60.33970383,0,0,0,0.016770254,4.368594557,3.322860148,0,127.7043049
6,12,23,18.76250722,55.30833137,-12.05151253,64.27494433,0,0,0,0.018983337,4.653505969,3.454476461,0,134.4212362
6,13,0,18.4176075,55.70524412,-12.05151253,63.08338554,0,0,0,0.018633198,4.567237113,3.457373587,0,133.1979685
6,13,1,17.35415102,52.69707814,-12.05151253,60.28494419,0,0,0,0.016574924,4.364629959,3.230584216,0,125.8964499
6,13,2,15.4548444,46.33056081,-12.05151253,56.69638943,0,0,0,0.016680161,4.104818594,2.770177822,0,113.3219587
6,13,3,18.17715286,56.8908203,-12.05151253,62.42257701,0,0,0,0.017480807,4.519394575,3.510016857,0,133.4859299
6,13,4,18.0698066,58.49108755,-12.05151253,63.51615815,0,0,0,0.016681968,4.59856985,3.593172556,0,136.2339641
6,13,5,13.48975058,38.16908964,-12.05151253,49.13298552,0,0,0,0.017205403,3.557228152,2.206128152,0,94.52087491
6,13,6,4.491417864,1.000404702,-12.05151253,19.84433811,0,0,0,0.014176334,1.436730079,-0.365374731,0,14.37017983
6,13,7,2.240119603,0.802395671,-12.05151253,10.29319577,0,0,0,0.010353778,0.745227374,-0.501801147,0,1.537978518
6,13,8,0.29019098,0.476574339,-12.05151253,1.480837831,0,0,0,0.000621437,0.107212659,-0.62856042,0,-10.32463571
6,13,9,1.46398844,1.781952505,-12.05151253,6.724064398,0,0,0,0.007694506,0.486822262,-0.490470338,0,-2.077460761
6,13,10,1.991614229,6.704744026,-12.05151253,7.928862912,0,0,0,0.001177723,0.574049675,-0.186882093,0,4.962053937
6,13,11,0.525055728,0.51088899,-12.05151253,2.567149021,0,0,0,0.002137966,0.185861589,-0.613567127,0,-8.873986368
6,13,12,0.958822025,0.04762987,-12.05151253,4.484154076,0,0,0,0.003424209,0.324652755,-0.615209878,0,-6.848039477
6,13,13,0.128326755,-7.80642E-10,-12.05151253,0.744827314,0,0,0,0.000952058,0.053925497,-0.664121448,0,-11.78760236
6,13,14,0.019304828,-2.25604E-10,-12.05151253,0.175457663,0,0,0,0.000365523,0.012703135,-0.670193969,0,-12.51387536
6,13,15,0.227040032,-2.41266E-09,-12.05151253,1.225466751,0,0,0,0.002254422,0.088723793,-0.658623118,0,-11.16665066
6,13,16,1.1765703,0.007187145,-12.05151253,5.804795739,0,0,0,0.009173004,0.420267211,-0.605333958,0,-5.238853093
6,13,17,6.615622501,10.4604206,-12.05151253,27.48747909,0,0,0,0.015141843,1.990093486,0.279866352,0,34.79711133
6,13,18,27.30134444,90.30446707,-12.05151253,87.24408829,0,0,0,0.018080195,6.316471992,5.879374453,0,205.0123139
6,13,19,22.62000768,72.88030254,-12.05151253,71.32985827,0,0,0,0.016497826,5.164281739,4.648098031,0,164.6075335
6,13,20,17.46928605,53.37577376,-12.05151253,59.432744,0,0,0,0.016235009,4.302930665,3.274800583,0,125.8202575
6,13,21,16.99525597,52.61013239,-12.05151253,57.79666586,0,0,0,0.015113567,4.184478608,3.205750883,0,122.7558847
6,13,22,16.82650242,46.39489534,-12.05151253,58.57683061,0,0,0,0.021040597,4.240962536,2.850162607,0,116.8588816
6,13,23,15.62820506,44.52589863,-12.05151253,54.04984119,0,0,0,0.017187727,3.913208502,2.679314328,0,108.7621429
6,14,0,15.18338091,43.46173536,-12.05151253,52.41495294,0,0,0,0.016984797,3.794842593,2.595263728,0,105.4156478
6,14,1,17.45459163,53.79235914,-12.05151253,60.15237359,0,0,0,0.018211443,4.355031848,3.297185909,0,127.018241
6,14,2,20.54418181,65.88173132,-12.05151253,65.88565918,0,0,0,0.016528506,4.770121724,4.142654113,0,149.1893641
6,14,3,16.68347177,52.18999017,-12.05151253,58.12343022,0,0,0,0.016606517,4.208136348,3.164982582,0,122.3351051
6,14,4,17.04775147,53.34138398,-12.05151253,58.13939559,0,0,0,0.015384349,4.20929224,3.249405597,0,123.9511007
6,14,5,11.48895168,32.76332101,-12.05151253,42.47200946,0,0,0,0.014884627,3.074973485,1.793582341,0,79.55621007
6,14,6,5.124623122,4.623111636,-12.05151253,22.06676301,0,0,0,0.013242351,1.597633642,-0.128320422,0,21.2455408
6,14,7,3.659843511,1.48936338,-12.05151253,16.29606538,0,0,0,0.011923184,1.179835133,-0.384458424,0,10.20105963
6,14,8,2.309444138,2.339899199,-12.05151253,10.82057296,0,0,0,0.008993351,0.783409482,-0.412300824,0,3.798505774
6,14,9,3.079717105,4.809079771,-12.05151253,13.05452166,0,0,0,0.00928717,0.945147368,-0.231863262,0,9.614377276
6,14,10,2.149806069,0.853466796,-12.05151253,10.37449203,0,0,0,0.00995361,0.751113223,-0.50398695,0,1.583332244
6,14,11,2.27654096,5.895954354,-12.05151253,9.502435695,0,0,0,0.006026194,0.687976344,-0.216061259,0,6.101359754
6,14,12,0.812101637,0.174614058,-12.05151253,4.132724477,0,0,0,0.006353349,0.299209252,-0.616309184,0,-7.242818946
6,14,13,1.417165127,0.417298818,-12.05151253,6.824663895,0,0,0,0.008347361,0.494105666,-0.569089606,0,-3.459021274
6,14,14,1.14296993,3.33791E-10,-12.05151253,5.58088929,0,0,0,0.00831675,0.404056385,-0.607605823,0,-5.522886003
6,14,15,1.337363762,0.008777344,-12.05151253,6.450588692,0,0,0,0.008348454,0.467022621,-0.596289189,0,-4.37570085
6,14,16,2.142347329,0.17312795,-12.05151253,10.07110125,0,0,0,0.010095949,0.72914773,-0.542297275,0,0.532010394
6,14,17,11.97745748,32.40738785,-12.05151253,44.80519131,0,0,0,0.016972273,3.243895851,1.800966636,0,82.20035886
6,14,18,25.05463021,80.56458187,-12.05151253,79.99241233,0,0,0,0.018690254,5.791450652,5.211720864,0,184.5819736
6,14,19,24.18580986,76.68662329,-12.05151253,77.40291678,0,0,0,0.01887027,5.603971175,4.947325278,0,176.7940041
6,14,20,19.84995074,63.34539893,-12.05151253,66.21196129,0,0,0,0.016711547,4.793745998,3.962711728,0,146.1289677
6,14,21,19.74413881,63.27872264,-12.05151253,65.84114141,0,0,0,0.016365356,4.766898638,3.953104134,0,145.5488584
6,14,22,14.81681153,40.43580501,-12.05151253,51.30602779,0,0,0,0.019391097,3.714556412,2.406301493,0,100.6473808
6,14,23,17.09751549,49.66753585,-12.05151253,58.6190684,0,0,0,0.017834096,4.244020552,3.047544112,0,120.642006
6,15,0,18.72703754,56.99237978,-12.05151253,64.19790371,0,0,0,0.017523348,4.647928229,3.546302296,0,136.0775624
6,15,1,18.2654778,57.13557752,-12.05151253,62.15618043,0,0,0,0.016394408,4.500107463,3.528569533,0,133.5507946
6,15,2,21.75315139,70.00506358,-12.05151253,69.6441562,0,0,0,0.017239377,5.042236909,4.439663326,0,158.8499982
6,15,3,19.65910824,61.74635711,-12.05151253,65.58938227,0,0,0,0.017275234,4.748671276,3.863015172,0,143.5722968
6,15,4,18.52979367,57.23874343,-12.05151253,61.85852511,0,0,0,0.016396459,4.478557218,3.549038269,0,133.6195416
6,15,5,13.72189395,40.26154277,-12.05151253,49.17329628,0,0,0,0.015348354,3.56014665,2.335608177,0,97.01632365
6,15,6,5.447579058,3.917280722,-12.05151253,23.65595544,0,0,0,0.014678512,1.712691174,-0.149646558,0,22.54702582
6,15,7,3.296870158,0.341821606,-12.05151253,15.072033,0,0,0,0.013695329,1.091215189,-0.468594117,0,7.295528627
6,15,8,1.072353618,0.353810129,-12.05151253,5.549457483,0,0,0,0.008224533,0.401780722,-0.591831928,0,-5.257717977
6,15,9,1.354680445,0.35887634,-12.05151253,6.774587888,0,0,0,0.009207363,0.490480163,-0.575824135,0,-3.639504471
6,15,10,1.175742347,2.893785124,-12.05151253,5.720875912,0,0,0,0.005232862,0.414191416,-0.444596568,0,-2.286281441
6,15,11,1.422308121,2.793624619,-12.05151253,6.513214301,0,0,0,0.005311652,0.471556715,-0.436441795,0,-1.281938921
6,15,12,0.849834727,0.411549263,-12.05151253,4.262004156,0,0,0,0.005614617,0.308569101,-0.60101016,0,-6.81495083
6,15,13,1.39850139,0.044365788,-12.05151253,6.625911904,0,0,0,0.008656401,0.479716022,-0.590901546,0,-4.085262575
6,15,14,0.940615871,-8.32804E-09,-12.05151253,4.587946233,0,0,0,0.008975991,0.332167307,-0.618876945,0,-6.800684085
6,15,15,1.016323863,-6.88671E-09,-12.05151253,5.000861162,0,0,0,0.009176275,0.362062348,-0.614660009,0,-6.277748903
6,15,16,1.525434861,0.025922784,-12.05151253,7.32100705,0,0,0,0.010880365,0.53004091,-0.584858627,0,-3.223085191
6,15,17,7.613839034,12.71964183,-12.05151253,31.2633389,0,0,0,0.016015394,2.263465736,0.461305636,0,42.286094
6,15,18,27.41888975,90.26180352,-12.05151253,87.59036771,0,0,0,0.017268706,6.341542622,5.883545367,0,205.4619051
6,15,19,15.58817489,43.88780115,-12.05151253,53.18615952,0,0,0,0.01694341,3.850677949,2.641542617,0,107.119787
6,15,20,17.50950705,53.52897738,-12.05151253,58.43505449,0,0,0,0.016137785,4.230697945,3.285574335,0,124.9544365
6,15,21,17.5202247,55.32203604,-12.05151253,58.48102043,0,0,0,0.015016333,4.234025879,3.386044675,0,126.9068555
6,15,22,16.35607486,50.3380017,-12.05151253,55.04399974,0,0,0,0.014346347,3.985185581,3.043590817,0,116.7296865
6,15,23,17.58239625,54.3644075,-12.05151253,58.83060822,0,0,0,0.015625693,4.259336035,3.336167721,0,126.3370289
6,16,0,18.12331407,54.44582051,-12.05151253,61.90965919,0,0,0,0.019017905,4.482259325,3.370831548,0,130.29939
6,16,1,18.39718297,55.61720986,-12.05151253,62.8513637,0,0,0,0.018402931,4.550438732,3.451332432,0,132.8344181
6,16,2,19.34080604,61.23174849,-12.05151253,64.50556322,0,0,0,0.016126056,4.670202777,3.816622039,0,141.5295561
6,16,3,17.93022331,53.4766848,-12.05151253,62.40535878,0,0,0,0.01800583,4.518147976,3.306095534,0,129.6030037
6,16,4,18.4167128,54.03072784,-12.05151253,63.69685275,0,0,0,0.020285984,4.611652139,3.364053195,0,132.0887722
6,16,5,20.24330019,63.55061525,-12.05151253,68.2115061,0,0,0,0.018409428,4.938513041,3.996051842,0,148.9068833
6,16,6,4.776530395,1.22659258,-12.05151253,21.13551869,0,0,0,0.014483637,1.530211553,-0.336895298,0,16.29492903
6,16,7,0.247075455,0.888717952,-12.05151253,1.219189986,0,0,0,0.000292755,0.088269355,-0.608005555,0,-10.21597259
6,16,8,1.006518979,4.119832239,-12.05151253,4.009996707,0,0,0,0.000766084,0.290323762,-0.385731485,0,-3.00980625
6,16,9,0.295443494,0.58333418,-12.05151253,1.628637626,0,0,0,0.000704453,0.117913364,-0.622321332,0,-10.04780075
6,16,10,0.267407775,0.79188921,-12.05151253,1.392749407,0,0,0,0.000284831,0.100835057,-0.612266406,0,-10.11061266
6,16,11,1.35102798,0.540755435,-12.05151253,6.206501393,0,0,0,0.004462957,0.449350701,-0.565896912,0,-4.06531098
6,16,12,0,0,-12.05151253,0,0,0,0,0,0,-0.671269248,0,-12.72278178
6,16,13,0,0,-12.05151253,0,0,0,0,0,0,-0.671269248,0,-12.72278178
6,16,14,0,0,-12.05151253,0,0,0,0,0,0,-0.671269248,0,-12.72278178
6,16,15,0.009918021,-1.15906E-10,-12.05151253,0.13112529,0,0,0,0.000273167,0.009493471,-0.670716814,0,-12.5714194
6,16,16,0.222634535,-2.22638E-11,-12.05151253,1.260544607,0,0,0,0.001657232,0.09126343,-0.658868505,0,-11.13428124
6,16,17,5.318413617,0.361261835,-12.05151253,23.55628066,0,0,0,0.01590103,1.70547472,-0.354911325,0,18.55090801
6,16,18,24.23014941,74.84282882,-12.05151253,79.67111127,0,0,0,0.01942338,5.768188456,4.847095639,0,177.3272844
6,16,19,19.88519606,62.12862905,-12.05151253,66.40998297,0,0,0,0.017076456,4.808082767,3.89690081,0,145.0943556
6,16,20,19.39916512,60.06117091,-12.05151253,65.5398633,0,0,0,0.018098076,4.745086103,3.754671469,0,141.4665424
6,16,21,18.92636264,58.08530425,-12.05151253,64.63924269,0,0,0,0.01990081,4.67988117,3.618280598,0,137.9174596
6,16,22,16.76307088,50.736015,-12.05151253,58.56474631,0,0,0,0.017899095,4.240087633,3.088429835,0,121.3587362
6,16,23,15.68356707,45.24252385,-12.05151253,56.18123176,0,0,0,0.021062367,4.067521179,2.722314016,0,111.8667077
6,17,0,13.1368789,36.32681546,-12.05151253,48.93147555,0,0,0,0.018474285,3.54263883,2.083858528,0,91.98862902
6,17,1,13.02496458,36.75388102,-12.05151253,48.0282343,0,0,0,0.016163326,3.477244163,2.101412452,0,91.3503873
6,17,2,13.28165992,38.1701938,-12.05151253,49.54307251,0,0,0,0.016877778,3.58691845,2.194599004,0,94.74180893
6,17,3,13.09023523,35.70877225,-12.05151253,49.74751939,0,0,0,0.020191874,3.601720404,2.046835468,0,92.16376208
6,17,4,12.81100403,37.3809797,-12.05151253,47.76787294,0,0,0,0.016118154,3.458394001,2.124424246,0,91.50728053
6,17,5,13.30269962,39.17346552,-12.05151253,49.24076651,0,0,0,0.016768686,3.565031495,2.25165315,0,95.49887245
6,17,6,1.955295712,1.848152779,-12.05151253,8.912059187,0,0,0,0.008183961,0.645233085,-0.459417167,0,0.857995023
6,17,7,0.992149139,4.420685221,-12.05151253,3.443247042,0,0,0,5.447E-05,0.249291086,-0.369774374,0,-3.315859951
6,17,8,0.423182685,1.937900773,-12.05151253,1.924021164,0,0,0,0.000758985,0.139299132,-0.5397569,0,-8.166106695
6,17,9,0.118498389,0.244244902,-12.05151253,0.980943353,0,0,0,0.000504998,0.071020299,-0.651064447,0,-11.28736504
6,17,10,0.698693889,0.793157335,-12.05151253,3.160879066,0,0,0,0.001990008,0.228847644,-0.588173135,0,-7.756117727
6,17,11,0.444621625,0.00200888,-12.05151253,2.273685993,0,0,0,0.001460399,0.164614866,-0.646391929,0,-9.8115127
6,17,12,0,0,-12.05151253,0,0,0,0,0,0,-0.671269248,0,-12.72278178
6,17,13,0,0,-12.05151253,0,0,0,0,0,0,-0.671269248,0,-12.72278178
6,17,14,0,0,-12.05151253,0,0,0,0,0,0,-0.671269248,0,-12.72278178
6,17,15,0.058778839,-6.86914E-10,-12.05151253,0.361887045,0,0,0,0.000753903,0.026200622,-0.667995267,0,-12.27188739
6,17,16,0.289489093,0.009387216,-12.05151253,1.647018428,0,0,0,0.001314806,0.119244134,-0.654621838,0,-10.63968069
6,17,17,5.589538665,1.499790795,-12.05151253,24.58039848,0,0,0,0.018737082,1.77962085,-0.276393597,0,21.14017974
6,17,18,26.000234,83.11404162,-12.05151253,85.33086842,0,0,0,0.019357767,6.177954873,5.406395904,0,193.99734
6,17,19,18.61701167,54.24250341,-12.05151253,64.58873317,0,0,0,0.017130498,4.676224282,3.387005742,0,133.4770962
6,17,20,17.55418035,53.64767856,-12.05151253,59.18794169,0,0,0,0.016870402,4.285206978,3.294674293,0,125.9350397
6,17,21,18.1747033,57.34149552,-12.05151253,61.16364796,0,0,0,0.017650152,4.428248112,3.534983026,0,132.6092155
6,17,22,18.81732456,57.34660786,-12.05151253,63.78395757,0,0,0,0.019129066,4.617958528,3.571061788,0,136.1045268
6,17,23,17.7354407,52.21706482,-12.05151253,61.46323638,0,0,0,0.01930406,4.449938314,3.225085309,0,127.058557
6,18,0,16.92858894,49.52208154,-12.05151253,59.84396744,0,0,0,0.018647123,4.332703243,3.030033098,0,121.6245088
6,18,1,14.92097379,42.81165542,-12.05151253,54.24918781,0,0,0,0.018396109,3.927641197,2.544438199,0,106.42078
6,18,2,16.81973721,51.22368794,-12.05151253,58.70690781,0,0,0,0.016073268,4.250380126,3.118749533,0,122.0840234
6,18,3,16.00071799,45.60336467,-12.05151253,57.88695222,0,0,0,0.018604177,4.19101534,2.760078156,0,114.40922
6,18,4,17.22992366,51.53351947,-12.05151253,61.34156354,0,0,0,0.018644844,4.4411292,3.158854534,0,125.6721227
6,18,5,12.19218538,31.05788205,-12.05151253,45.34869743,0,0,0,0.016274475,3.283245694,1.737759507,0,81.584532
6,18,6,4.237537789,2.011982593,-12.05151253,18.81479383,0,0,0,0.013235996,1.362191073,-0.323170963,0,14.06505778
6,18,7,0.81908729,1.617371013,-12.05151253,3.944339078,0,0,0,0.004231039,0.285570149,-0.535558521,0,-5.916472486
6,18,8,0.638428882,2.25939834,-12.05151253,2.820725902,0,0,0,0.000730746,0.204220555,-0.509860272,0,-6.637868381
6,18,9,1.922774874,5.987251129,-12.05151253,7.542532221,0,0,0,0.004488103,0.546079333,-0.2306808,0,3.720932325
6,18,10,0.20958336,0.439583199,-12.05151253,1.154706759,0,0,0,0.000658058,0.083600769,-0.635110671,0,-10.79849106
6,18,11,0.982462975,0.030029545,-12.05151253,4.67120598,0,0,0,0.003749993,0.338195313,-0.614873415,0,-6.640742143
6,18,12,0.300220859,2.31349E-09,-12.05151253,1.575178991,0,0,0,0.001158882,0.114042959,-0.654546946,0,-10.71545779
6,18,13,0,0,-12.05151253,0,0,0,0,0,0,-0.671269248,0,-12.72278178
6,18,14,0.113333776,-1.32447E-09,-12.05151253,0.619541209,0,0,0,0.001290662,0.044854784,-0.664956557,0,-11.93744866
6,18,15,0.090721606,-1.06021E-09,-12.05151253,0.512747579,0,0,0,0.001068184,0.037122925,-0.666216055,0,-12.0760683
6,18,16,1.077723517,-1.20394E-08,-12.05151253,5.310540677,0,0,0,0.010600754,0.384483145,-0.611240049,0,-5.879404503
6,18,17,5.881004935,4.806114678,-12.05151253,25.38622771,0,0,0,0.017193428,1.837962886,-0.075996686,0,25.80099442
6,18,18,25.44155902,84.50733422,-12.05151253,81.77021429,0,0,0,0.015709056,5.920163515,5.452884106,0,191.0563517
6,18,19,21.72442512,68.26415604,-12.05151253,68.35911255,0,0,0,0.017817065,4.949199749,4.341094722,0,155.6042927
6,18,20,16.13968688,49.05846743,-12.05151253,55.4832404,0,0,0,0.016600595,4.016986605,2.960267947,0,115.6237373
6,18,21,16.13848842,50.18697797,-12.05151253,55.73398979,0,0,0,0.016607883,4.035140861,3.02305923,0,117.0827516
6,18,22,17.38300874,51.10029459,-12.05151253,60.10575319,0,0,0,0.018931952,4.351656531,3.143250747,0,124.0513832
6,18,23,16.00265546,45.19918751,-12.05151253,57.21325968,0,0,0,0.019514486,4.142240001,2.737673405,0,113.263018
6,19,0,13.68001193,37.0441968,-12.05151253,50.67667077,0,0,0,0.018330344,3.668990964,2.154069178,0,95.19075745
6,19,1,12.73182852,34.73631378,-12.05151253,47.50848302,0,0,0,0.016289697,3.43961417,1.972706278,0,88.35372292
6,19,2,13.24358154,36.30380766,-12.05151253,49.38343531,0,0,0,0.016869345,3.575360717,2.08852033,0,92.56006237
6,19,3,11.20489135,30.51823362,-12.05151253,43.61044509,0,0,0,0.01629118,3.157396224,1.652708813,0,78.10845374
6,19,4,10.9299865,29.32318351,-12.05151253,42.57168132,0,0,0,0.016638774,3.082189728,1.570832321,0,75.44299962
6,19,5,9.539491185,22.02933414,-12.05151253,37.93832672,0,0,0,0.018041606,2.746734855,1.087114323,0,61.3075303
6,19,6,3.557480333,2.227936216,-12.05151253,16.0557205,0,0,0,0.013566524,1.162434165,-0.349021546,0,10.61660366
6,19,7,0.851416654,1.893262319,-12.05151253,3.869701486,0,0,0,0.003505647,0.280166388,-0.518390629,0,-5.67185067
6,19,8,1.668946351,7.204502661,-12.05151253,6.615076321,0,0,0,0.001177586,0.478931526,-0.177018138,0,3.740103771
6,19,9,0.490737583,0.957424617,-12.05151253,2.50295652,0,0,0,0.000838807,0.181214052,-0.590606614,0,-8.508947568
6,19,10,0.307942952,0.208919395,-12.05151253,1.698664484,0,0,0,0.00076081,0.122983309,-0.642480015,0,-10.3547216
6,19,11,0.450813808,0.036884068,-12.05151253,2.179132938,0,0,0,0.002386015,0.157769225,-0.644104476,0,-9.868630957
6,19,12,0.289552822,2.35682E-09,-12.05151253,1.434478595,0,0,0,0.00075345,0.10385625,-0.655141156,0,-10.87801257
6,19,13,0,0,-12.05151253,0,0,0,0,0,0,-0.671269248,0,-12.72278178
6,19,14,0,0,-12.05151253,0,0,0,0,0,0,-0.671269248,0,-12.72278178
6,19,15,0.059771924,-6.9852E-10,-12.05151253,0.366577229,0,0,0,0.000763674,0.026540191,-0.667939952,0,-12.26579947
6,19,16,0.500809074,-4.08277E-09,-12.05151253,2.581106623,0,0,0,0.004578031,0.18687212,-0.643374183,0,-9.421520873
6,19,17,5.251317737,0.544592179,-12.05151253,23.29124723,0,0,0,0.018157583,1.686286299,-0.348437066,0,18.39165142
6,19,18,25.79874685,85.02696232,-12.05151253,82.42731652,0,0,0,0.017044214,5.967737716,5.501722753,0,192.6880178
6,19,19,22.88501514,73.27408517,-12.05151253,72.22532475,0,0,0,0.017046594,5.229113512,4.684792639,0,166.2638653
6,19,20,17.42680674,52.60490981,-12.05151253,59.47572948,0,0,0,0.017031174,4.306042814,3.229497364,0,125.0085048
6,19,21,17.52100535,54.43031663,-12.05151253,59.19334504,0,0,0,0.016374812,4.285598181,3.336419386,0,126.7315469
6,19,22,16.12376941,44.47147614,-12.05151253,56.49375904,0,0,0,0.019515279,4.090148154,2.703885929,0,111.8510414
6,19,23,14.04598182,35.71725041,-12.05151253,51.19225126,0,0,0,0.020593271,3.706318991,2.100542787,0,94.73142601
6,20,0,13.8711728,37.53777762,-12.05151253,50.06750442,0,0,0,0.018309604,3.62488732,2.192209291,0,95.26034853
6,20,1,11.79835622,29.47509941,-12.05151253,44.60341253,0,0,0,0.01923942,3.229287067,1.627662231,0,78.70154434
6,20,2,12.48564222,35.95154515,-12.05151253,48.05280254,0,0,0,0.01822697,3.479022904,2.026682088,0,89.96240934
6,20,3,12.31074004,33.350735,-12.05151253,47.91393023,0,0,0,0.020153701,3.468968549,1.872074911,0,86.88508989
6,20,4,13.98748784,40.70836665,-12.05151253,51.76164241,0,0,0,0.018683545,3.747542911,2.375289847,0,100.5475007
6,20,5,12.48468111,35.17429467,-12.05151253,46.58118671,0,0,0,0.018136394,3.372477918,1.983335703,0,87.56259997
6,20,6,4.224028402,0.997953203,-12.05151253,18.65721511,0,0,0,0.013073719,1.350782374,-0.380404873,0,12.8111354
6,20,7,1.621794183,0.333718082,-12.05151253,7.72124893,0,0,0,0.011352138,0.559018423,-0.562347215,0,-2.366727994
6,20,8,0.955997415,0.452692169,-12.05151253,4.744929254,0,0,0,0.005177059,0.343532878,-0.592805238,0,-6.141988997
6,20,9,1.679002792,0.518031174,-12.05151253,8.26756405,0,0,0,0.012946536,0.598571637,-0.548894456,0,-1.524290802
6,20,10,2.742001739,5.598565753,-12.05151253,12.21583829,0,0,0,0.012236983,0.884426692,-0.206699639,0,9.194857278
6,20,11,1.842009978,1.728326676,-12.05151253,8.578510656,0,0,0,0.010511491,0.621084171,-0.472401497,0,0.256528941
6,20,12,0.850248555,0.013751082,-12.05151253,4.191299314,0,0,0,0.00594698,0.30345007,-0.623144468,0,-7.309961002
6,20,13,1.252461566,3.81296E-10,-12.05151253,6.002327964,0,0,0,0.008588291,0.434568545,-0.601507139,0,-4.955073308
6,20,14,0.984439497,-6.37756E-09,-12.05151253,4.777506487,0,0,0,0.008916985,0.34589147,-0.616435969,0,-6.55119407
6,20,15,0.658823143,-6.17456E-09,-12.05151253,3.265142514,0,0,0,0.006430316,0.236396318,-0.634572799,0,-8.519293049
6,20,16,2.219614243,-3.18502E-09,-12.05151253,10.58030632,0,0,0,0.016746502,0.766014177,-0.547636735,0,0.983531965
6,20,17,5.999214755,3.612386064,-12.05151253,25.87665887,0,0,0,0.016293693,1.873470102,-0.135903083,0,25.19060787
6,20,18,27.54763102,88.65919955,-12.05151253,88.65158625,0,0,0,0.018967064,6.418374844,5.801451214,0,205.0456974
6,20,19,16.55974377,45.58353188,-12.05151253,55.85048399,0,0,0,0.017747082,4.043575041,2.790111205,0,112.7936804
6,20,20,17.22761253,50.23136575,-12.05151253,58.73809633,0,0,0,0.017818898,4.252638174,3.086195842,0,121.502215
6,20,21,17.18276574,49.69380269,-12.05151253,59.12557537,0,0,0,0.018112267,4.280691657,3.053755613,0,121.3031908
6,20,22,17.86052019,53.1664298,-12.05151253,61.04575916,0,0,0,0.017747143,4.419712963,3.284931866,0,127.7435886
6,20,23,19.09006034,57.1199583,-12.05151253,64.4128724,0,0,0,0.018758777,4.663491962,3.57362879,0,136.827258
6,21,0,19.01373319,58.69467384,-12.05151253,63.97751351,0,0,0,0.017517451,4.631971978,3.657089024,0,137.9409865
6,21,1,16.26519051,48.64737431,-12.05151253,56.36766595,0,0,0,0.018566905,4.081019015,2.944360612,0,116.2726648
6,21,2,17.50943456,52.43621188,-12.05151253,61.63986116,0,0,0,0.018432818,4.462725948,3.224703259,0,127.2398571
6,21,3,17.12635683,51.04782292,-12.05151253,60.42832524,0,0,0,0.020182028,4.375010748,3.126032564,0,124.0722178
6,21,4,15.79339521,45.40961213,-12.05151253,56.70771619,0,0,0,0.020311537,4.105638652,2.737738261,0,112.7228994
6,21,5,13.78243974,35.69053397,-12.05151253,49.73032333,0,0,0,0.019838816,3.600475409,2.084375387,0,92.85647411
6,21,6,5.2178139,4.319655692,-12.05151253,22.64198205,0,0,0,0.014851482,1.6392795,-0.140032192,0,21.6420379
6,21,7,2.614657751,2.676941256,-12.05151253,11.80554623,0,0,0,0.009776769,0.854721547,-0.376527183,0,5.533603832
6,21,8,3.172531675,5.300883298,-12.05151253,13.33796871,0,0,0,0.009679872,0.965668934,-0.199300034,0,10.53591992
6,21,9,1.9853169,3.28234496,-12.05151253,9.143285548,0,0,0,0.00702683,0.661973874,-0.377860483,0,2.650575095
6,21,10,1.797453808,4.808606334,-12.05151253,7.975378979,0,0,0,0.004783252,0.577417438,-0.303311698,0,2.808815579
6,21,11,0.772954821,1.120711357,-12.05151253,3.927205243,0,0,0,0.003317096,0.28432966,-0.565792042,0,-6.508786399
6,21,12,1.375605752,0.051119759,-12.05151253,6.385309091,0,0,0,0.005995355,0.462296378,-0.591800637,0,-4.362986837
6,21,13,1.734009205,0.026447926,-12.05151253,8.107792949,0,0,0,0.008840982,0.58700421,-0.573211786,0,-2.160629049
6,21,14,0.617417851,2.73451E-09,-12.05151253,3.010022856,0,0,0,0.004345917,0.217925655,-0.636879074,0,-8.838679326
6,21,15,0.615853292,2.43346E-09,-12.05151253,3.004891561,0,0,0,0.004394088,0.217554149,-0.63696622,0,-8.845785662
6,21,16,1.129047705,0.046971172,-12.05151253,5.535738457,0,0,0,0.007044728,0.400787464,-0.605764997,0,-5.537688005
6,21,17,10.46682047,23.1801738,-12.05151253,41.66232746,0,0,0,0.01874719,3.016352508,1.202868333,0,67.49577723
6,21,18,26.93938602,89.22914253,-12.05151253,86.27092106,0,0,0,0.018951296,6.246014685,5.799317792,0,202.4522208
6,21,19,23.06692069,73.31633615,-12.05151253,73.91326375,0,0,0,0.018053497,5.351320295,4.697278158,0,168.31166
6,21,20,17.70091639,52.97484009,-12.05151253,60.218306,0,0,0,0.018954216,4.359805354,3.265370387,0,126.4866799
6,21,21,16.22916573,48.90840574,-12.05151253,55.33325379,0,0,0,0.016609802,4.006127575,2.956893483,0,115.3989436
6,21,22,16.09836721,48.6640597,-12.05151253,54.90209514,0,0,0,0.017834517,3.974911688,2.93599793,0,114.5417536
6,21,23,16.36282588,46.3579189,-12.05151253,56.90061171,0,0,0,0.018856459,4.119604288,2.822276236,0,114.5305809
6,22,0,15.09794931,42.04749294,-12.05151253,52.72975345,0,0,0,0.017981127,3.81763415,2.511731885,0,104.1710303
6,22,1,18.33327705,56.12252664,-12.05151253,63.84530115,0,0,0,0.018808937,4.622399803,3.475919017,0,134.3667201
6,22,2,22.67623723,74.61138846,-12.05151253,72.97408095,0,0,0,0.015974598,5.28332346,4.747651503,0,168.2571437
6,22,3,17.34822294,53.75483697,-12.05151253,61.39311301,0,0,0,0.019386616,4.444861382,3.289171189,0,128.1980796
6,22,4,13.8812502,39.36661389,-12.05151253,51.37349805,0,0,0,0.019608029,3.719441259,2.294636782,0,98.60353568
6,22,5,10.44807406,25.66032612,-12.05151253,40.1023486,0,0,0,0.017582948,2.903410039,1.339968642,0,68.42019788
6,22,6,5.356017659,5.296764411,-12.05151253,23.10514656,0,0,0,0.014388311,1.672812611,-0.077909287,0,23.31570773
6,22,7,2.738225452,2.328331337,-12.05151253,12.47814376,0,0,0,0.01144357,0.903417608,-0.389062035,0,6.018987158
6,22,8,2.805007546,5.195900074,-12.05151253,11.76528073,0,0,0,0.009013332,0.851806325,-0.225618694,0,8.34987678
6,22,9,1.494280912,3.918661428,-12.05151253,6.811728422,0,0,0,0.004870325,0.493169138,-0.36976836,0,0.301429331
6,22,10,2.000776788,5.970249279,-12.05151253,8.6800741,0,0,0,0.006495684,0.628437365,-0.227283096,0,5.007237586
6,22,11,1.956734332,1.982780864,-12.05151253,8.945137485,0,0,0,0.008916931,0.647627954,-0.451838252,0,1.03784678
6,22,12,1.461782786,0.032129105,-12.05151253,6.901575984,0,0,0,0.008777444,0.499674101,-0.588058356,0,-3.73563147
6,22,13,1.194649617,-3.71206E-09,-12.05151253,5.803648761,0,0,0,0.009836349,0.42018417,-0.604727265,0,-5.227920906
6,22,14,1.26847555,1.33678E-10,-12.05151253,5.960042953,0,0,0,0.006231338,0.43150711,-0.60061516,0,-4.985870744
6,22,15,1.832783857,0.00587907,-12.05151253,8.651238533,0,0,0,0.009744285,0.62634967,-0.568855723,0,-1.494372842
6,22,16,3.181432464,0.377221741,-12.05151253,14.55399838,0,0,0,0.013011409,1.053709483,-0.473052209,0,6.654808737
6,22,17,17.27610013,51.39850881,-12.05151253,62.34445378,0,0,0,0.017764783,4.513738454,3.15390647,0,126.6529599
6,22,18,24.96274141,80.82120663,-12.05151253,79.47741737,0,0,0,0.017652416,5.754165018,5.220896658,0,184.202567
6,22,19,23.13741008,73.72582564,-12.05151253,74.82052184,0,0,0,0.018003663,5.417005781,4.724012981,0,169.7912674
6,22,20,18.43740547,56.11396889,-12.05151253,62.34995815,0,0,0,0.016875828,4.51413697,3.481242303,0,132.8620751
6,22,21,18.01799224,55.92913362,-12.05151253,60.52905184,0,0,0,0.016558236,4.382303353,3.447585662,0,130.2711124
6,22,22,15.65936472,48.48722196,-12.05151253,52.9140945,0,0,0,0.01651475,3.830980442,2.90169563,0,111.7583595
6,22,23,17.12685838,52.92199123,-12.05151253,57.93966233,0,0,0,0.016263953,4.194831553,3.230451675,0,123.3785466
6,23,0,16.83210903,53.8986065,-12.05151253,56.89510798,0,0,0,0.013938205,4.119205818,3.268431607,0,122.9758866
6,23,1,18.18848471,59.85857412,-12.05151253,60.75743363,0,0,0,0.014149373,4.398838195,3.675951929,0,134.8419194
6,23,2,18.92922505,61.59709072,-12.05151253,62.83452436,0,0,0,0.01508364,4.549219564,3.81404654,0,139.6876773
6,23,3,19.30667661,63.52250956,-12.05151253,63.74901338,0,0,0,0.014615648,4.615428569,3.942316421,0,143.0990477
6,23,4,18.68529821,60.63868423,-12.05151253,62.09836078,0,0,0,0.014740039,4.49592132,3.747076574,0,137.6285686
6,23,5,16.50156535,50.50716585,-12.05151253,57.35989867,0,0,0,0.016275933,4.152856664,3.06111708,0,119.547367
6,23,6,4.091910387,1.158435687,-12.05151253,18.32585519,0,0,0,0.014540407,1.326791916,-0.378824972,0,12.48719608
6,23,7,0.83500141,1.115235798,-12.05151253,4.048163973,0,0,0,0.001731007,0.293087072,-0.562641036,0,-6.320934311
6,23,8,1.192372048,2.766048839,-12.05151253,5.400578554,0,0,0,0.001758395,0.391001887,-0.450785205,0,-2.750538017
6,23,9,1.357977869,1.847741571,-12.05151253,6.110408586,0,0,0,0.002676258,0.442393582,-0.492710675,0,-2.783025344
6,23,10,0.444243346,-1.36875E-09,-12.05151253,2.307476577,0,0,0,0.002342274,0.167061304,-0.646524894,0,-9.776913928
6,23,11,0.376341383,-1.37599E-09,-12.05151253,1.920439829,0,0,0,0.003352965,0.139039844,-0.650307033,0,-10.26264555
6,23,12,0,0,-12.05151253,0,0,0,0,0,0,-0.671269248,0,-12.72278178
6,23,13,0.06089007,-7.11587E-10,-12.05151253,0.37185805,0,0,0,0.000774675,0.026922523,-0.667877671,0,-12.25894489
6,23,14,0.052754371,-6.1651E-10,-12.05151253,0.333434458,0,0,0,0.000694629,0.024140655,-0.66833083,0,-12.30881925
6,23,15,0.949830591,-8.00562E-09,-12.05151253,4.641079573,0,0,0,0.008240696,0.336014161,-0.618363685,0,-6.734711207
6,23,16,5.402754221,6.477662885,-12.05151253,23.10658447,0,0,0,0.015308619,1.672916716,-0.009530015,0,24.61418436
6,23,17,12.25141074,33.44800414,-12.05151253,45.76247829,0,0,0,0.016833275,3.313203428,1.874188161,0,84.6146055
6,23,18,26.41996775,85.54957123,-12.05151253,84.74107512,0,0,0,0.021085587,6.135253839,5.565434073,0,196.3808751
6,23,19,18.41777153,56.11205003,-12.05151253,62.00592839,0,0,0,0.018560914,4.489229215,3.480041813,0,132.4720694
6,23,20,19.31760259,59.07739401,-12.05151253,64.41293135,0,0,0,0.018595012,4.66349623,3.695332062,0,139.1338387
6,23,21,18.69654873,56.53167789,-12.05151253,63.24942505,0,0,0,0.018973325,4.579258374,3.518942974,0,134.5433138
6,23,22,17.29973961,52.56904986,-12.05151253,59.25173329,0,0,0,0.017732554,4.28982549,3.220422325,0,124.5969906
6,23,23,16.2845465,48.87636004,-12.05151253,56.63291337,0,0,0,0.017774025,4.100222928,2.958193246,0,116.8184976
6,24,0,13.95195446,41.57285285,-12.05151253,49.39001328,0,0,0,0.016693675,3.575836962,2.421462519,0,98.87730122
6,24,1,13.48234198,40.48302314,-12.05151253,47.59615191,0,0,0,0.013449631,3.445961398,2.334601589,0,95.30401711
6,24,2,13.13507177,39.96620093,-12.05151253,47.3307838,0,0,0,0.014879985,3.426748747,2.286471641,0,94.10864434
6,24,3,13.29628128,40.01828507,-12.05151253,48.36182418,0,0,0,0.016367168,3.50139607,2.298352098,0,95.44099333
6,24,4,12.90366362,40.30740869,-12.05151253,46.28015809,0,0,0,0.012691805,3.350683446,2.292587479,0,93.09568059
6,24,5,10.73003037,29.74925114,-12.05151253,39.99755341,0,0,0,0.014033265,2.895822867,1.583426732,0,72.91860525
6,24,6,5.091502896,3.428797234,-12.05151253,22.11001462,0,0,0,0.013227386,1.600765058,-0.196688531,0,19.99610613
6,24,7,0.985873511,1.742357815,-12.05151253,4.638257477,0,0,0,0.003485329,0.335809841,-0.519306763,0,-4.865035325
6,24,8,0.662994397,0.08906513,-12.05151253,3.330647874,0,0,0,0.002770185,0.241138906,-0.629379532,0,-8.354275574
6,24,9,0.863761955,1.441824629,-12.05151253,4.264663117,0,0,0,0.002010696,0.30876161,-0.542848075,0,-5.713338602
6,24,10,1.186800901,3.276394138,-12.05151253,5.022176325,0,0,0,0.00196483,0.363605566,-0.422669284,0,-2.623240059
6,24,11,0.449571595,1.30712E-09,-12.05151253,2.297814555,0,0,0,0.001706034,0.166361774,-0.64622811,0,-9.782286686
6,24,12,0.519255078,1.12428E-09,-12.05151253,2.56591178,0,0,0,0.003928962,0.185772013,-0.64234674,0,-9.418991441
6,24,13,0.139703381,1.35982E-09,-12.05151253,0.803046271,0,0,0,0.001030613,0.05814055,-0.66348777,0,-11.71307949
6,24,14,0,0,-12.05151253,0,0,0,0,0,0,-0.671269248,0,-12.72278178
6,24,15,0.124969691,-1.46045E-09,-12.05151253,0.674495755,0,0,0,0.001405146,0.048833493,-0.664308436,0,-11.86611689
6,24,16,1.46070116,-5.62876E-09,-12.05151253,6.970165866,0,0,0,0.009821287,0.504640009,-0.589908194,0,-3.696092412
6,24,17,4.709621301,2.151857234,-12.05151253,20.79344349,0,0,0,0.01688299,1.505445309,-0.289084894,0,16.83665289
6,24,18,19.9590512,62.80894735,-12.05151253,65.59340744,0,0,0,0.016123724,4.748962699,3.938908271,0,145.0138882
6,24,19,23.74403756,75.79838866,-12.05151253,74.34817885,0,0,0,0.015988895,5.382808149,4.873243892,0,172.1111335
6,24,20,15.79128421,46.64792547,-12.05151253,54.5852745,0,0,0,0.015808169,3.951973874,2.806594731,0,111.7473484
6,24,21,21.60854509,69.02559896,-12.05151253,68.33094235,0,0,0,0.014794392,4.947160226,4.377052575,0,156.2525811
6,24,22,19.75470621,66.05102675,-12.05151253,65.5852883,0,0,0,0.013902281,4.748374873,4.108110078,0,148.209896
6,24,23,14.99146186,46.62697463,-12.05151253,51.10745249,0,0,0,0.012855681,3.700179561,2.760877664,0,107.1482893
6,25,0,14.20497366,43.07005509,-12.05151253,48.58628072,0,0,0,0.012559052,3.517646724,2.518949853,0,99.85895257
6,25,1,13.12142292,38.51042193,-12.05151253,46.2996482,0,0,0,0.014340662,3.35209453,2.20462451,0,91.45104022
6,25,2,14.11241718,42.88267972,-12.05151253,49.96669657,0,0,0,0.016178948,3.617588832,2.503357649,0,101.0474064
6,25,3,10.19533021,28.1193678,-12.05151253,39.45263915,0,0,0,0.01476827,2.856371075,1.462859431,0,70.0498234
6,25,4,9.837095706,26.28148601,-12.05151253,38.29822547,0,0,0,0.015087212,2.772791524,1.340535754,0,66.49370914
6,25,5,9.390048535,24.60504763,-12.05151253,37.07057128,0,0,0,0.015386224,2.683909361,1.222257608,0,62.9357081
6,25,6,4.585999739,2.576460765,-12.05151253,20.20179636,0,0,0,0.01384989,1.462610057,-0.272320198,0,16.51688408
6,25,7,2.523989018,1.578421619,-12.05151253,11.60354616,0,0,0,0.010498865,0.840096742,-0.442764976,0,4.062274895
6,25,8,1.859624144,3.387590804,-12.05151253,8.217623075,0,0,0,0.005078821,0.594955911,-0.378999376,0,1.634360844
6,25,9,1.256644827,3.110235464,-12.05151253,5.733704008,0,0,0,0.003756959,0.41512017,-0.428034016,0,-1.960085123
6,25,10,2.028540392,6.423784736,-12.05151253,8.357556701,0,0,0,0.005554981,0.605087105,-0.200474739,0,5.168536642
6,25,11,0.934293717,0.39076813,-12.05151253,4.553807345,0,0,0,0.005433396,0.329695652,-0.597463303,0,-6.434977598
6,25,12,0.780293743,-4.61342E-09,-12.05151253,3.861205053,0,0,0,0.005454934,0.279551246,-0.627806887,0,-7.75281445
6,25,13,0.863720235,-7.02764E-09,-12.05151253,4.241191529,0,0,0,0.006935896,0.307062267,-0.623160031,0,-7.255762647
6,25,14,0.648231337,-6.97359E-09,-12.05151253,3.221643742,0,0,0,0.006509788,0.233247007,-0.635162763,0,-8.57704343
6,25,15,0.939206945,-5.65663E-09,-12.05151253,4.659481825,0,0,0,0.007419,0.337346484,-0.618955422,0,-6.727013707
6,25,16,1.805961864,0.301410143,-12.05151253,8.497189181,0,0,0,0.009397118,0.615196497,-0.553888627,0,-1.376246359
6,25,17,11.88404322,32.53385332,-12.05151253,43.82150893,0,0,0,0.016082507,3.172677246,1.802807589,0,81.17946027
6,25,18,27.14675222,88.06545386,-12.05151253,86.6254935,0,0,0,0.018782483,6.27168573,5.746050631,0,201.8227059
6,25,19,18.29194043,55.6407777,-12.05151253,62.10888878,0,0,0,0.018776605,4.496683547,3.446783151,0,131.9523377
6,25,20,19.56171456,61.05613516,-12.05151253,64.87033171,0,0,0,0.018065099,4.696612016,3.819144982,0,141.970491
6,25,21,19.3649032,60.96130105,-12.05151253,64.27229503,0,0,0,0.017024086,4.65331416,3.802900329,0,141.0202253
6,25,22,17.79570489,56.78233533,-12.05151253,59.14276354,0,0,0,0.015863399,4.28193608,3.482727592,0,129.4498183
6,25,23,17.19651151,55.96152585,-12.05151253,56.70159559,0,0,0,0.014052736,4.10519552,3.403633433,0,125.3310021
6,26,0,17.86823045,55.54136653,-12.05151253,59.89938524,0,0,0,0.015996851,4.336715491,3.417645303,0,129.0278273
6,26,1,22.26386065,74.20002386,-12.05151253,70.94493772,0,0,0,0.015409544,5.136413491,4.701769119,0,165.2109018
6,26,2,22.15782545,73.38883335,-12.05151253,69.42180292,0,0,0,0.01513788,5.026138532,4.650679647,0,162.6089052
6,26,3,21.45293726,70.98923336,-12.05151253,67.92547212,0,0,0,0.015179948,4.917804181,4.477759655,0,157.726874
6,26,4,19.38934963,63.52606526,-12.05151253,63.68011933,0,0,0,0.015332175,4.61044064,3.947119362,0,143.1169139
6,26,5,16.17907642,50.88258149,-12.05151253,53.72989597,0,0,0,0.013931884,3.890044468,3.064065097,0,115.7080828
6,26,6,11.93267631,32.07461848,-12.05151253,41.3860664,0,0,0,0.014208275,2.996351207,1.779937072,0,78.13234522
6,26,7,3.863579717,4.620570453,-12.05151253,16.47829993,0,0,0,0.011948145,1.193028915,-0.198702084,0,13.91721254
6,26,8,3.649911514,3.90404312,-12.05151253,15.93839055,0,0,0,0.011580968,1.153939476,-0.250513975,0,12.35583912
6,26,9,4.132155495,6.012456183,-12.05151253,17.01053326,0,0,0,0.011650749,1.231562608,-0.106214378,0,16.24063138
6,26,10,3.124815843,3.304326407,-12.05151253,13.99901397,0,0,0,0.011348048,1.013528612,-0.313166025,0,9.088354323
6,26,11,3.29274949,6.64179974,-12.05151253,14.29459026,0,0,0,0.011044294,1.034928335,-0.117914856,0,13.10568473
6,26,12,2.858440215,2.006233034,-12.05151253,12.86903166,0,0,0,0.011804084,0.931717892,-0.400306948,0,6.2254074
6,26,13,2.70144255,0.427880519,-12.05151253,12.32340068,0,0,0,0.011315537,0.892214209,-0.496965953,0,3.807775007
6,26,14,2.982771316,0.07120656,-12.05151253,13.45822003,0,0,0,0.012095492,0.97437513,-0.501162681,0,4.945993316
6,26,15,3.21988224,0.642858724,-12.05151253,14.44641466,0,0,0,0.011253185,1.045920421,-0.456114576,0,6.85870212
6,26,16,5.600646156,6.695539785,-12.05151253,23.44146781,0,0,0,0.014883325,1.697162269,0.013628309,0,25.41181512
6,26,17,22.89970161,70.38615344,-12.05151253,75.98330994,0,0,0,0.021294926,5.50119164,4.524752878,0,167.2648919
6,26,18,28.06829947,95.66007126,-12.05151253,89.07757802,0,0,0,0.018908659,6.449216649,6.220401001,0,213.4429625
6,26,19,21.39552471,63.99682519,-12.05151253,72.13056963,0,0,0,0.022573993,5.222253241,4.085084641,0,154.8013189
6,26,20,21.48804677,65.7637876,-12.05151253,71.40004683,0,0,0,0.019752878,5.16936339,4.188657926,0,155.9781429
6,26,21,20.20350689,64.92109352,-12.05151253,65.86333064,0,0,0,0.017029714,4.768505138,4.070170995,0,147.7921244
6,26,22,19.65615695,63.29317236,-12.05151253,64.24367438,0,0,0,0.016051374,4.651242025,3.949008394,0,143.7577929
6,26,23,21.10283413,63.42197959,-12.05151253,70.28175312,0,0,0,0.018401966,5.088398926,4.036762876,0,151.8986181
6,27,0,24.3942612,81.01400175,-12.05151253,77.69477392,0,0,0,0.016650983,5.625101631,5.199970998,0,181.8932479
6,27,1,22.57327737,75.0229801,-12.05151253,71.49209488,0,0,0,0.015885786,5.176027669,4.764842293,0,166.9935956
6,27,2,21.13559409,69.41752963,-12.05151253,67.34333951,0,0,0,0.01544139,4.87565778,4.372539743,0,155.1085896
6,27,3,20.73635593,68.2100999,-12.05151253,66.24983466,0,0,0,0.015501854,4.79648803,4.283048341,0,152.2398162
6,27,4,19.39722832,63.43323198,-12.05151253,63.40343604,0,0,0,0.015633461,4.590408769,3.942387391,0,142.7308134
6,27,5,18.33408539,59.56355954,-12.05151253,59.45941234,0,0,0,0.014687784,4.304861453,3.667629575,0,133.2927235
6,27,6,14.90993086,44.6244667,-12.05151253,49.80987886,0,0,0,0.015019412,3.606235229,2.644796696,0,103.5588152
6,27,7,5.75348628,6.616873,-12.05151253,24.72403922,0,0,0,0.014373513,1.79002044,0.017759764,0,26.86503969
6,27,8,5.174085253,4.661915527,-12.05151253,22.53092961,0,0,0,0.01405191,1.631239304,-0.123404005,0,21.83730507
6,27,9,5.114738713,4.629590868,-12.05151253,22.25662499,0,0,0,0.013710532,1.61137965,-0.128510091,0,21.44602213
6,27,10,5.985819896,7.436729194,-12.05151253,24.11586417,0,0,0,0.013545014,1.745988566,0.076366736,0,27.32280104
6,27,11,4.443102991,2.766096243,-12.05151253,19.73482512,0,0,0,0.013015979,1.428801339,-0.269716851,0,16.06461229
6,27,12,4.330886552,1.733036441,-12.05151253,19.21536601,0,0,0,0.013230253,1.391192499,-0.333508737,0,14.29869048
6,27,13,4.646178215,2.827472662,-12.05151253,20.39621116,0,0,0,0.013703284,1.476685688,-0.254986894,0,17.05375158
6,27,14,4.761871752,4.027386932,-12.05151253,20.67918622,0,0,0,0.013681135,1.497173082,-0.18170754,0,18.74607904
6,27,15,5.279731719,5.338184206,-12.05151253,22.95646245,0,0,0,0.015034156,1.662047881,-0.079851331,0,23.12009655
6,27,16,10.90364051,27.96450236,-12.05151253,41.379636,0,0,0,0.016698963,2.995885646,1.49368631,0,72.70253725
6,27,17,25.87494102,79.21761738,-12.05151253,86.99094161,0,0,0,0.024739447,6.298144173,5.182386254,0,191.5372573
6,27,18,26.90285652,86.76928407,-12.05151253,89.52692027,0,0,0,0.028438495,6.481749028,5.660268982,0,203.3180048
6,27,19,23.73458268,71.34674549,-12.05151253,88.99005678,0,0,0,0.043831618,6.442880111,4.624760731,0,183.1313449
6,27,20,23.77862692,73.83775438,-12.05151253,78.90659948,0,0,0,0.025189481,5.712837802,4.76596319,0,174.9754587
6,27,21,22.27996233,71.90271762,-12.05151253,72.08857224,0,0,0,0.017836211,5.21921263,4.574706025,0,164.0314945
6,27,22,20.98552169,66.642946,-12.05151253,68.75574601,0,0,0,0.019683515,4.977916011,4.209636402,0,153.5399371
6,27,23,19.43063579,62.68973001,-12.05151253,63.11829627,0,0,0,0.016259918,4.56976465,3.902835127,0,141.6760092
6,28,0,21.19739879,69.07488531,-12.05151253,69.95991058,0,0,0,0.016235831,5.065097526,4.356896976,0,157.6189125
6,28,1,22.19470025,73.9676958,-12.05151253,69.75190712,0,0,0,0.01434001,5.050038076,4.684976212,0,163.6121449
6,28,2,19.5060254,64.09983221,-12.05151253,62.1706083,0,0,0,0.013940128,4.501152041,3.985577021,0,142.2256226
6,28,3,19.16648313,62.83195761,-12.05151253,61.13536924,0,0,0,0.013677139,4.426200733,3.896043901,0,139.4182192
6,28,4,18.41205529,59.79732312,-12.05151253,59.59274781,0,0,0,0.013911655,4.314514941,3.684993129,0,133.7640334
6,28,5,17.82413795,57.87072505,-12.05151253,58.14226471,0,0,0,0.013911319,4.209499965,3.544934621,0,129.5539611
6,28,6,15.33746083,46.45883331,-12.05151253,50.17752993,0,0,0,0.014934015,3.632853167,2.770784335,0,106.340883
6,28,7,11.24846275,30.16487739,-12.05151253,39.19030545,0,0,0,0.013891724,2.837378114,1.635453798,0,73.03885669
6,28,8,11.25273657,29.9551093,-12.05151253,39.32560189,0,0,0,0.013779379,2.847173577,1.624007766,0,72.96689595
6,28,9,10.61587649,27.06275147,-12.05151253,37.22366627,0,0,0,0.013714254,2.694993438,1.427430329,0,66.98691972
6,28,10,10.99027456,28.53713598,-12.05151253,38.51523214,0,0,0,0.014199714,2.788502807,1.530407519,0,70.32424018
6,28,11,9.095259253,21.6349416,-12.05151253,33.75163278,0,0,0,0.013890603,2.443618213,1.040402939,0,55.92823286
6,28,12,6.658620585,10.98436706,-12.05151253,27.24512922,0,0,0,0.014275404,1.972547355,0.311445163,0,35.13487224
6,28,13,6.701054151,11.09313458,-12.05151253,27.39415038,0,0,0,0.013985939,1.983336487,0.319867064,0,35.45401606
6,28,14,8.227752701,17.88088074,-12.05151253,32.12159414,0,0,0,0.014453259,2.325603416,0.782981635,0,49.30175336
6,28,15,8.614168479,18.28957777,-12.05151253,33.25917935,0,0,0,0.015459893,2.407964585,0.827269418,0,51.36210696
6,28,16,15.42133513,44.53386264,-12.05151253,55.80881284,0,0,0,0.01846862,4.040558049,2.668235268,0,110.43976
6,28,17,24.43079761,72.50702138,-12.05151253,83.08465577,0,0,0,0.025647322,6.015329078,4.72816727,0,178.7401059
6,28,18,27.18669185,86.21873173,-12.05151253,89.07352043,0,0,0,0.025229905,6.448922879,5.645412845,0,202.5469971
6,28,19,25.22716546,77.70617026,-12.05151253,87.01563338,0,0,0,0.029728697,6.299931857,5.062117551,0,189.2892347
6,28,20,25.05401367,78.0060296,-12.05151253,84.28511479,0,0,0,0.027569662,6.102242311,5.069175162,0,186.4926327
6,28,21,23.71435666,76.33866686,-12.05151253,77.53669289,0,0,0,0.020095341,5.613656565,4.901684162,0,176.0736399
6,28,22,22.78937542,72.67698714,-12.05151253,74.50424903,0,0,0,0.018950421,5.39410763,4.646207146,0,167.9783642
6,28,23,21.54156232,68.95634888,-12.05151253,70.15094808,0,0,0,0.017921507,5.078928641,4.369464406,0,158.0636613
6,29,0,19.24072865,61.27503585,-12.05151253,63.5534576,0,0,0,0.016957344,4.60127033,3.813458834,0,140.4493961
6,29,1,20.12898804,65.42907537,-12.05151253,66.03274176,0,0,0,0.015972802,4.780770503,4.094314884,0,148.4303508
6,29,2,21.71039473,71.7806057,-12.05151253,68.33446305,0,0,0,0.015310216,4.947415125,4.536179476,0,159.2728558
6,29,3,20.96189663,69.00009861,-12.05151253,66.35224186,0,0,0,0.015047536,4.803902311,4.339613887,0,153.4212883
6,29,4,21.61348245,70.92718765,-12.05151253,68.77919298,0,0,0,0.015057141,4.979613572,4.483246076,0,158.7462673
6,29,5,19.98743711,65.33129433,-12.05151253,63.82130211,0,0,0,0.01390901,4.620662272,4.080984093,0,145.8040764
6,29,6,17.74957016,56.56906514,-12.05151253,56.89334762,0,0,0,0.014243976,4.119078367,3.468278738,0,126.7620715
6,29,7,14.49396587,43.06887954,-12.05151253,49.47284,0,0,0,0.014768525,3.581833616,2.534981242,0,101.1157563
6,29,8,15.03769525,45.0010003,-12.05151253,51.018259,0,0,0,0.014783923,3.693721951,2.672886094,0,105.386834
6,29,9,14.62776398,43.42395635,-12.05151253,49.8054966,0,0,0,0.014682288,3.605917954,2.562211574,0,101.9885162
6,29,10,14.23917251,42.3857187,-12.05151253,48.67957773,0,0,0,0.014614628,3.524401427,2.482737192,0,99.27470964
6,29,11,14.45031629,43.54539446,-12.05151253,49.41670399,0,0,0,0.014435927,3.577769369,2.55909184,0,101.5121993
6,29,12,15.00577453,44.59685729,-12.05151253,51.79542606,0,0,0,0.016247553,3.749988847,2.648597344,0,105.7613791
6,29,13,13.66352052,39.02098807,-12.05151253,48.95051693,0,0,0,0.016564653,3.544017425,2.263257881,0,95.40735295
6,29,14,13.24250119,36.9651779,-12.05151253,48.57560282,0,0,0,0.01653745,3.516873644,2.125298477,0,92.39047895
6,29,15,13.31175589,37.3566467,-12.05151253,48.82756429,0,0,0,0.01679256,3.535115655,2.150960776,0,93.14732334
6,29,16,19.85842614,57.93632044,-12.05151253,69.66183933,0,0,0,0.023120946,5.043517167,3.661898136,0,144.1336096
6,29,17,26.22595974,80.7146019,-12.05151253,87.52254389,0,0,0,0.027779171,6.336632178,5.285320035,0,194.0613244
6,29,18,25.8613784,79.08140652,-12.05151253,90.02882234,0,0,0,0.034198374,6.518086737,5.174043872,0,194.6464237
6,29,19,25.19173881,76.65139417,-12.05151253,93.36337822,0,0,0,0.044669473,6.759508583,5.001393259,0,194.96057
6,29,20,25.30195631,76.92652917,-12.05151253,87.67083971,0,0,0,0.031792209,6.347368795,5.022857393,0,189.2498311
6,29,21,25.0306751,79.54392469,-12.05151253,82.48092068,0,0,0,0.020479389,5.971618657,5.15353596,0,186.1496419
6,29,22,15.85354316,46.149638,-12.05151253,55.89426625,0,0,0,0.017541727,4.046744876,2.782307942,0,112.6925294
6,29,23,11.67943007,29.12624661,-12.05151253,43.88211158,0,0,0,0.017498775,3.177064878,1.601606943,0,77.43244633
6,30,0,10.95988513,25.44537163,-12.05151253,41.2547164,0,0,0,0.016205446,2.986841467,1.356503553,0,69.96801109
6,30,1,15.53870494,47.152628,-12.05151253,54.66709405,0,0,0,0.015389007,3.95789761,2.820637997,0,112.1008391
6,30,2,14.20644287,42.79965055,-12.05151253,50.43762216,0,0,0,0.014782253,3.651683845,2.503970156,0,101.5626393
6,30,3,19.60460944,63.351599,-12.05151253,62.41268316,0,0,0,0.014320828,4.518678261,3.949391562,0,141.7997697
6,30,4,19.43779255,62.92958013,-12.05151253,61.86591763,0,0,0,0.014119611,4.479092436,3.91659341,0,140.5915832
6,30,5,19.35183655,63.81978502,-12.05151253,61.11459737,0,0,0,0.013333878,4.42469685,3.961390073,0,140.6341272
6,30,6,9.523612902,25.2455502,-12.05151253,35.62101036,0,0,0,0.012749117,2.57896115,1.265373137,0,62.19574433
6,30,7,6.164112549,8.726446945,-12.05151253,26.03605873,0,0,0,0.013731624,1.885010652,0.158134916,0,30.93198288
6,30,8,6.337030134,9.491648316,-12.05151253,25.48081997,0,0,0,0.013622283,1.844811366,0.210388141,0,31.32680767
6,30,9,5.476558878,6.576736451,-12.05151253,23.62715386,0,0,0,0.013579822,1.710605939,9.93017E-05,0,25.35322172
6,30,10,5.398977083,6.839372022,-12.05151253,23.30137488,0,0,0,0.01360492,1.687019542,0.010406797,0,25.19924271
6,30,11,5.31490796,6.107683728,-12.05151253,23.01756713,0,0,0,0.01343679,1.66647186,-0.035030891,0,24.03352404
6,30,12,5.20512501,5.965624294,-12.05151253,22.60242776,0,0,0,0.013503367,1.63641577,-0.049058512,0,23.32252515
6,30,13,5.846536287,7.988684855,-12.05151253,24.71306245,0,0,0,0.013926766,1.789225721,0.099352569,0,28.39927611
6,30,14,5.481094068,5.852831852,-12.05151253,23.5070299,0,0,0,0.014484096,1.701908965,-0.039969574,0,24.46586678
6,30,15,7.500921038,14.87066577,-12.05151253,30.58190161,0,0,0,0.014914138,2.214129676,0.574828137,0,43.70584783
6,30,16,14.85791274,43.70505277,-12.05151253,53.57499779,0,0,0,0.017903511,3.87882984,2.590687931,0,106.573872
6,30,17,24.96886566,77.73848859,-12.05151253,81.30453137,0,0,0,0.021707896,5.886448071,5.049530383,0,182.9180594
6,30,18,24.07743251,74.55922798,-12.05151253,78.89341612,0,0,0,0.022255249,5.711883327,4.822792741,0,176.0354954
6,30,19,23.75418707,72.11632104,-12.05151253,78.79854377,0,0,0,0.024755903,5.705014569,4.668718053,0,173.0160279
6,30,20,23.31773771,72.58238131,-12.05151253,76.71821718,0,0,0,0.022207738,5.554398924,4.670367381,0,170.8137977
6,30,21,22.26643967,70.32913234,-12.05151253,72.39376834,0,0,0,0.019151563,5.241308828,4.486304113,0,162.6845923
6,30,22,16.55082074,48.88042202,-12.05151253,56.59130592,0,0,0,0.017342484,4.097210549,2.973250973,0,117.0588401
6,30,23,24.31807939,78.42357089,-12.05151253,80.33797494,0,0,0,0.018428384,5.816469386,5.051440672,0,181.9144511
7,1,0,15.45706511,47.33721519,-12.05151253,54.99881535,3.651898523,0,0,0.016015432,3.981914231,2.826372164,0,116.2177835
7,1,1,20.72455162,66.68159308,-12.05151253,66.28039931,0.029690232,0,0,0.015659366,4.79870091,4.197253012,0,150.676335
7,1,2,19.74464258,63.09625528,-12.05151253,63.58270633,0,0,0,0.015289325,4.603387938,3.942968763,0,142.9337377
7,1,3,19.85170562,63.65077343,-12.05151253,64.01601618,0,0,0,0.015209692,4.634759571,3.979818835,0,144.0967708
7,1,4,19.22858798,61.26461109,-12.05151253,62.29477407,0,0,0,0.015226516,4.510141643,3.81220194,0,139.0740307
7,1,5,7.113969527,11.57138922,-12.05151253,28.67087182,0,0,0,0.014124192,2.07577112,0.369505234,0,37.76411858
7,1,6,1.380510178,3.65507788,-12.05151253,5.385823703,0,0,0,0.0035436,0.389933636,-0.390786993,0,-1.627410531
7,1,7,0.687807326,1.738664978,-12.05151253,3.339778295,0,0,0,0.000779613,0.241799949,-0.536114741,0,-6.578797115
7,1,8,0.794981096,2.220451522,-12.05151253,3.701740514,0,0,0,0.000943722,0.268006013,-0.503309651,0,-5.568699319
7,1,9,0.826052831,0.92723462,-12.05151253,3.790668846,0,0,0,0.000802942,0.274444424,-0.573611137,0,-6.805920008
7,1,10,0.515641452,0.027038483,-12.05151253,2.520032882,0,0,0,0.002143938,0.182450381,-0.641041976,0,-9.445247374
7,1,11,0.874468135,3.32037E-09,-12.05151253,4.204005801,0,0,0,0.004133961,0.30437002,-0.622561373,0,-7.287095986
7,1,12,0,0,-12.05151253,0,0,0,0,0,0,-0.671269248,0,-12.72278178
7,1,13,0.144439527,-1.68798E-09,-12.05151253,0.769307357,0.178141391,0,0,0.001602663,0.055697853,-0.663223967,0,-11.56554771
7,1,14,0.362552563,-1.38936E-09,-12.05151253,1.951247925,0.356282783,0,0,0.002503642,0.14127035,-0.65107507,0,-9.888730343
7,1,15,0.869522811,0.008057105,-12.05151253,4.3247054,2.434599015,0,0,0.005648709,0.313108671,-0.622388047,0,-4.71825887
7,1,16,3.461051493,0.909871137,-12.05151253,15.61080261,5.375422705,0,0,0.01338281,1.130222109,-0.427808858,0,14.02143147
7,1,17,22.92914793,72.92122392,-12.05151253,76.12599643,14.30923953,0,0,0.019943939,5.511522142,4.667596464,0,184.4331578
7,1,18,26.61004043,83.00284068,-12.05151253,86.1303417,38.66655759,0,0,0.020618738,6.235836739,5.43416823,0,234.0488916
7,1,19,16.00392125,43.13553862,-12.05151253,59.002911,30.85381597,0,0,0.022943667,4.271810756,2.622798666,0,143.8622274
7,1,20,17.49627483,51.66393869,-12.05151253,60.6638603,18.24565374,0,0,0.020023408,4.392063486,3.180954645,0,143.6112566
7,1,21,17.57182808,52.87730768,-12.05151253,60.14962833,17.7409198,0,0,0.01865051,4.354833091,3.252747613,0,143.9144026
7,1,22,17.64744032,52.70790772,-12.05151253,60.19284586,18.57224629,0,0,0.018507854,4.357962041,3.247523638,0,144.6929212
7,1,23,19.22857578,60.63380006,-12.05151253,65.20861527,17.58151831,0,0,0.017184154,4.721103745,3.777065086,0,159.1163499
7,2,0,21.84548094,71.06457985,-12.05151253,70.93331662,3.651898523,0,0,0.01645255,5.135572123,4.503821138,0,165.0996092
7,2,1,20.62988369,66.88106385,-12.05151253,66.48400548,0.029690232,0,0,0.01567075,4.813441997,4.20309053,0,151.005334
7,2,2,19.9531363,64.60455514,-12.05151253,64.24113438,0,0,0,0.015098901,4.651058129,4.038594165,0,145.4520645
7,2,3,19.32392299,62.35223816,-12.05151253,62.92812706,0,0,0,0.015110351,4.555996399,3.878092928,0,141.0019754
7,2,4,19.03108008,61.40102692,-12.05151253,62.70522823,0,0,0,0.015216277,4.539858524,3.808799112,0,139.4496966
7,2,5,17.11612334,55.39179475,-12.05151253,57.48180402,0,0,0,0.015091134,4.161682611,3.367421789,0,125.4824051
7,2,6,11.22957595,30.5098243,-12.05151253,40.70725214,0,0,0,0.014517723,2.947205055,1.653615346,0,75.01047798
7,2,7,5.375630173,6.703018195,-12.05151253,23.23134259,0,0,0,0.014221127,1.681949204,0.001511466,0,24.95616022
7,2,8,5.314106584,6.640828098,-12.05151253,22.89444031,0,0,0,0.014020377,1.657557479,-0.005379386,0,24.46406093
7,2,9,5.463450334,6.095941319,-12.05151253,23.56187917,0,0,0,0.014544396,1.705880052,-0.027411133,0,24.7627716
7,2,10,4.993194931,3.742857614,-12.05151253,21.88928873,0,0,0,0.014334082,1.584784504,-0.184671121,0,19.98827621
7,2,11,4.400636175,2.883409363,-12.05151253,19.65136405,0,0,0,0.01401423,1.422758757,-0.265547912,0,16.05512213
7,2,12,5.35805518,5.890637484,-12.05151253,23.23107654,0,0,0,0.014397052,1.681929941,-0.044717067,0,24.07986659
7,2,13,5.595305847,7.090030868,-12.05151253,23.6333125,0.178141391,0,0,0.014364567,1.711051825,0.035304007,0,26.20599847
7,2,14,5.658473967,7.445691133,-12.05151253,24.08669407,0.356282783,0,0,0.01484139,1.743876651,0.058632748,0,27.31298021
7,2,15,6.050598297,8.155876788,-12.05151253,25.63249171,2.434599015,2467.86337,0,0.015067117,1.8557924,0.120031414,0,2500.076315
7,2,16,12.18699974,32.44146064,-12.05151253,45.90172045,5.375422705,2636.652132,0,0.017674558,3.323284561,1.814535995,0,2725.661718
7,2,17,26.82012809,81.73659504,-12.05151253,89.34535706,14.30923953,2675.21276,0,0.025651714,6.468603851,5.37534023,0,2887.242163
7,2,18,29.16408805,96.29011475,-12.05151253,124.1805603,38.66655759,2615.792112,0,0.085168728,8.990672563,6.316529848,0,2907.434291
7,2,19,20.27677011,56.52867207,-12.05151253,118.5273402,30.85381597,2522.289727,0,0.119070384,8.581379433,3.606793882,0,2748.732057
7,2,20,22.03883995,66.45913279,-12.05151253,78.17830437,18.24565374,0,0,0.032905021,5.660109237,4.258067834,0,182.8215004
7,2,21,19.84966469,60.14549886,-12.05151253,67.20257132,17.7409198,0,0,0.023498049,4.865466164,3.784461362,0,161.5605677
7,2,22,18.34533877,57.37293367,-12.05151253,61.24838889,18.57224629,0,0,0.01771429,4.434383356,3.546238527,0,151.4857313
7,2,23,16.55831087,50.85697946,-12.05151253,55.80144592,17.58151831,0,0,0.01717053,4.040024685,3.083762424,0,135.8876997
7,3,0,16.43253559,49.38567818,-12.05151253,56.40274795,3.651898523,0,0,0.017120126,4.083558951,2.994805259,0,120.916832
7,3,1,19.42562264,62.64557438,-12.05151253,63.53711064,0.029690232,0,0,0.015436627,4.60008681,3.900096426,0,142.1021052
7,3,2,18.52302978,60.06764676,-12.05151253,60.36955955,0,0,0,0.013909907,4.370756111,3.706231435,0,134.999621
7,3,3,18.61449192,60.19066535,-12.05151253,60.79576832,0,0,0,0.014167939,4.401613627,3.718178012,0,135.6833726
7,3,4,16.08584684,51.03884193,-12.05151253,54.74956481,0,0,0,0.014168666,3.963868492,3.067575916,0,116.8683541
7,3,5,16.8985978,54.68554939,-12.05151253,56.27149317,0,0,0,0.0137588,4.074056105,3.31596775,0,123.2079105
7,3,6,19.21893593,63.00228952,-12.05151253,60.84124871,0,0,0,0.013446955,4.404906407,3.90845301,0,139.337768
7,3,7,16.07017429,49.07719418,-12.05151253,53.52145004,0,0,0,0.014619202,3.874952983,2.957439175,0,113.4643173
7,3,8,14.01328005,41.06824356,-12.05151253,48.25385676,0,0,0,0.014968235,3.493579229,2.396771617,0,97.18918692
7,3,9,16.34542597,49.56515779,-12.05151253,55.11267647,0,0,0,0.015209913,3.990157777,2.999950267,0,115.9770657
7,3,10,13.46397635,38.08943976,-12.05151253,47.74091888,0,0,0,0.015248253,3.456442527,2.200256029,0,92.91476926
7,3,11,15.77307802,44.55467783,-12.05151253,54.41347064,0,0,0,0.016297487,3.939535274,2.688986752,0,109.3345335
7,3,12,8.108706724,19.00517161,-12.05151253,32.72908404,0,0,0,0.014836734,2.369585685,0.838973775,0,51.01484604
7,3,13,7.696652395,16.69356517,-12.05151253,31.39114051,0.178141391,0,0,0.015088425,2.272718573,0.68726587,0,46.88305979
7,3,14,8.036172873,17.03135169,-12.05151253,32.84158535,0.356282783,0,0,0.015482754,2.37773078,0.72499187,0,49.33208557
7,3,15,8.862061864,21.31308559,-12.05151253,35.1026472,2.434599015,0,0,0.01549302,2.541431658,1.009486465,0,59.22729229
7,3,16,18.22837962,54.42558748,-12.05151253,65.81748265,5.375422705,0,0,0.021234194,4.765185744,3.375556719,0,139.9573366
7,3,17,27.82913297,85.74682651,-12.05151253,92.25131078,14.30923953,0,0,0.026101242,6.6789949,5.654911695,0,220.4450051
7,3,18,26.73460275,83.05667676,-12.05151253,108.8089519,38.66655759,0,0,0.042911272,7.877768118,5.44410502,0,258.5800609
7,3,19,25.42897385,77.34436222,-12.05151253,114.7561231,30.85381597,0,0,0.0873917,8.30834331,5.053205571,0,249.7807032
7,3,20,24.01606132,74.10766308,-12.05151253,89.83762672,18.24565374,0,0,0.046785207,6.504244175,4.794222201,0,205.5007439
7,3,21,21.85873826,69.06377414,-12.05151253,71.3754698,17.7409198,0,0,0.018618661,5.167584014,4.393114693,0,177.5667068
7,3,22,24.50025152,75.34496825,-12.05151253,81.59588098,18.57224629,0,0,0.020564723,5.907541783,4.890109493,0,198.7800505
7,3,23,24.47998988,77.63325545,-12.05151253,80.2090526,17.58151831,0,0,0.019524925,5.807135408,5.016438517,0,198.6954026
7,4,0,23.73806151,74.84244398,-12.05151253,76.80147296,3.651898523,0,0,0.018637466,5.560426642,4.819664907,0,177.3810934
7,4,1,22.31663506,70.71852515,-12.05151253,71.69956965,0.029690232,0,0,0.017103173,5.191048843,4.510789175,0,162.4318487
7,4,2,20.36051474,65.48461181,-12.05151253,65.66193448,0,0,0,0.015474206,4.753924056,4.110304301,0,148.3352511
7,4,3,19.94053805,64.36677665,-12.05151253,64.41853242,0,0,0,0.01494188,4.663901747,4.02464818,0,145.3778264
7,4,4,16.62870916,51.52584454,-12.05151253,56.85575756,0,0,0,0.015340644,4.116356847,3.124939393,0,120.2154356
7,4,5,16.61717733,52.76141708,-12.05151253,55.21712648,0,0,0,0.014201214,3.997719957,3.19311846,0,119.749248
7,4,6,20.16006167,68.37932399,-12.05151253,63.36636858,0,0,0,0.013059024,4.587725085,4.260374534,0,148.7154004
7,4,7,13.27339861,40.39691806,-12.05151253,45.70060717,0,0,0,0.013405949,3.308723959,2.31816739,0,92.9597086
7,4,8,12.84519338,37.78532347,-12.05151253,44.55475776,0,0,0,0.013346065,3.225764462,2.14885054,0,88.52172314
7,4,9,10.37492912,28.02037648,-12.05151253,38.31895487,0,0,0,0.01418353,2.774292332,1.467349274,0,68.91857307
7,4,10,9.452896128,24.31502132,-12.05151253,36.01844117,0,0,0,0.014001041,2.607735141,1.209603754,0,61.56618603
7,4,11,9.903876111,25.86636824,-12.05151253,37.00239099,0,0,0,0.013988948,2.678973108,1.321133362,0,64.73521823
7,4,12,8.603294716,20.25526936,-12.05151253,33.17669839,0,0,0,0.013981397,2.401992964,0.936152771,0,53.33587706
7,4,13,6.930676702,11.32921548,-12.05151253,27.43850501,0.178141391,0,0,0.013814692,1.986547763,0.345806747,0,36.17119526
7,4,14,6.796626292,11.52817622,-12.05151253,26.85155482,0.356282783,0,0,0.013715237,1.944052569,0.349422252,0,35.78831764
7,4,15,8.383557152,18.43930988,-12.05151253,32.63744515,2.434599015,0,0,0.015815774,2.362951029,0.822764446,0,53.04492992
7,4,16,16.32934507,50.07208022,-12.05151253,55.91211139,5.375422705,0,0,0.017285319,4.048036864,3.027290141,0,122.7300592
7,4,17,28.00605867,86.87827965,-12.05151253,92.26446713,14.30923953,0,0,0.025941778,6.67994742,5.727788396,0,221.84021
7,4,18,30.92242934,97.50672658,-12.05151253,108.2507515,38.66655759,0,0,0.029046531,7.837354412,6.482234737,0,277.6435882
7,4,19,17.69924328,48.10866623,-12.05151253,68.28053417,30.85381597,0,0,0.033643795,4.943510674,2.994231311,0,160.8621329
7,4,20,22.47349078,67.82467263,-12.05151253,76.47431538,18.24565374,0,0,0.025729394,5.536740433,4.358338454,0,182.8874283
7,4,21,23.1226204,72.1189424,-12.05151253,74.94380084,17.7409198,0,0,0.018895697,5.425931181,4.6336858,0,185.9532836
7,4,22,21.87207823,65.7069334,-12.05151253,72.61870106,18.57224629,0,0,0.019527303,5.257593957,4.2068817,0,176.2024494
7,4,23,22.03538824,70.73380858,-12.05151253,73.58197077,17.58151831,0,0,0.018291755,5.327334684,4.495975015,0,181.7227748
7,5,0,23.54086586,75.85705725,-12.05151253,76.4664284,3.651898523,0,0,0.017779759,5.536169416,4.865195069,0,177.8838817
7,5,1,20.81500436,66.61143411,-12.05151253,67.48806452,0.029690232,0,0,0.016261336,4.886135871,4.198383375,0,151.9934613
7,5,2,18.55688292,59.45911907,-12.05151253,60.93191924,0,0,0,0.014200495,4.411470953,3.674222063,0,134.9963022
7,5,3,19.35869624,63.09460138,-12.05151253,62.21057003,0,0,0,0.013912096,4.50404527,3.921379429,0,141.0516919
7,5,4,19.93631481,65.07823241,-12.05151253,64.13730435,0,0,0,0.014261737,4.643540835,4.064041032,0,145.8221826
7,5,5,18.16863515,58.91346163,-12.05151253,59.69630704,0,0,0,0.013634382,4.32201263,3.622203543,0,132.6847418
7,5,6,20.82633884,70.58213683,-12.05151253,65.60933381,0,0,0,0.013446333,4.750115768,4.420182847,0,154.1500419
7,5,7,14.81463521,45.08050126,-12.05151253,49.56295077,0,0,0,0.014461854,3.588357635,2.664889854,0,103.6742841
7,5,8,12.42610247,35.4900101,-12.05151253,43.17371707,0,0,0,0.013978482,3.125777116,1.997658221,0,84.17573092
7,5,9,11.82681509,31.88911401,-12.05151253,41.2498336,0,0,0,0.013938218,2.986487953,1.763708003,0,77.67838434
7,5,10,11.83982753,32.1330529,-12.05151253,41.1641284,0,0,0,0.014166618,2.980282896,1.778020191,0,77.85796599
7,5,11,8.311776026,18.4785815,-12.05151253,31.89284149,0,0,0,0.013675348,2.309041724,0.820953666,0,49.77535722
7,5,12,8.629343386,19.23991809,-12.05151253,32.98500097,0,0,0,0.014079952,2.38811407,0.881048616,0,52.08599255
7,5,13,9.748743273,24.61011533,-12.05151253,36.85664316,0.178141391,0,0,0.014585206,2.668420965,1.242519176,0,63.26765596
7,5,14,9.853570538,24.930109,-12.05151253,37.28950572,0.356282783,0,0,0.01545707,2.699760214,1.266181702,0,64.3593545
7,5,15,10.92872717,29.40185201,-12.05151253,41.05621673,2.434599015,0,0,0.015515278,2.972470091,1.575144013,0,76.33301178
7,5,16,14.42073447,41.3882518,-12.05151253,52.80914939,5.375422705,0,0,0.018349377,3.823382416,2.437291287,0,108.2210689
7,5,17,30.16103203,94.46676309,-12.05151253,100.6482229,14.30923953,0,0,0.027929553,7.286931338,6.27049894,0,241.1191049
7,5,18,17.69691234,49.3114374,-12.05151253,63.86499645,38.66655759,0,0,0.025367995,4.623825743,3.061095832,0,165.1986808
7,5,19,23.68516612,71.6998134,-12.05151253,98.19601117,30.85381597,0,0,0.053826278,7.109391209,4.641674111,0,224.1881857
7,5,20,26.7400345,83.20290727,-12.05151253,89.32708048,18.24565374,0,0,0.029019574,6.467280626,5.452552609,0,217.4130163
7,5,21,24.75743818,76.55153584,-12.05151253,81.06710531,17.7409198,0,0,0.023622123,5.869258424,4.971640605,0,198.9300077
7,5,22,23.13338123,70.96352912,-12.05151253,75.47127246,18.57224629,0,0,0.019776158,5.464120126,4.569928658,0,186.1427415
7,5,23,21.63849781,67.05230303,-12.05151253,77.41163937,17.58151831,0,0,0.019321171,5.60460269,4.268808359,0,181.5251782
7,6,0,23.28868544,76.27777894,-12.05151253,76.0396788,3.651898523,0,0,0.017792651,5.505272745,4.874582818,0,177.6041774
7,6,1,21.90712382,72.22939492,-12.05151253,70.57987848,0.029690232,0,0,0.015223162,5.109983202,4.572134846,0,162.3919161
7,6,2,21.09531851,70.358356,-12.05151253,67.26611529,0,0,0,0.014732604,4.870066747,4.422700422,0,155.975777
7,6,3,21.26796102,71.10017238,-12.05151253,67.50143057,0,0,0,0.014213717,4.887103573,4.473635782,0,157.1930045
7,6,4,21.34466581,72.09795292,-12.05151253,67.81673396,0,0,0,0.014027825,4.909931539,4.533484615,0,158.6652841
7,6,5,18.61407339,61.687025,-12.05151253,61.06528133,0,0,0,0.013847865,4.421126368,3.801501932,0,137.5513434
7,6,6,19.91816094,65.54580174,-12.05151253,63.03173166,0,0,0,0.013628887,4.563497372,4.089073473,0,145.1103815
7,6,7,18.94717537,62.27722422,-12.05151253,61.88775137,0,0,0,0.013888658,4.480673199,3.852929809,0,139.4081301
7,6,8,17.05519591,54.65086073,-12.05151253,57.78619401,0,0,0,0.014281704,4.183720447,3.322758107,0,124.9614984
7,6,9,18.15792416,58.36552712,-12.05151253,60.34533029,0,0,0,0.015060397,4.369001913,3.591086988,0,132.7924183
7,6,10,17.49527348,55.99340997,-12.05151253,58.49772577,0,0,0,0.014659469,4.235235345,3.42205042,0,127.6068419
7,6,11,15.41186779,47.57251867,-12.05151253,52.18413827,0,0,0,0.014285717,3.77813161,2.836961077,0,109.7463906
7,6,12,13.57766061,39.1849412,-12.05151253,46.85536696,0,0,0,0.014309276,3.392328568,2.267607672,0,93.24070175
7,6,13,11.31340173,30.75878658,-12.05151253,41.85238143,0.178141391,0,0,0.014374917,3.030112416,1.672151641,0,76.76783757
7,6,14,15.76283492,48.59261729,-12.05151253,53.86043489,0.356282783,0,0,0.015783905,3.899495486,2.91332944,0,113.3492662
7,6,15,16.73949695,52.00489838,-12.05151253,57.1178414,2.434599015,0,0,0.016476718,4.135331718,3.157793571,0,123.5549252
7,6,16,21.745315,67.55482524,-12.05151253,71.99391435,5.375422705,0,0,0.021497151,5.212359399,4.302748563,0,164.1545699
7,6,17,27.33203929,83.93956321,-12.05151253,91.14596023,14.30923953,0,0,0.025484683,6.598967521,5.526559011,0,216.8263009
7,6,18,18.05097983,50.91460797,-12.05151253,73.64889415,38.66655759,0,0,0.033171769,5.332179937,3.170113993,0,177.7649927
7,6,19,21.59416724,64.83446481,-12.05151253,81.8332467,30.85381597,0,0,0.042047748,5.924727061,4.142805557,0,197.1737626
7,6,20,24.01740545,72.75302016,-12.05151253,79.53236186,18.24565374,0,0,0.025603888,5.758142999,4.718843459,0,192.999519
7,6,21,21.95018793,68.56491246,-12.05151253,71.41544913,17.7409198,0,0,0.018608594,5.170478517,4.370421844,0,177.1794657
7,6,22,18.50204997,58.48454608,-12.05151253,60.76818717,18.57224629,0,0,0.015163409,4.399616751,3.616884152,0,152.3071813
7,6,23,20.87537936,68.29741648,-12.05151253,69.62612915,17.58151831,0,0,0.01645822,5.040931751,4.29565548,0,173.6819762
7,7,0,21.07336645,70.27737675,-12.05151253,70.0899755,3.651898523,0,0,0.015675882,5.074514226,4.416967148,0,162.5482619
7,7,1,21.33147782,71.22640154,-12.05151253,69.10405255,0.029690232,0,0,0.014738878,5.003133405,4.484204632,0,159.1421865
7,7,2,21.52022377,70.1538873,-12.05151253,69.3817967,0,0,0,0.016884559,5.023242081,4.434978739,0,158.4795006
7,7,3,19.51555026,63.92584188,-12.05151253,63.53108308,0,0,0,0.015746514,4.599650415,3.976416294,0,143.5127759
7,7,4,21.0319837,69.10630844,-12.05151253,68.71743246,0,0,0,0.01633185,4.97514211,4.349433624,0,156.1451197
7,7,5,18.42025993,56.77225203,-12.05151253,61.16260532,0,0,0,0.016625407,4.428172625,3.516953668,0,132.2653565
7,7,6,16.85203359,53.88452477,-12.05151253,55.47885974,0,0,0,0.014249969,4.016669445,3.268757053,0,121.463582
7,7,7,4.869601421,7.071843075,-12.05151253,20.79709355,0,0,0,0.012523113,1.505709573,-0.00613079,0,22.19912741
7,7,8,4.608590405,5.943084963,-12.05151253,19.70556234,0,0,0,0.011951382,1.426682714,-0.08354093,0,19.56081834
7,7,9,3.785591861,4.815728358,-12.05151253,16.21580534,0,0,0,0.011097536,1.174024307,-0.192175712,0,13.75855916
7,7,10,3.372771865,3.174827115,-12.05151253,14.59167079,0,0,0,0.010798809,1.056436965,-0.306567985,0,9.848425028
7,7,11,2.96413119,0.764698159,-12.05151253,13.39168511,0,0,0,0.010769207,0.969558002,-0.463573453,0,5.585755676
7,7,12,3.027692921,0.678596269,-12.05151253,13.59653696,0,0,0,0.011254466,0.984389276,-0.46482894,0,5.782128423
7,7,13,3.172823501,0.765137934,-12.05151253,14.31174054,0.178141391,0,0,0.011652178,1.036170015,-0.451924796,0,6.97222823
7,7,14,4.211542241,2.052297527,-12.05151253,18.70360602,0.356282783,0,0,0.013133691,1.354141076,-0.322373373,0,14.31711743
7,7,15,5.071148324,4.943286309,-12.05151253,22.20168342,2.434599015,0,0,0.014308812,1.60740188,-0.113465239,0,24.10744999
7,7,16,13.8849713,41.89498397,-12.05151253,50.59554612,5.375422705,0,0,0.016451543,3.663117539,2.43567426,0,105.8146549
7,7,17,25.31938482,77.61075862,-12.05151253,84.97181722,14.30923953,0,0,0.024544011,6.151959567,5.061939741,0,201.398131
7,7,18,22.55994788,69.57415569,-12.05151253,72.79587279,38.66655759,0,0,0.020627456,5.27042119,4.460600321,0,201.2966704
7,7,19,18.07232598,52.4381591,-12.05151253,63.03010914,30.85381597,0,0,0.020614654,4.563379901,3.256164771,0,160.183057
7,7,20,18.29460826,53.99491804,-12.05151253,62.57995657,18.24565374,0,0,0.020467689,4.530788855,3.355257367,0,148.970138
7,7,21,18.27510034,54.91776334,-12.05151253,62.29747164,17.7409198,0,0,0.018967251,4.510336947,3.405573259,0,149.11462
7,7,22,17.28806099,53.21271226,-12.05151253,58.71260517,18.57224629,0,0,0.017645125,4.250792614,3.255623822,0,143.2581737
7,7,23,22.8482282,75.58915523,-12.05151253,76.87614328,17.58151831,0,0,0.018603347,5.565832774,4.811693009,0,191.2396616
7,8,0,24.71190654,83.45196013,-12.05151253,77.97227537,3.651898523,0,0,0.015624134,5.645192737,5.353458126,0,188.750803
7,8,1,21.74373006,71.7751336,-12.05151253,69.14163989,0.029690232,0,0,0.016624615,5.005854728,4.537731458,0,160.198892
7,8,2,19.44127458,62.15054407,-12.05151253,62.8367352,0,0,0,0.014746182,4.549379629,3.873395051,0,140.8145622
7,8,3,19.09949798,61.76189722,-12.05151253,61.99267676,0,0,0,0.014816661,4.488269797,3.832710465,0,139.1383563
7,8,4,18.66517202,60.09267038,-12.05151253,61.23967547,0,0,0,0.014988324,4.433752504,3.715542574,0,136.1102887
7,8,5,12.63619947,37.65492407,-12.05151253,47.25853032,0,0,0,0.016216296,3.421517595,2.129946333,0,91.06582154
7,8,6,7.052574717,10.90377611,-12.05151253,29.5032754,0,0,0,0.013733825,2.136037139,0.328899493,0,37.88678415
7,8,7,3.676554118,1.228924484,-12.05151253,16.77384926,0,0,0,0.011163747,1.214426686,-0.39803409,0,10.45537167
7,8,8,2.466776166,1.020655249,-12.05151253,11.5853098,0,0,0,0.007008785,0.83877643,-0.477019318,0,3.389994578
7,8,9,3.093196129,1.020075876,-12.05151253,14.37347068,0,0,0,0.010467535,1.040639277,-0.442159997,0,7.044176964
7,8,10,2.992397533,1.105455303,-12.05151253,13.9094482,0,0,0,0.009917321,1.00704405,-0.443018845,0,6.529731027
7,8,11,3.874077264,6.261792414,-12.05151253,16.33982328,0,0,0,0.010270123,1.183003206,-0.106701307,0,15.51075245
7,8,12,2.472005738,0.634089668,-12.05151253,11.36040373,0,0,0,0.009830407,0.82249323,-0.498259734,0,2.7490505
7,8,13,2.735631931,7.22978E-09,-12.05151253,12.45229983,0.178141391,0,0,0.010416541,0.901546508,-0.518894549,0,3.707629125
7,8,14,2.833850372,0.011342036,-12.05151253,12.95570724,0.356282783,0,0,0.01121405,0.937993204,-0.512792031,0,4.542085119
7,8,15,3.111967473,0.129069861,-12.05151253,14.20101538,2.434599015,0,0,0.011955921,1.028153513,-0.490743469,0,8.37450516
7,8,16,9.899021435,24.90772117,-12.05151253,38.75395927,5.375422705,0,0,0.01475386,2.805786651,1.267466315,0,70.97261887
7,8,17,26.63233963,82.66156645,-12.05151253,88.30507509,14.30923953,0,0,0.02452606,6.393287436,5.416401321,0,211.690923
7,8,18,25.121826,82.14603906,-12.05151253,80.00332485,38.66655759,0,0,0.018716028,5.792240719,5.303550836,0,225.0007425
7,8,19,19.04589591,56.36979241,-12.05151253,65.20910084,30.85381597,0,0,0.021549374,4.721138901,3.529384591,0,167.6991655
7,8,20,18.13408261,54.67927324,-12.05151253,62.31006499,18.24565374,0,0,0.019903029,4.511248705,3.384434673,0,149.2331485
7,8,21,16.38771709,48.62636268,-12.05151253,56.32205618,17.7409198,0,0,0.017403987,4.077716868,2.950014995,0,134.0706791
7,8,22,14.82455863,42.54051047,-12.05151253,50.98021687,18.57224629,0,0,0.018661784,3.690967702,2.5239651,0,121.0996143
7,8,23,16.5852017,51.57089515,-12.05151253,57.23248342,17.58151831,0,0,0.018655465,4.1436318,3.125025346,0,138.2058986
7,9,0,17.44833663,54.24038994,-12.05151253,59.65979532,3.651898523,0,0,0.016945855,4.319369181,3.321792822,0,130.6070157
7,9,1,21.56554336,69.82030535,-12.05151253,70.30247635,0.029690232,0,0,0.017795126,5.089899288,4.418922525,0,159.1931197
7,9,2,21.4406309,69.83155096,-12.05151253,68.28160316,0,0,0,0.017169831,4.943588069,4.412591281,0,156.8756217
7,9,3,17.97802762,58.08997796,-12.05151253,60.47108885,0,0,0,0.016823784,4.378106833,3.565718663,0,132.4482312
7,9,4,18.43797513,58.72736169,-12.05151253,62.4808239,0,0,0,0.017726183,4.52361165,3.626840012,0,135.762826
7,9,5,18.7539478,57.87613366,-12.05151253,63.75525589,0,0,0,0.01837197,4.615880527,3.597026289,0,136.5651036
7,9,6,9.842989251,23.95581433,-12.05151253,37.54754756,0,0,0,0.014893783,2.718442444,1.211324111,0,63.23949894
7,9,7,4.644048379,1.914250333,-12.05151253,20.53882781,0,0,0,0.013990063,1.487011134,-0.30597201,0,16.24064318
7,9,8,4.729717472,2.800490932,-12.05151253,21.04571461,0,0,0,0.013501525,1.523709738,-0.25183664,0,17.8097851
7,9,9,4.351191376,3.083039234,-12.05151253,19.48117122,0,0,0,0.012775669,1.410436796,-0.257182603,0,16.02991915
7,9,10,3.939829872,1.813004149,-12.05151253,17.92540692,0,0,0,0.012768772,1.297799461,-0.350836393,0,12.58646024
7,9,11,4.838834938,5.427444196,-12.05151253,19.96480832,0,0,0,0.012659586,1.445452122,-0.0994375,0,19.53824912
7,9,12,4.115339886,2.84349851,-12.05151253,18.34025495,0,0,0,0.012766077,1.327834458,-0.283661949,0,14.3045194
7,9,13,4.184933621,2.906600599,-12.05151253,18.1243595,0.178141391,0,0,0.012749441,1.312203628,-0.276270792,0,14.39120486
7,9,14,3.539512263,0.193743378,-12.05151253,15.89512008,0.356282783,0,0,0.012291705,1.150806694,-0.463326909,0,8.632917459
7,9,15,3.656338969,0.297518844,-12.05151253,16.48201427,2.434599015,0,0,0.013315646,1.193297833,-0.451039368,0,11.57453268
7,9,16,4.493833318,1.274913289,-12.05151253,19.98285987,5.375422705,2430.709706,0,0.014421228,1.446759055,-0.349950062,0,2450.896453
7,9,17,22.59421198,69.22551686,-12.05151253,76.56043209,14.30923953,2464.878727,0,0.022605394,5.542975284,4.443089648,0,2645.525285
7,9,18,26.03834364,86.65388118,-12.05151253,83.65948142,38.66655759,2428.953003,0,0.020548592,6.056946455,5.605687674,0,2663.602937
7,9,19,21.60918406,65.8241788,-12.05151253,71.38082031,30.85381597,0,0,0.021290474,5.167971391,4.198769063,0,187.0045175
7,9,20,18.32344933,54.54274709,-12.05151253,63.2783716,18.24565374,0,0,0.02064692,4.581354104,3.387377892,0,150.3280881
7,9,21,17.61278539,52.83941952,-12.05151253,60.1793352,17.7409198,0,0,0.018416108,4.356983869,3.252918565,0,143.9492659
7,9,22,16.70433058,49.41460688,-12.05151253,57.56603657,18.57224629,0,0,0.02045107,4.167781048,3.011555569,0,137.4054955
7,9,23,17.68464682,53.57792577,-12.05151253,60.09616772,17.58151831,0,0,0.019121173,4.350962543,3.298056045,0,144.5568859
7,10,0,23.86523599,77.51007753,-12.05151253,78.89498529,3.651898523,0,0,0.017583614,5.711996935,4.975335715,0,182.5756011
7,10,1,21.61272953,69.95507184,-12.05151253,69.71819307,0.029690232,0,0,0.017665494,5.047597178,4.429057288,0,158.7584921
7,10,2,19.72394015,62.33239558,-12.05151253,64.58520975,0,0,0,0.017048289,4.675969186,3.899268652,0,143.1823191
7,10,3,19.23267052,61.38747516,-12.05151253,62.87070095,0,0,0,0.016799842,4.551838749,3.819272867,0,139.8272456
7,10,4,18.66728579,59.47382068,-12.05151253,61.56041113,0,0,0,0.01683753,4.456973766,3.681190382,0,135.8050067
7,10,5,14.86619082,45.11749211,-12.05151253,53.01835684,0,0,0,0.016920759,3.838529035,2.669821891,0,107.4757989
7,10,6,9.36169644,23.11029797,-12.05151253,36.23544391,0,0,0,0.014348631,2.623446139,1.137420841,0,60.4311414
7,10,7,5.168683219,4.066572012,-12.05151253,22.70467327,0,0,0,0.013717513,1.643818345,-0.156865532,0,21.38908629
7,10,8,4.475104986,2.842185484,-12.05151253,19.94121664,0,0,0,0.01324907,1.443744085,-0.263696169,0,16.40029156
7,10,9,4.859636765,3.274697833,-12.05151253,21.46809653,0,0,0,0.013004921,1.554290189,-0.218186811,0,18.9000269
7,10,10,5.045617655,4.705442837,-12.05151253,21.74960866,0,0,0,0.01285048,1.574671667,-0.128135179,0,20.90854359
7,10,11,3.98565571,2.81581929,-12.05151253,17.64400663,0,0,0,0.012025682,1.27742608,-0.292427091,0,13.39099377
7,10,12,3.274003466,4.475219604,-12.05151253,14.27550104,0,0,0,0.010330654,1.033546275,-0.239637523,0,10.77745098
7,10,13,3.766707636,1.944011206,-12.05151253,16.7653738,0.178141391,0,0,0.011984729,1.213813063,-0.353182209,0,11.47533708
7,10,14,3.316879136,0.611656549,-12.05151253,14.83572936,0.356282783,0,0,0.010987746,1.074106805,-0.45244981,0,7.70168003
7,10,15,3.655869388,1.093179289,-12.05151253,16.33951391,2.434599015,0,0,0.012481642,1.182980807,-0.406747237,0,12.26036428
7,10,16,6.441986198,9.161504307,-12.05151253,27.35260659,5.375422705,0,0,0.015994029,1.980328717,0.197845173,0,38.47417519
7,10,17,23.84945732,73.39874023,-12.05151253,80.11298463,14.30923953,0,2987.576596,0.0222952,5.800180087,4.745455355,0,3177.763436
7,10,18,24.62620638,78.45599086,-12.05151253,78.15024088,38.66655759,0,2911.507556,0.019611456,5.65807744,5.070409138,0,3130.103137
7,10,19,21.21068043,64.65061482,-12.05151253,69.70075083,30.85381597,0,0,0.020522762,5.04633436,4.111204898,0,183.5424115
7,10,20,17.8613157,53.12982695,-12.05151253,61.32970294,18.24565374,0,0,0.019504092,4.440270493,3.282937397,0,146.2576988
7,10,21,15.02032962,40.4903984,-12.05151253,51.68342436,17.7409198,0,0,0.017322973,3.741879924,2.420678303,0,119.0634408
7,10,22,15.79146095,45.7241458,-12.05151253,54.46763735,18.57224629,0,0,0.016980644,3.943456944,2.755150048,0,129.2195655
7,10,23,16.6901557,50.56394538,-12.05151253,57.83923102,17.58151831,0,0,0.018720401,4.187560326,3.074784182,0,137.9044028
7,11,0,16.09154421,49.5419935,-12.05151253,55.75942111,0,0,0,0.017671576,4.036982088,2.984518803,0,116.3806188
7,11,1,15.26987787,46.2244086,-12.05151253,52.85568599,0,0,0,0.016807964,3.826751665,2.753962508,0,108.8959821
7,11,2,19.99921578,63.859619,-12.05151253,65.03428002,0,0,0,0.017381519,4.708481874,3.999667849,0,145.5671335
7,11,3,18.53384357,59.35141129,-12.05151253,61.4600851,0,0,0,0.015181171,4.449710161,3.666939447,0,135.4256582
7,11,4,18.5617382,59.40330918,-12.05151253,66.49002329,0,0,0,0.015175828,4.813877686,3.671383891,0,140.9039955
7,11,5,18.12739809,56.76285576,-12.05151253,60.8850948,0,0,0,0.015028843,4.408080863,3.500117892,0,131.6470637
7,11,6,6.339579898,9.08813427,-12.05151253,27.0489739,0,0,0,0.013761399,1.95834571,0.188054431,0,32.58533707
7,11,7,3.303063635,1.339210427,-12.05151253,14.76750136,0,0,0,0.009864126,1.069167098,-0.412694583,0,8.024599529
7,11,8,3.379983925,2.991696057,-12.05151253,14.98000439,0,0,0,0.010254042,1.084552318,-0.316366673,0,10.07861153
7,11,9,3.313758927,2.340760715,-12.05151253,15.06358736,0,0,0,0.010429246,1.090603725,-0.356312504,0,9.411314929
7,11,10,2.902336488,2.34444664,-12.05151253,13.32522424,0,0,0,0.009822906,0.964746235,-0.379023428,0,7.116040548
7,11,11,3.348557732,4.044938478,-12.05151253,14.90140101,0,0,0,0.00981681,1.078861433,-0.259451509,0,11.07261142
7,11,12,3.109786143,4.706192111,-12.05151253,13.10845061,0,0,0,0.009152894,0.949051824,-0.235919259,0,9.595201788
7,11,13,2.047380095,0.878223125,-12.05151253,9.584093504,0,0,0,0.008858701,0.69388837,-0.508313149,0,0.65261811
7,11,14,2.038449195,0.054794237,-12.05151253,9.360365011,0,0,0,0.008526422,0.677690427,-0.554675589,0,-0.466362831
7,11,15,1.685907471,0.01443306,-12.05151253,8.043743175,0,0,0,0.009812533,0.582367006,-0.576560281,0,-2.29180957
7,11,16,2.186846692,0.30889449,-12.05151253,10.17311169,0,0,0,0.010571838,0.736533286,-0.532256464,0,0.832188995
7,11,17,7.320923558,13.57009957,-12.05151253,30.42091261,0,0,0,0.016273448,2.202474073,0.49236074,0,41.97153147
7,11,18,25.0098169,85.58374351,-12.05151253,79.16538289,0,0,0,0.016530465,5.731573721,5.488792067,0,188.944327
7,11,19,15.67911728,46.2593607,-12.05151253,52.38794935,0,0,0,0.016435095,3.792887533,2.778703975,0,108.8629414
7,11,20,17.89511588,54.18541266,-12.05151253,59.95463024,0,0,0,0.017572118,4.34071523,3.343616192,0,127.6855498
7,11,21,17.31906527,51.72451693,-12.05151253,58.36591344,0,0,0,0.017526513,4.225692133,3.17445828,0,122.77566
7,11,22,18.67036765,56.10850985,-12.05151253,62.83422057,0,0,0,0.016814932,4.549197569,3.493914229,0,133.6215123
7,11,23,17.84373402,54.71165506,-12.05151253,60.14076223,0,0,0,0.016280589,4.354191186,3.370065923,0,128.3851765
7,12,0,14.82740502,44.67492001,-12.05151253,51.69302033,0,0,0,0.016007633,3.742574672,2.643010256,0,105.5454254
7,12,1,16.96706368,51.51500078,-12.05151253,57.46939205,0,0,0,0.017063403,4.160783984,3.143181742,0,121.2209731
7,12,2,18.20898698,57.35267057,-12.05151253,60.49406535,0,0,0,0.01616685,4.379770331,3.537515077,0,131.9376626
7,12,3,17.91579635,58.74307719,-12.05151253,63.93525834,0,0,0,0.015467985,4.628912704,3.598630008,0,136.78563
7,12,4,16.40816159,49.98564522,-12.05151253,57.17771053,0,0,0,0.017339212,4.139666243,3.026865791,0,118.7038761
7,12,5,19.11700265,59.54231945,-12.05151253,63.51924394,0,0,0,0.016987387,4.598793262,3.710054993,0,138.4528892
7,12,6,6.031498549,7.227887663,-12.05151253,26.00785085,0,0,0,0.014266845,1.882968402,0.067278564,0,29.18023834
7,12,7,2.645397348,0.690092408,-12.05151253,12.55108029,0,0,0,0.012638307,0.908698213,-0.485482469,0,4.270911561
7,12,8,1.900702537,1.101932329,-12.05151253,9.189923845,0,0,0,0.007476972,0.665350486,-0.504022486,0,0.309851149
7,12,9,2.23676105,1.624415914,-12.05151253,10.40128334,0,0,0,0.004610281,0.753052914,-0.456201691,0,2.512409275
7,12,10,1.831386433,1.69620449,-12.05151253,8.555024068,0,0,0,0.003068726,0.619383743,-0.474782434,0,0.178772491
7,12,11,2.34370499,4.976716389,-12.05151253,9.72461415,0,0,0,0.002924832,0.704062064,-0.263521777,0,5.436988113
7,12,12,1.404614863,1.550923097,-12.05151253,6.705300857,0,0,0,0.002788291,0.485463782,-0.506645784,0,-2.409067428
7,12,13,0.946066887,0.536738545,-12.05151253,4.433112737,0,0,0,0.002645975,0.320957362,-0.588676986,0,-6.400668013
7,12,14,1.077214496,9.6159E-09,-12.05151253,5.025140196,0,0,0,0.002732861,0.36382015,-0.6112684,0,-6.193873222
7,12,15,0.616987962,-7.54568E-10,-12.05151253,3.035214555,0,0,0,0.002180303,0.219749534,-0.636903019,0,-8.814283201
7,12,16,1.735071087,0.209187377,-12.05151253,8.185540075,0,0,0,0.009106407,0.592633101,-0.562974052,0,-1.882948539
7,12,17,7.092080218,8.795438161,-12.05151253,30.24446128,0,0,0,0.017096447,2.189698997,0.213665526,0,36.50092809
7,12,18,24.66153187,77.82808239,-12.05151253,80.21554984,0,0,0,0.017980308,5.807605808,5.037402266,0,181.5166399
7,12,19,22.47271016,69.16907033,-12.05151253,70.4628186,0,0,0,0.017022953,5.101508067,4.433177925,0,159.6047955
7,12,20,16.71544954,49.11346815,-12.05151253,57.23608013,0,0,0,0.016887571,4.143892202,2.995401467,0,118.1696665
7,12,21,15.58955493,45.36319476,-12.05151253,53.34210754,0,0,0,0.015636817,3.861968586,2.723798909,0,108.844749
7,12,22,17.363706,50.93938207,-12.05151253,59.98152967,0,0,0,0.018933523,4.342662748,3.133212757,0,123.7279142
7,12,23,17.64578247,54.88364681,-12.05151253,60.78264444,0,0,0,0.017427099,4.400663458,3.368619963,0,129.0472717
7,13,0,18.16617828,58.12364485,-12.05151253,61.50682173,0,0,0,0.016758987,4.453093893,3.5780739,0,133.7930591
7,13,1,16.46632271,51.16418943,-12.05151253,56.48161952,0,0,0,0.016303116,4.089269253,3.095750278,0,119.2619418
7,13,2,17.75469251,55.93433466,-12.05151253,60.13400443,0,0,0,0.01576485,4.353701921,3.433209565,0,129.5741954
7,13,3,15.87268194,49.1152913,-12.05151253,55.28033827,0,0,0,0.015996423,4.002296491,2.948560861,0,115.1836528
7,13,4,15.11747021,47.35170582,-12.05151253,52.37986789,0,0,0,0.015615544,3.792302435,2.808263856,0,109.4137132
7,13,5,14.98159945,45.30008057,-12.05151253,52.09909323,0,0,0,0.015389772,3.77197435,2.686420329,0,106.8030452
7,13,6,4.862150034,3.371460868,-12.05151253,21.23018009,0,0,0,0.013141386,1.537065038,-0.212657121,0,18.74982776
7,13,7,3.039300219,1.271584456,-12.05151253,13.93094928,0,0,0,0.012922687,1.008600728,-0.431152972,0,6.78069186
7,13,8,0.415684774,1.293226355,-12.05151253,2.189085299,0,0,0,0.001370972,0.158489776,-0.576082898,0,-8.569738256
7,13,9,1.145227143,1.414466589,-12.05151253,5.678368181,0,0,0,0.007998491,0.411113856,-0.528694307,0,-3.923032581
7,13,10,0.826393384,3.200923639,-12.05151253,4.023256228,0,0,0,0.001613833,0.291283751,-0.44694769,0,-4.154989391
7,13,11,0.737111074,3.395337269,-12.05151253,3.217136706,0,0,0,0.000532345,0.232920698,-0.441091875,0,-4.909566318
7,13,12,1.112326452,0.871422809,-12.05151253,5.184989875,0,0,0,0.003580592,0.375393267,-0.560774414,0,-5.064573954
7,13,13,0.328251165,1.38169E-09,-12.05151253,1.696380482,0,0,0,0.001706461,0.122817947,-0.652985658,0,-10.55534214
7,13,14,0.067356024,-7.87151E-10,-12.05151253,0.403728798,0,0,0,0.00084107,0.029229965,-0.667517518,0,-12.2178742
7,13,15,0.030783057,-3.59744E-10,-12.05151253,0.230276739,0,0,0,0.000479725,0.016672036,-0.669554632,0,-12.44285561
7,13,16,0.846406234,0.012484605,-12.05151253,4.225391304,0,0,0,0.005712437,0.30591833,-0.623429028,0,-7.279028651
7,13,17,5.645585492,3.079341859,-12.05151253,24.62952719,0,0,0,0.01446095,1.783177768,-0.185290795,0,22.91528993
7,13,18,24.65467481,78.59154632,-12.05151253,80.35482631,0,0,0,0.017521033,5.817689425,5.079545268,0,182.4642906
7,13,19,18.0144218,53.63233802,-12.05151253,60.12320308,0,0,0,0.016465586,4.352919903,3.319455274,0,127.4072911
7,13,20,16.69867087,49.50032206,-12.05151253,56.51364153,0,0,0,0.015745895,4.091587647,3.016014658,0,117.7844701
7,13,21,17.3574502,52.85732295,-12.05151253,58.38314684,0,0,0,0.016066387,4.226939831,3.239693616,0,124.0291073
7,13,22,16.2903069,48.72889542,-12.05151253,55.32474525,0,0,0,0.017338124,4.005511556,2.950300321,0,115.265585
7,13,23,15.61924018,47.70109398,-12.05151253,52.31708407,0,0,0,0.014851598,3.787756887,2.855673364,0,110.2441875
7,14,0,15.92575555,48.10027817,-12.05151253,53.27130569,0,0,0,0.015234086,3.856842532,2.89498083,0,112.0128843
7,14,1,15.29755003,44.96565198,-12.05151253,52.17156012,0,0,0,0.017015804,3.777220953,2.685391103,0,106.8628775
7,14,2,19.14791911,61.44148062,-12.05151253,64.01558436,0,0,0,0.018183281,4.634728308,3.817560317,0,141.0239435
7,14,3,17.3522086,53.9276272,-12.05151253,59.40491196,0,0,0,0.018022151,4.300915626,3.299017606,0,126.2511906
7,14,4,17.73730701,56.18053963,-12.05151253,61.00633119,0,0,0,0.01899449,4.416858378,3.44595481,0,130.754473
7,14,5,16.61287609,53.86269068,-12.05151253,57.40228563,0,0,0,0.015124275,4.15592548,3.254219821,0,123.2516094
7,14,6,4.653443043,2.208546821,-12.05151253,20.6208564,0,0,0,0.01275284,1.492950003,-0.289056413,0,16.64798016
7,14,7,0.999414784,3.062048762,-12.05151253,4.379949516,0,0,0,0.001110899,0.317108345,-0.445045729,0,-3.736925958
7,14,8,0.827787691,2.183156111,-12.05151253,3.661880277,0,0,0,0.000957554,0.265120132,-0.503559678,0,-5.616170448
7,14,9,0.987764613,2.683322799,-12.05151253,4.386034489,0,0,0,0.001420337,0.317548897,-0.466789679,0,-4.142211079
7,14,10,0.286858731,0.302328046,-12.05151253,1.683118521,0,0,0,0.000552204,0.121857781,-0.638451545,0,-10.2952488
7,14,11,0.617492712,0.390845777,-12.05151253,2.894517858,0,0,0,0.001366052,0.209563093,-0.615104794,0,-8.552831836
7,14,12,0.304626448,6.83973E-10,-12.05151253,1.458538812,0,0,0,0.000216639,0.10559821,-0.654301555,0,-10.83683398
7,14,13,0,0,-12.05151253,0,0,0,0,0,0,-0.671269248,0,-12.72278178
7,14,14,0,0,-12.05151253,0,0,0,0,0,0,-0.671269248,0,-12.72278178
7,14,15,0,0,-12.05151253,0,0,0,0,0,0,-0.671269248,0,-12.72278178
7,14,16,0.18312652,-2.39965E-11,-12.05151253,1.040357572,0,0,0,0.001021009,0.075321888,-0.661069101,0,-11.41275465
7,14,17,5.362008731,2.641328503,-12.05151253,23.47335692,0,0,0,0.01723075,1.699471041,-0.225483364,0,20.91640005
7,14,18,24.88155914,77.66692939,-12.05151253,80.51090896,0,0,0,0.019008333,5.828989809,5.040681563,0,181.8965647
7,14,19,19.18754513,60.60506241,-12.05151253,65.20096984,0,0,0,0.017544327,4.720550217,3.773178992,0,141.4533384
7,14,20,16.21147842,45.95919283,-12.05151253,55.86564086,0,0,0,0.019362413,4.044672398,2.791637141,0,112.8404715
7,14,21,16.08757236,46.41163125,-12.05151253,55.29064229,0,0,0,0.018218794,4.003042502,2.809936393,0,112.5695311
7,14,22,15.48107017,44.57467255,-12.05151253,53.68116824,0,0,0,0.018350732,3.88651658,2.673835621,0,108.2641014
7,14,23,14.30585081,41.41234117,-12.05151253,49.85764562,0,0,0,0.016772649,3.609693543,2.432234045,0,99.5830253
7,15,0,13.41361576,38.03945923,-12.05151253,47.29887918,0,0,0,0.017533332,3.424438852,2.194667028,0,92.33708084
7,15,1,15.81464268,49.08073673,-12.05151253,56.47702762,0,0,0,0.018190329,4.088936799,2.943403385,0,116.371425
7,15,2,20.39421741,64.6193057,-12.05151253,67.02367611,0,0,0,0.018699965,4.85251415,4.063983989,0,148.9208848
7,15,3,18.25891156,57.74658081,-12.05151253,61.92178832,0,0,0,0.016935334,4.483137475,3.562236677,0,133.9380776
7,15,4,12.36591482,33.07030728,-12.05151253,43.8265624,0,0,0,0.016471883,3.173043118,1.859528323,0,82.26031529
7,15,5,12.38922843,35.54203284,-12.05151253,43.59945387,0,0,0,0.013614056,3.15660046,1.998502005,0,84.64791913
7,15,6,3.06506758,5.64375219,-12.05151253,12.00767087,0,0,0,0.007837208,0.869355371,-0.186187987,0,9.355982701
7,15,7,0.51113913,2.18279799,-12.05151253,2.195615873,0,0,0,0.000102572,0.158962589,-0.521216951,0,-7.524111331
7,15,8,0.771772905,3.830651653,-12.05151253,3.009275099,0,0,0,0.000237333,0.217871517,-0.4149142,0,-4.636618227
7,15,9,0.424503334,0.2743845,-12.05151253,2.244634754,0,0,0,0.002472285,0.162511556,-0.632341196,0,-9.575347301
7,15,10,0.764815499,0.025413567,-12.05151253,3.56232163,0,0,0,0.001150234,0.257912086,-0.627253489,0,-8.067153009
7,15,11,0.053365762,8.43372E-11,-12.05151253,0.307814513,0,0,0,4.6734E-05,0.022285771,-0.668296775,0,-12.33629653
7,15,12,0,0,-12.05151253,0,0,0,0,0,0,-0.671269248,0,-12.72278178
7,15,13,0,0,-12.05151253,0,0,0,0,0,0,-0.671269248,0,-12.72278178
7,15,14,0,0,-12.05151253,0,0,0,0,0,0,-0.671269248,0,-12.72278178
7,15,15,0,0,-12.05151253,0,0,0,0,0,0,-0.671269248,0,-12.72278178
7,15,16,0.052087748,-4.86904E-10,-12.05151253,0.410575543,0,0,0,0.000742015,0.029725669,-0.668367961,0,-12.22674952
7,15,17,6.608146292,4.899490713,-12.05151253,28.72507966,0,0,0,0.018503215,2.079695767,-0.030293867,0,30.24910924
7,15,18,23.88359206,73.89142145,-12.05151253,77.96625036,0,0,0,0.018206531,5.644756526,4.774799004,0,174.1275134
7,15,19,21.9408753,65.84941603,-12.05151253,76.51994992,0,0,0,0.0197266,5.540044374,4.218649979,0,162.0371497
7,15,20,15.31430502,44.77430452,-12.05151253,53.68839701,0,0,0,0.017915722,3.887039944,2.675666303,0,108.306116
7,15,21,14.70167038,42.78821028,-12.05151253,51.75702298,0,0,0,0.016518631,3.747208464,2.530917104,0,103.4900353
7,15,22,12.93266406,36.3215754,-12.05151253,46.37696539,0,0,0,0.017555273,3.357692294,2.07219189,0,89.02713177
7,15,23,13.21234305,38.25271616,-12.05151253,46.61255534,0,0,0,0.016205924,3.374749006,2.195334549,0,91.61239149
7,16,0,14.49734875,42.20111794,-12.05151253,50.06238727,0,0,0,0.017268507,3.624516839,2.486835347,0,100.8379621
7,16,1,21.84043965,71.98017421,-12.05151253,70.68784277,0,0,0,0.01823189,5.117799817,4.554538944,0,162.1475147
7,16,2,22.84548722,76.29234459,-12.05151253,74.4220702,0,0,0,0.019186828,5.388157882,4.850707983,0,171.7664422
7,16,3,17.10025935,55.95819222,-12.05151253,60.29389154,0,0,0,0.018264208,4.365277748,3.398086504,0,129.082459
7,16,4,14.08937135,43.72053194,-12.05151253,50.62055893,0,0,0,0.015722943,3.664928466,2.548742365,0,102.6083435
7,16,5,10.40978266,30.75158672,-12.05151253,40.13127428,0,0,0,0.014530979,2.905504258,1.621419026,0,73.78258539
7,16,6,5.904781463,6.976708556,-12.05151253,25.2229977,0,0,0,0.013486473,1.826145034,0.046229746,0,27.93883644
7,16,7,3.007925541,2.159558893,-12.05151253,13.75575095,0,0,0,0.013333752,0.995916368,-0.383440365,0,7.4975326
7,16,8,1.669954602,2.203920165,-12.05151253,7.764707285,0,0,0,0.009941442,0.562164807,-0.455494424,0,-0.296318656
7,16,9,2.76438492,2.854478168,-12.05151253,12.91068554,0,0,0,0.012353171,0.934733633,-0.358298574,0,7.066824327
7,16,10,2.88259266,5.89000875,-12.05151253,12.3859737,0,0,0,0.007817111,0.896744496,-0.18263535,0,9.82898883
7,16,11,2.936962157,8.473435946,-12.05151253,12.031174,0,0,0,0.006284229,0.871056997,-0.035710074,0,12.23169072
7,16,12,0.811136391,0.064212834,-12.05151253,3.814025045,0,0,0,0.002084862,0.276135413,-0.622512296,0,-7.706430287
7,16,13,0.674206102,-5.96991E-09,-12.05151253,3.417931716,0,0,0,0.006402028,0.247458256,-0.633715969,0,-8.339230407
7,16,14,0.92525653,-4.52968E-10,-12.05151253,4.466696714,0,0,0,0.00544533,0.323388842,-0.619732459,0,-6.950457578
7,16,15,0.659486362,-2.25394E-09,-12.05151253,3.276236009,0,0,0,0.005065165,0.237199487,-0.634535858,0,-8.508061371
7,16,16,2.050258135,0.011526606,-12.05151253,9.664100396,0,0,0,0.011237185,0.699680869,-0.556427838,0,-0.171137182
7,16,17,13.40296048,38.05695972,-12.05151253,49.27138902,0,0,0,0.01890523,3.567248565,2.195048307,0,94.46099879
7,16,18,27.42760611,89.94074533,-12.05151253,88.27086813,0,0,0,0.018821435,6.390810852,5.866147927,0,205.8634873
7,16,19,22.40200435,70.34352834,-12.05151253,71.66104325,0,0,0,0.019657379,5.188259532,4.494656923,0,162.0576372
7,16,20,19.49251232,58.81598281,-12.05151253,64.97820699,0,0,0,0.018988438,4.704422186,3.690513931,0,139.6491141
7,16,21,17.10634673,49.22822903,-12.05151253,59.18856939,0,0,0,0.019236423,4.285252424,3.023566621,0,120.7996881
7,16,22,17.81618947,52.00034144,-12.05151253,61.60171169,0,0,0,0.01999503,4.459963926,3.217511523,0,127.0642005
7,16,23,16.91085767,50.11618504,-12.05151253,58.04418465,0,0,0,0.017718873,4.202398969,3.062137031,0,120.3019697
7,17,0,16.31245354,49.25379207,-12.05151253,55.61212406,0,0,0,0.015827193,4.026317782,2.980770632,0,116.1497727
7,17,1,22.2158735,73.1759369,-12.05151253,70.42196679,0,0,0,0.017901887,5.098550396,4.642054591,0,163.5207715
7,17,2,22.12350518,70.57142787,-12.05151253,71.69699508,0,0,0,0.018826209,5.190862444,4.491838523,0,162.0419428
7,17,3,16.13923548,48.55947011,-12.05151253,57.72455312,0,0,0,0.018815652,4.179257646,2.932448653,0,117.5022681
7,17,4,15.35703498,48.89438532,-12.05151253,54.04280137,0,0,0,0.01691714,3.912698819,2.907534863,0,113.07986
7,17,5,14.09306491,44.02116718,-12.05151253,51.26528703,0,0,0,0.017507473,3.711606781,2.565693479,0,103.6228143
7,17,6,5.290412144,4.449360078,-12.05151253,22.92468017,0,0,0,0.014159728,1.659746845,-0.128763935,0,22.1580825
7,17,7,3.08135286,1.061693122,-12.05151253,13.98132077,0,0,0,0.010893186,1.012247624,-0.440501587,0,6.655493443
7,17,8,2.878196205,1.758431764,-12.05151253,13.18916796,0,0,0,0.009243609,0.95489576,-0.41300907,0,6.325413692
7,17,9,4.585984198,6.13496025,-12.05151253,18.68691752,0,0,0,0.010520312,1.352932829,-0.074112642,0,18.64568993
7,17,10,3.002869831,2.225385493,-12.05151253,13.87159799,0,0,0,0.010669825,1.004303694,-0.380055427,0,7.683258868
7,17,11,3.882077248,6.751645432,-12.05151253,16.42187684,0,0,0,0.010160523,1.188943883,-0.078970895,0,16.1242205
7,17,12,3.791401332,6.511258419,-12.05151253,16.19869639,0,0,0,0.007860516,1.172785619,-0.0974111,0,15.53307864
7,17,13,2.362508179,0.915603659,-12.05151253,10.69385071,0,0,0,0.008503586,0.774234791,-0.488678419,0,2.214509974
7,17,14,1.848032366,0.015578041,-12.05151253,8.646125116,0,0,0,0.008544072,0.625979458,-0.567466148,0,-1.474719629
7,17,15,1.600350074,0.133186866,-12.05151253,7.634285943,0,0,0,0.007083018,0.552722302,-0.574711241,0,-2.698595573
7,17,16,3.353227193,0.155068131,-12.05151253,15.29879834,0,0,0,0.01382046,1.107633,-0.475857199,0,7.401177388
7,17,17,15.64575548,42.73011431,-12.05151253,57.44644188,0,0,0,0.020210526,4.159122392,2.580266699,0,110.5303987
7,17,18,26.68967784,91.76504687,-12.05151253,85.18401569,0,0,0,0.018322983,6.167322736,5.926658918,0,203.6995325
7,17,19,19.55164835,58.57597882,-12.05151253,64.66593605,0,0,0,0.019697221,4.68181377,3.680439585,0,139.1240013
7,17,20,16.99353955,49.34475563,-12.05151253,58.34096963,0,0,0,0.020533519,4.223886202,3.023773793,0,119.8959458
7,17,21,15.40218166,43.16489138,-12.05151253,52.86621423,0,0,0,0.018647339,3.82751391,2.59091672,0,105.8188527
7,17,22,15.48798391,45.07301248,-12.05151253,53.03933404,0,0,0,0.018212728,3.840047785,2.701978251,0,108.1090567
7,17,23,17.54115415,52.11794528,-12.05151253,59.23142253,0,0,0,0.017745549,4.288354991,3.20874259,0,124.3538526
7,18,0,18.90165289,56.05588341,-12.05151253,63.27157261,0,0,0,0.017378936,4.580861857,3.503865524,0,134.2797027
7,18,1,21.67382172,69.15980927,-12.05151253,71.26454855,0,0,0,0.018425184,5.159553315,4.388163998,0,159.6128095
7,18,2,21.3436439,68.69213025,-12.05151253,69.24541288,0,0,0,0.017726272,5.013367892,4.343723372,0,156.604492
7,18,3,18.922618,61.00689798,-12.05151253,62.63727293,0,0,0,0.017136647,4.53493856,3.780804792,0,138.8481564
7,18,4,20.52428474,65.84243098,-12.05151253,73.51723102,0,0,0,0.018846695,5.322647526,4.139356817,0,157.3132852
7,18,5,19.63747191,61.84184494,-12.05151253,66.01533186,0,0,0,0.01763705,4.779510027,3.867128701,0,144.107412
7,18,6,19.13136741,60.42500738,-12.05151253,64.29003639,0,0,0,0.016388227,4.654598634,3.760020828,0,140.2259063
7,18,7,13.33170769,40.18383372,-12.05151253,47.8491058,0,0,0,0.014154009,3.46427526,2.309546409,0,95.10111036
7,18,8,5.517717078,6.414527997,-12.05151253,23.03158254,0,0,0,0.01263362,1.667486576,-0.006643197,0,24.58579208
7,18,9,5.474923136,7.070070245,-12.05151253,22.79179857,0,0,0,0.012267429,1.650126217,0.027486883,0,24.97515995
7,18,10,4.850616849,4.795456823,-12.05151253,20.94120379,0,0,0,0.011983838,1.516143155,-0.133982945,0,19.92990898
7,18,11,4.739093512,5.954958197,-12.05151253,20.04413591,0,0,0,0.011248521,1.45119544,-0.075610568,0,20.07350847
7,18,12,5.097783314,6.975124312,-12.05151253,21.56505357,0,0,0,0.011929566,1.561309879,0.001191707,0,23.16087981
7,18,13,3.582297101,2.432740482,-12.05151253,15.86473988,0,0,0,0.01004949,1.148607167,-0.336231655,0,10.65068993
7,18,14,3.498972982,2.073787659,-12.05151253,15.41140896,0,0,0,0.009890653,1.115786008,-0.36086648,0,9.697467244
7,18,15,3.402252018,0.194316854,-12.05151253,15.24169845,0,0,0,0.01133148,1.103498968,-0.470940362,0,7.430644876
7,18,16,9.25485951,20.61524287,-12.05151253,35.79334826,0,0,0,0.015195943,2.591438414,0.992495454,0,57.21106792
7,18,17,22.29265988,67.5900544,-12.05151253,75.79302127,0,0,0,0.022047345,5.48741474,4.335197937,0,163.468883
7,18,18,25.26661796,82.15161741,-12.05151253,80.25990175,0,0,0,0.019907611,5.810816887,5.311926462,0,186.7692755
7,18,19,14.87392334,41.42839147,-12.05151253,54.70510553,0,0,0,0.020876404,3.96064964,2.464769687,0,105.4022035
7,18,20,20.1098948,60.69735673,-12.05151253,67.23118677,0,0,0,0.021131469,4.867537922,3.829694662,0,144.7052898
7,18,21,17.95302608,54.5777484,-12.05151253,59.57053847,0,0,0,0.017369438,4.312906985,3.36869489,0,127.7487717
7,18,22,16.5902525,49.35410967,-12.05151253,55.82667944,0,0,0,0.020328262,4.041851591,3.001831725,0,116.7835407
7,18,23,15.35728538,49.91336778,-12.05151253,50.59333831,0,0,0,0.015389948,3.662957694,2.964306133,0,110.4551327
7,19,0,19.12717736,59.02984815,-12.05151253,63.21893298,0,0,0,0.017803809,4.577050748,3.682077073,0,137.6013776
7,19,1,19.88624636,61.90817698,-12.05151253,66.10102398,0,0,0,0.01781408,4.785714136,3.884680132,0,144.5321431
7,19,2,20.08591564,63.41682924,-12.05151253,66.6392607,0,0,0,0.01678638,4.824682475,3.979833642,0,146.9117955
7,19,3,19.90997094,63.44486051,-12.05151253,65.60379663,0,0,0,0.017414305,4.749714876,3.971594864,0,145.6458396
7,19,4,20.81718734,66.11203189,-12.05151253,69.0794281,0,0,0,0.017438094,5.001350594,4.170688263,0,153.1466117
7,19,5,22.02363256,70.48202262,-12.05151253,72.44559988,0,0,0,0.017427561,5.245061431,4.481295745,0,162.6435273
7,19,6,12.55528255,34.25464456,-12.05151253,45.02453681,0,0,0,0.015187849,3.259776465,1.936043692,0,84.99395939
7,19,7,4.696670294,3.775815695,-12.05151253,20.51706598,0,0,0,0.012483612,1.485435577,-0.199351779,0,18.23660685
7,19,8,4.131876511,3.518501686,-12.05151253,18.12937663,0,0,0,0.011465039,1.312566868,-0.245143183,0,14.80713101
7,19,9,4.078283535,2.59975599,-12.05151253,18.08730996,0,0,0,0.011080686,1.309521241,-0.299302447,0,13.73513644
7,19,10,3.528281699,2.672218369,-12.05151253,15.83982275,0,0,0,0.010812347,1.146803167,-0.325901394,0,10.8205244
7,19,11,2.858698834,2.233350854,-12.05151253,12.76947443,0,0,0,0.010121918,0.924509949,-0.387642081,0,6.35700137
7,19,12,2.209139138,2.581798828,-12.05151253,9.802805454,0,0,0,0.008912363,0.709723115,-0.404414003,0,2.856452359
7,19,13,1.990937381,0.006069798,-12.05151253,9.300305298,0,0,0,0.00922002,0.673342104,-0.560035948,0,-0.631673881
7,19,14,2.865029011,0.526452936,-12.05151253,12.96100259,0,0,0,0.010326071,0.938376587,-0.482363704,0,4.767310952
7,19,15,3.073543813,0.742845382,-12.05151253,13.93234541,0,0,0,0.011198153,1.008701808,-0.45869637,0,6.258425665
7,19,16,5.270385031,2.164378257,-12.05151253,23.12423315,0,0,0,0.016003416,1.67419448,-0.257152933,0,19.94052887
7,19,17,23.06339145,70.7498653,-12.05151253,77.83105885,0,0,0,0.021947867,5.63496866,4.554129153,0,169.8038487
7,19,18,26.63268677,87.48931159,-12.05151253,86.90353834,0,0,0,0.020547768,6.291816176,5.68532606,0,200.9717142
7,19,19,21.11818047,61.92935115,-12.05151253,70.1803071,0,0,0,0.022113778,5.081054234,3.954478263,0,150.2339725
7,19,20,19.05449364,55.12409127,-12.05151253,63.91042533,0,0,0,0.020884448,4.627114794,3.460477931,0,134.1459749
7,19,21,18.03520545,49.78419796,-12.05151253,60.2801824,0,0,0,0.018866275,4.364285206,3.106271521,0,123.5374963
7,19,22,13.86337308,35.75458353,-12.05151253,49.23165919,0,0,0,0.023204493,3.564372125,2.092450935,0,92.47813081
7,19,23,13.59809984,38.86185125,-12.05151253,50.49966246,0,0,0,0.01861057,3.656175562,2.250750028,0,96.83363718
7,20,0,12.44358198,34.77694138,-12.05151253,46.18713771,0,0,0,0.016737166,3.343948771,1.958913903,0,86.67574838
7,20,1,14.90014238,45.4879758,-12.05151253,53.27411946,0,0,0,0.017778948,3.857046249,2.692348935,0,108.1778992
7,20,2,16.93987279,54.35828473,-12.05151253,58.99254572,0,0,0,0.017218971,4.27106031,3.300038125,0,125.8275081
7,20,3,21.84837954,71.36412425,-12.05151253,71.05329133,0,0,0,0.018078535,5.144258292,4.520667213,0,161.8972866
7,20,4,22.17349003,72.85103089,-12.05151253,71.82356746,0,0,0,0.017841945,5.200026284,4.621596567,0,164.6360406
7,20,5,20.89660865,66.7353416,-12.05151253,69.27941723,0,0,0,0.017240375,5.015829807,4.209830381,0,154.1027555
7,20,6,9.735183339,20.83457299,-12.05151253,35.29855011,0,0,0,0.015577239,2.555615028,1.031466179,0,57.41945235
7,20,7,4.318144315,3.553920918,-12.05151253,19.03854507,0,0,0,0.012496274,1.378390663,-0.232795215,0,16.01718949
7,20,8,3.733228346,4.259942368,-12.05151253,16.34633788,0,0,0,0.010244952,1.183474863,-0.226049639,0,13.25566624
7,20,9,3.771932778,3.962904375,-12.05151253,16.66333916,0,0,0,0.010931483,1.206425755,-0.240438819,0,13.32358219
7,20,10,3.474009034,3.325028693,-12.05151253,15.63874571,0,0,0,0.011120154,1.132245189,-0.292562847,0,11.2370734
7,20,11,3.661215549,4.43350018,-12.05151253,16.28665827,0,0,0,0.011457157,1.179154059,-0.220393582,0,13.3000791
7,20,12,3.036944885,2.148220846,-12.05151253,13.68684165,0,0,0,0.009555069,0.990927336,-0.382455517,0,7.438521735
7,20,13,2.717515539,0.807514724,-12.05151253,12.25126166,0,0,0,0.008557591,0.886991344,-0.474925063,0,4.14540326
7,20,14,2.57399122,0.023600227,-12.05151253,11.740148,0,0,0,0.009514843,0.849986715,-0.526583405,0,2.619145062
7,20,15,2.648896836,0.004853875,-12.05151253,12.17079163,0,0,0,0.011011841,0.881165314,-0.523455334,0,3.141751623
7,20,16,3.752739596,1.421741259,-12.05151253,16.74855192,0,0,0,0.013000303,1.212595159,-0.383050665,0,10.71406504
7,20,17,17.61308239,49.63218931,-12.05151253,64.71005041,0,0,0,0.022509786,4.685007649,3.074292385,0,127.6856194
7,20,18,27.88314358,91.49506774,-12.05151253,89.82457087,0,0,0,0.021432513,6.503298931,5.978097122,0,209.6540982
7,20,19,25.16141052,77.67208616,-12.05151253,85.18091746,0,0,0,0.022742425,6.167098424,5.056556517,0,187.209299
7,20,20,21.74177108,65.92045232,-12.05151253,72.49397922,0,0,0,0.021993208,5.248564095,4.211516595,0,157.586764
7,20,21,20.54610146,65.24536598,-12.05151253,66.88753064,0,0,0,0.016809946,4.842657219,4.107315488,0,149.5942682
7,20,22,17.54175395,55.47515554,-12.05151253,56.862935,0,0,0,0.014776266,4.116876494,3.39577261,0,125.3557573
7,20,23,16.34115811,50.15276179,-12.05151253,54.87407143,0,0,0,0.015877163,3.972882771,3.03244209,0,116.3376808
7,21,0,19.28245627,60.65748471,-12.05151253,63.54408277,0,0,0,0.015540444,4.600591592,3.781385465,0,139.8300287
7,21,1,18.98939992,61.12128214,-12.05151253,63.08633202,0,0,0,0.016627576,4.567450438,3.790895743,0,139.5204753
7,21,2,18.8884076,60.54336429,-12.05151253,62.60600355,0,0,0,0.016488572,4.532674657,3.753080446,0,138.2885066
7,21,3,19.01399794,61.07068549,-12.05151253,63.02486171,0,0,0,0.016356742,4.562999988,3.789447619,0,139.426837
7,21,4,18.92097485,60.90938305,-12.05151253,62.62150761,0,0,0,0.016180279,4.533797151,3.775281687,0,138.7256121
7,21,5,19.02495832,61.63392049,-12.05151253,61.98066438,0,0,0,0.015775293,4.487400101,3.821430302,0,138.9126364
7,21,6,3.802009428,1.407586996,-12.05151253,16.93687161,0,0,0,0.012516016,1.226229505,-0.381094727,0,10.9526063
7,21,7,0.507149631,0.031103087,-12.05151253,3.016669821,0,0,0,0.004513646,0.218406895,-0.641288572,0,-8.914958025
7,21,8,0.58876182,0.555901759,-12.05151253,3.442893575,0,0,0,0.004284818,0.249265495,-0.607511487,0,-7.817916554
7,21,9,0.966407438,2.025442833,-12.05151253,4.804101501,0,0,0,0.003996686,0.347816949,-0.504623188,0,-4.408370317
7,21,10,1.742298182,4.981686983,-12.05151253,7.655316689,0,0,0,0.00604543,0.554244928,-0.296743274,0,2.591336403
7,21,11,0.883878582,1.067495583,-12.05151253,4.25418782,0,0,0,0.003831093,0.308003198,-0.562577707,0,-6.096693966
7,21,12,0.801958742,0.017825003,-12.05151253,3.840898316,0,0,0,0.004000465,0.278081038,-0.625607294,0,-7.734356264
7,21,13,1.009756553,-6.43434E-09,-12.05151253,4.847595384,0,0,0,0.006696821,0.350965906,-0.615025809,0,-6.451523687
7,21,14,0.308856772,-6.4676E-10,-12.05151253,1.620859594,0,0,0,0.001367516,0.117350235,-0.654065926,0,-10.65714434
7,21,15,0.884756219,-1.94022E-09,-12.05151253,4.271165893,0,0,0,0.004414991,0.309232411,-0.621988327,0,-7.203931351
7,21,16,1.237348973,0.074401231,-12.05151253,5.973111042,0,0,0,0.006395332,0.432453239,-0.598204762,0,-4.926007479
7,21,17,12.69445583,33.78042004,-12.05151253,47.47858473,0,0,0,0.017507713,3.437449534,1.917381337,0,87.27428664
7,21,18,25.13822324,85.1134458,-12.05151253,80.55133924,0,0,0,0.01788741,5.831916961,5.469748717,0,190.0710488
7,21,19,21.14902176,66.60268509,-12.05151253,68.93060398,0,0,0,0.019645206,4.990575728,4.216500823,0,153.8575201
7,21,20,19.91806554,63.38525636,-12.05151253,65.15230597,0,0,0,0.016729571,4.717026952,3.968725782,0,145.1065976
7,21,21,19.20448537,59.25152727,-12.05151253,64.02228632,0,0,0,0.01753549,4.635213529,3.698730656,0,138.7782661
7,21,22,17.8055161,53.4584386,-12.05151253,59.92692425,0,0,0,0.015293835,4.338709316,3.298133028,0,126.7915026
7,21,23,18.04364849,54.32688772,-12.05151253,61.2379423,0,0,0,0.016005457,4.433627023,3.359769619,0,129.3663681
7,22,0,15.97230752,47.94469275,-12.05151253,54.90489961,3.651898523,0,0,0.015951387,3.975114732,2.888907667,0,117.3022597
7,22,1,14.73019251,44.44347892,-12.05151253,50.7910236,0.029690232,0,0,0.015149197,3.677270109,2.624704251,0,104.2599963
7,22,2,17.77127241,58.66666957,-12.05151253,60.49210092,0,0,0,0.015910259,4.379628106,3.58632412,0,132.8603929
7,22,3,21.80542758,72.06013014,-12.05151253,70.09938413,0,0,0,0.016013113,5.075195411,4.557042317,0,161.5616802
7,22,4,22.03683177,73.81509682,-12.05151253,70.30142491,0,0,0,0.015755507,5.089823164,4.667683174,0,163.8751028
7,22,5,16.25114573,51.97871448,-12.05151253,56.23930382,0,0,0,0.015503402,4.071725597,3.129133966,0,119.6340145
7,22,6,3.317849308,2.338002586,-12.05151253,14.34851617,0,0,0,0.013554772,1.038832571,-0.356238298,0,8.64900458
7,22,7,0.200042745,2.56006E-11,-12.05151253,1.103939366,0,0,0,0.000662789,0.07992521,-0.660126867,0,-11.32706929
7,22,8,0.724448227,1.252852542,-12.05151253,3.694092242,0,0,0,0.002008926,0.267452278,-0.561133595,0,-6.671791914
7,22,9,0.906433109,2.140050839,-12.05151253,3.955904896,0,0,0,0.001569353,0.286407514,-0.501580092,0,-5.262726914
7,22,10,0.260636242,5.24025E-10,-12.05151253,1.443590788,0,0,0,0.000852092,0.104515973,-0.656751809,0,-10.89866925
7,22,11,0.832646052,-3.07725E-09,-12.05151253,3.957662176,0,0,0,0.004291149,0.286534742,-0.624890863,0,-7.595269283
7,22,12,0.396889881,-3.22743E-10,-12.05151253,1.912022213,0,0,0,0.00110899,0.138430408,-0.649162482,0,-10.25222352
7,22,13,0.015503663,-1.81182E-10,-12.05151253,0.157812221,0.178141391,0,0,0.000328763,0.011425605,-0.670405694,0,-12.35870659
7,22,14,0.179593283,-9.02868E-10,-12.05151253,0.975967459,0.356282783,0,0,0.001130316,0.070660044,-0.661265902,0,-11.12914455
7,22,15,0.423736846,3.58604E-10,-12.05151253,2.18405467,2.434599015,0,0,0.001406188,0.158125558,-0.647667106,0,-7.497257363
7,22,16,2.091387072,0.350448068,-12.05151253,9.69210051,5.375422705,0,0,0.009412264,0.701708077,-0.535259031,0,5.633707132
7,22,17,15.6668717,46.48662027,-12.05151253,57.80329723,14.30923953,0,0,0.019509212,4.184958719,2.790680254,0,129.2096644
7,22,18,24.02410457,78.75024742,-12.05151253,76.92967039,38.66655759,0,0,0.018350233,5.569708136,5.053262158,0,216.960388
7,22,19,22.58168313,72.46552048,-12.05151253,74.45526988,30.85381597,0,0,0.019651958,5.390561539,4.622859993,0,198.3378504
7,22,20,20.41329635,65.04201879,-12.05151253,67.43741358,18.24565374,0,0,0.019169744,4.882468744,4.088591805,0,168.0771002
7,22,21,18.89465229,60.55619458,-12.05151253,62.45787341,17.7409198,0,0,0.016084385,4.521950035,3.754142923,0,155.8903049
7,22,22,18.37542856,55.40594158,-12.05151253,61.88617274,18.57224629,0,0,0.017465427,4.480558906,3.438353068,0,150.124654
7,22,23,19.23743096,60.21724625,-12.05151253,64.81699871,17.58151831,0,0,0.016405022,4.692750707,3.754356273,0,158.2651937
7,23,0,21.65271163,71.01803757,-12.05151253,70.84908066,0,0,0,0.017917707,5.12947344,4.490491482,0,161.1061999
7,23,1,23.69472295,80.21233646,-12.05151253,74.49893111,0,0,0,0.014443374,5.393722613,5.116353961,0,176.8789979
7,23,2,21.56642131,71.94268266,-12.05151253,68.41407719,0,0,0,0.01450513,4.953179189,4.537187843,0,159.3765408
7,23,3,18.72549989,60.99954713,-12.05151253,61.28033538,0,0,0,0.014473909,4.436696282,3.769415871,0,137.1744559
7,23,4,19.53671643,64.06099304,-12.05151253,64.92484485,0,0,0,0.015686676,4.700558767,3.985123169,0,145.1724104
7,23,5,18.83496138,59.75349635,-12.05151253,63.14647701,0,0,0,0.015750911,4.571804936,3.706107847,0,137.9770859
7,23,6,15.44821452,45.88324294,-12.05151253,52.83971322,0,0,0,0.015733381,3.825595237,2.744892932,0,108.7058797
7,23,7,6.0122218,7.335239828,-12.05151253,24.77703307,0,0,0,0.014156347,1.793857194,0.072184364,0,27.95318007
7,23,8,5.068413644,4.710003009,-12.05151253,21.85385338,0,0,0,0.013374603,1.582218985,-0.126611441,0,21.04973964
7,23,9,5.306690647,5.900557437,-12.05151253,22.58020347,0,0,0,0.013063024,1.634806731,-0.04702553,0,23.33678325
7,23,10,5.378014159,6.838723953,-12.05151253,21.99601988,0,0,0,0.012687834,1.592511839,0.009203065,0,23.7756482
7,23,11,4.363796185,3.042731194,-12.05151253,19.40536799,0,0,0,0.01253981,1.404948642,-0.258725673,0,15.91914561
7,23,12,4.676119549,5.160091912,-12.05151253,20.40482238,0,0,0,0.012531281,1.477309141,-0.12339227,0,19.55596946
7,23,13,4.578108352,5.796848425,-12.05151253,19.46657248,0,0,0,0.011750461,1.409379848,-0.093384156,0,19.11776288
7,23,14,3.371526769,0.056657392,-12.05151253,15.19215229,0,0,0,0.011890569,1.099911826,-0.48031939,0,7.20030692
7,23,15,3.668131364,0.147109337,-12.05151253,16.52920184,0,0,0,0.013388126,1.196714213,-0.458760341,0,9.044272003
7,23,16,5.531764949,5.552309405,-12.05151253,23.70086065,0,0,0,0.015110942,1.715942311,-0.053886307,0,24.41058941
7,23,17,24.78064451,77.28395643,-12.05151253,82.6949534,0,0,0,0.022554097,5.987114626,5.013729025,0,183.7314396
7,23,18,28.40377219,94.96345478,-12.05151253,91.14005264,0,0,0,0.02166969,6.598539811,6.200285294,0,215.2762619
7,23,19,17.12649098,49.86139665,-12.05151253,62.05339484,0,0,0,0.022634329,4.492665787,3.059956093,0,124.5650262
7,23,20,22.10073576,69.20860973,-12.05151253,72.68545509,0,0,0,0.020885774,5.262426948,4.414661296,0,161.6412621
7,23,21,21.42410982,68.29794338,-12.05151253,69.94440457,0,0,0,0.018264822,5.063974891,4.326249115,0,157.0234341
7,23,22,20.38657249,66.41673272,-12.05151253,66.26126098,0,0,0,0.016054948,4.797315295,4.163674852,0,149.9900988
7,23,23,19.57082416,61.20022408,-12.05151253,63.60815947,0,0,0,0.015670296,4.605230746,3.827678138,0,140.7762743
7,24,0,19.21656707,57.60302721,-12.05151253,63.12934345,0,0,0,0.017569987,4.570564466,3.607582154,0,136.0931418
7,24,1,19.10330447,59.89250693,-12.05151253,63.06722139,0,0,0,0.016941598,4.566066828,3.728797447,0,138.3233261
7,24,2,20.25900109,66.31136665,-12.05151253,65.70257174,0,0,0,0.014984834,4.756866194,4.150700235,0,149.1439782
7,24,3,22.59546731,74.6166671,-12.05151253,71.75384367,0,0,0,0.016747968,5.194978282,4.743446638,0,166.8696384
7,24,4,18.9510325,59.54004473,-12.05151253,63.48947678,0,0,0,0.017655671,4.596638119,3.700683753,0,138.244019
7,24,5,20.85405361,67.68767505,-12.05151253,67.93016722,0,0,0,0.017446685,4.918144107,4.260505038,0,153.6164792
7,24,6,19.56378815,60.32371381,-12.05151253,63.89055287,0,0,0,0.016555347,4.625676028,3.778464611,0,140.1472383
7,24,7,9.413191124,20.93289211,-12.05151253,35.24032594,0,0,0,0.014163087,2.551399598,1.019007588,0,57.11946692
7,24,8,9.946001976,23.16905382,-12.05151253,35.64907633,0,0,0,0.013521279,2.580993127,1.17323936,0,60.48037336
7,24,9,8.677189973,18.50313048,-12.05151253,33.24031367,0,0,0,0.013900853,2.40659871,0.842674601,0,51.63229576
7,24,10,8.833045146,19.83766076,-12.05151253,33.00317815,0,0,0,0.013393958,2.389430098,0.925689071,0,52.95088465
7,24,11,9.223727492,21.42663272,-12.05151253,33.3341832,0,0,0,0.013068293,2.413394864,1.035955816,0,55.39544985
7,24,12,5.798438741,8.847643239,-12.05151253,24.17064065,0,0,0,0.013285942,1.749954383,0.144517518,0,28.67296794
7,24,13,9.872191986,22.32097541,-12.05151253,35.71710443,0,0,0,0.015586807,2.585918361,1.121890176,0,59.58215463
7,24,14,5.480067033,6.969884273,-12.05151253,22.73019447,0,0,0,0.012999407,1.64566608,0.02219304,0,24.80949177
7,24,15,11.74230904,32.21845524,-12.05151253,42.37851284,0,0,0,0.015289108,3.06820433,1.777345322,0,79.14860334
7,24,16,16.55629479,49.41933506,-12.05151253,57.2905051,0,0,0,0.017491134,4.147832569,3.003573335,0,118.3835195
7,24,17,26.23075725,85.49231517,-12.05151253,84.74657612,0,0,0,0.01943624,6.135652111,5.551705886,0,196.1249302
7,24,18,22.0241553,66.5006212,-12.05151253,72.31863309,0,0,0,0.022075003,5.235869036,4.259560803,0,158.3094019
7,24,19,22.22057741,67.05223003,-12.05151253,72.89880648,0,0,0,0.0226592,5.277873589,4.301226126,0,159.7218603
7,24,20,20.93047464,63.2166244,-12.05151253,68.62375843,0,0,0,0.021779299,4.96836011,4.015724168,0,149.7252085
7,24,21,16.30706026,46.17397255,-12.05151253,55.70959648,0,0,0,0.01904171,4.033374785,2.808924279,0,113.0004575
7,24,22,12.69948071,37.71680032,-12.05151253,42.32811902,0,0,0,0.015820345,3.064555817,2.136917605,0,85.91018128
7,24,23,15.69119395,44.83430571,-12.05151253,52.75044633,0,0,0,0.015527032,3.819132315,2.700001083,0,107.7590939
7,25,0,18.1412655,54.19835118,-12.05151253,60.2345296,0,0,0,0.015151546,4.360979943,3.358047401,0,128.2568126
7,25,1,19.47965188,61.45220453,-12.05151253,65.39583046,0,0,0,0.01821356,4.734658125,3.836635154,0,142.8656812
7,25,2,14.42343736,42.68498519,-12.05151253,51.42988021,0,0,0,0.01773582,3.723523327,2.509669888,0,102.7377193
7,25,3,20.21334388,65.06030936,-12.05151253,65.63651237,0,0,0,0.017361609,4.752083495,4.078473237,0,147.7065714
7,25,4,15.3814611,47.57289017,-12.05151253,54.48832628,0,0,0,0.017543724,3.944954823,2.835288118,0,112.1889517
7,25,5,20.9198868,67.15475366,-12.05151253,68.86308194,0,0,0,0.018261953,4.985687132,4.234488225,0,154.1246472
7,25,6,20.53757904,64.51742027,-12.05151253,67.06222052,0,0,0,0.017271524,4.855304766,4.066294214,0,149.0045778
7,25,7,9.585082865,22.77563343,-12.05151253,36.01561709,0,0,0,0.014530016,2.607530678,1.131222649,0,60.0781042
7,25,8,7.290695978,12.24735784,-12.05151253,29.45910905,0,0,0,0.014202027,2.132839495,0.417000349,0,39.50969221
7,25,9,6.750646699,11.40132448,-12.05151253,27.49141468,0,0,0,0.013406231,1.990378423,0.339795546,0,35.93545352
7,25,10,6.553969594,11.33147506,-12.05151253,26.43972621,0,0,0,0.01272724,1.914236177,0.324950019,0,34.52557177
7,25,11,6.182291032,10.60529115,-12.05151253,25.30854992,0,0,0,0.012744468,1.832339014,0.263799079,0,32.15350213
7,25,12,5.720386567,9.382081858,-12.05151253,22.77206934,0,0,0,0.011865841,1.64869782,0.169938243,0,27.65352713
7,25,13,3.554096492,0.69759972,-12.05151253,15.89384504,0,0,0,0.011141641,1.150714381,-0.434449769,0,8.821434973
7,25,14,3.921155501,1.346724002,-12.05151253,17.4529763,0,0,0,0.01193111,1.263595484,-0.37784836,0,11.5670215
7,25,15,4.208533082,2.849323478,-12.05151253,18.55569496,0,0,0,0.01285539,1.343432315,-0.278146638,0,14.64018006
7,25,16,7.525906284,11.35379742,-12.05151253,31.18571511,0,0,0,0.016676727,2.257845774,0.380330248,0,40.66875903
7,25,17,23.83258543,75.56359515,-12.05151253,79.16259448,0,0,0,0.020119839,5.73137184,4.86509801,0,177.1238522
7,25,18,18.57881901,51.43167231,-12.05151253,60.44921316,0,0,0,0.019463329,4.376523033,3.228315118,0,126.0324934
7,25,19,16.85618345,47.96515813,-12.05151253,59.01747645,0,0,0,0.021173816,4.272865295,2.939279478,0,119.0206241
7,25,20,16.51793793,46.81896243,-12.05151253,56.88259044,0,0,0,0.020017497,4.118299548,2.856596102,0,115.1628914
7,25,21,14.04037512,35.66108361,-12.05151253,48.34839371,0,0,0,0.018241473,3.500423704,2.097102003,0,91.61410709
7,25,22,14.23972618,35.69688672,-12.05151253,49.85524258,0,0,0,0.020493679,3.609519563,2.11020009,0,93.48055628
7,25,23,15.06767119,42.09511187,-12.05151253,51.19355583,0,0,0,0.0168405,3.706413442,2.512697768,0,102.5407781
7,26,0,15.79492939,44.01126017,-12.05151253,53.52662955,0,0,0,0.016581086,3.875327979,2.65993551,0,107.8331511
7,26,1,20.62558469,66.27219131,-12.05151253,67.66293487,0,0,0,0.017605125,4.898796484,4.168936875,0,151.5945368
7,26,2,20.52783839,67.23755544,-12.05151253,65.61341026,0,0,0,0.015645064,4.750410903,4.217263188,0,150.3106107
7,26,3,19.0938016,61.18235276,-12.05151253,62.50799618,0,0,0,0.01695965,4.525578924,3.80011255,0,139.0752891
7,26,4,17.70496547,56.20727139,-12.05151253,60.17346718,0,0,0,0.017184366,4.356559024,3.445642345,0,129.8535772
7,26,5,20.244514,65.26667267,-12.05151253,66.34291396,0,0,0,0.015393219,4.803226971,4.09170385,0,148.7129121
7,26,6,21.05310752,67.7979646,-12.05151253,68.30968188,0,0,0,0.015693447,4.945620968,4.277735469,0,154.3482913
7,26,7,6.957001465,12.89030834,-12.05151253,27.92164579,0,0,0,0.013069747,2.021527155,0.434225908,0,38.18626587
7,26,8,5.507480898,7.04919354,-12.05151253,23.19697219,0,0,0,0.012789555,1.679460787,0.028137518,0,25.42252196
7,26,9,5.755909828,8.594456883,-12.05151253,24.05358605,0,0,0,0.012553014,1.74147963,0.128046178,0,28.23451905
7,26,10,5.244881486,5.703627642,-12.05151253,22.30095544,0,0,0,0.012421546,1.614589174,-0.06143729,0,22.76352546
7,26,11,3.770548504,3.4900771,-12.05151253,16.73840294,0,0,0,0.011706133,1.211860373,-0.266852402,0,12.90423011
7,26,12,3.727827659,2.866619837,-12.05151253,16.59013585,0,0,0,0.011798513,1.201125836,-0.303958523,0,12.04203664
7,26,13,3.960181521,2.430782543,-12.05151253,17.54780354,0,0,0,0.012177164,1.270460976,-0.31529255,0,12.85460066
7,26,14,3.073875246,1.001097335,-12.05151253,13.92332825,0,0,0,0.010507644,1.008048966,-0.444293275,0,6.521051634
7,26,15,3.228259051,1.883229752,-12.05151253,14.55844226,0,0,0,0.011567498,1.05403122,-0.386559322,0,8.297457928
7,26,16,4.778700564,3.133219512,-12.05151253,20.77740079,0,0,0,0.013412187,1.504283817,-0.2305753,0,17.92492904
7,26,17,24.95295158,79.46810834,-12.05151253,82.7661882,0,0,0,0.020482162,5.992272026,5.14498379,0,186.2934736
7,26,18,24.66205993,77.19659763,-12.05151253,81.09702067,0,0,0,0.021728933,5.871424296,5.002257978,0,181.7995769
7,26,19,23.3620181,72.42957459,-12.05151253,77.71528135,0,0,0,0.022707927,5.62658637,4.664322464,0,171.7689783
7,26,20,23.41217016,73.2955471,-12.05151253,76.60193211,0,0,0,0.0216836,5.545979885,4.715350604,0,171.5411509
7,26,21,21.61553267,66.52561033,-12.05151253,70.06375337,0,0,0,0.019406999,5.072615744,4.238192417,0,155.483599
7,26,22,17.16937061,51.84670967,-12.05151253,56.44440486,0,0,0,0.016450839,4.086574912,3.172926423,0,120.6849248
7,26,23,15.35454355,45.81868782,-12.05151253,51.52028017,0,0,0,0.017049391,3.730068284,2.73607974,0,107.1251964
7,27,0,17.13638083,52.67011819,-12.05151253,59.84053545,0,0,0,0.017450865,4.332454766,3.216952747,0,125.1623803
7,27,1,22.18881814,72.98131473,-12.05151253,70.52155279,0,0,0,0.016405257,5.105760422,4.629707153,0,163.392046
7,27,2,21.94156644,72.64318181,-12.05151253,70.31207965,0,0,0,0.015916877,5.090594567,4.597101229,0,162.548928
7,27,3,21.36359212,71.23192147,-12.05151253,68.62299166,0,0,0,0.014339389,4.968304596,4.486300859,0,158.6359376
7,27,4,20.79142127,69.01380114,-12.05151253,67.15358536,0,0,0,0.016186428,4.86191958,4.33088164,0,154.1162829
7,27,5,21.64175719,68.7438058,-12.05151253,71.05407332,0,0,0,0.017595146,5.144314908,4.36320661,0,158.9132404
7,27,6,16.46098093,50.91510484,-12.05151253,55.45326643,0,0,0,0.015469629,4.01481649,3.081578729,0,117.8897045
7,27,7,3.988014705,0.97108043,-12.05151253,18.04289991,0,0,0,0.012235297,1.306305953,-0.395047649,0,11.87397611
7,27,8,4.122016294,1.518022464,-12.05151253,18.53066912,0,0,0,0.012167073,1.341620444,-0.357119089,0,13.11586377
7,27,9,3.759314704,1.456414812,-12.05151253,17.05057471,0,0,0,0.011852204,1.234461609,-0.380753114,0,11.08035239
7,27,10,4.418832672,2.673248981,-12.05151253,19.20208876,0,0,0,0.011840225,1.390231226,-0.2762403,0,15.36848903
7,27,11,3.625744009,1.04458938,-12.05151253,16.59006148,0,0,0,0.01181026,1.201120451,-0.411131678,0,10.01068137
7,27,12,3.384355702,0.779130937,-12.05151253,15.66702108,0,0,0,0.012138547,1.134292326,-0.439363042,0,8.486063018
7,27,13,3.548178685,1.209153471,-12.05151253,16.00552298,0,0,0,0.012103466,1.158799864,-0.406285847,0,9.475960085
7,27,14,3.260056262,1.017810625,-12.05151253,14.70170123,0,0,0,0.011503504,1.064403169,-0.432992063,0,7.570970194
7,27,15,2.990657963,0.441025927,-12.05151253,13.70514918,0,0,0,0.012179217,0.992252801,-0.480124456,0,5.609628096
7,27,16,4.301392895,1.324084488,-12.05151253,19.37240205,0,0,0,0.014532674,1.402561908,-0.357930158,0,14.00553132
7,27,17,23.25556185,70.93012134,-12.05151253,79.58321075,0,0,0,0.024190063,5.761824458,4.574873305,0,172.0782692
7,27,18,29.03622472,95.98747463,-12.05151253,94.25290481,0,0,0,0.022284176,6.823910308,6.292550806,0,220.3638369
7,27,19,17.13711898,49.5527104,-12.05151253,60.78103108,0,0,0,0.021562208,4.40054665,3.043354248,0,122.884811
7,27,20,20.33286214,61.66751608,-12.05151253,67.83459187,0,0,0,0.020984017,4.911224451,3.896151819,0,146.6118178
7,27,21,18.05131219,56.06463193,-12.05151253,59.78089221,0,0,0,0.016525998,4.328136596,3.456988839,0,129.6469752
7,27,22,17.53827189,55.45562892,-12.05151253,57.80401136,0,0,0,0.015836756,4.185010422,3.394491027,0,126.3417378
7,27,23,21.90055143,71.58065803,-12.05151253,72.28577531,0,0,0,0.016485774,5.233490132,4.535634119,0,163.5010823
7,28,0,22.1692512,74.14004277,-12.05151253,70.54346365,3.651898523,0,0,0.014621341,5.107346768,4.693158426,0,168.2682701
7,28,1,21.716393,72.80776887,-12.05151253,67.66055913,0.029690232,0,0,0.013870132,4.898624481,4.593726568,0,159.6691199
7,28,2,19.29688654,63.63291996,-12.05151253,60.98202857,0,0,0,0.013220293,4.415098868,3.947920974,0,140.2365627
7,28,3,17.90685334,58.20045364,-12.05151253,57.29109661,0,0,0,0.013022657,4.147875394,3.567907751,0,129.0756969
7,28,4,16.52364143,53.15916488,-12.05151253,54.0789422,0,0,0,0.013016653,3.915315415,3.210063064,0,118.8486311
7,28,5,16.21752207,53.62163584,-12.05151253,53.84855238,0,0,0,0.012523525,3.898635192,3.218771847,0,118.7661283
7,28,6,9.052221885,22.38769933,-12.05151253,34.60612745,0,0,0,0.013493181,2.505483627,1.079934363,0,57.5934473
7,28,7,3.071884688,1.708633804,-12.05151253,14.0881601,0,0,0,0.01160558,1.019982791,-0.404994368,0,7.443760062
7,28,8,2.151471858,1.100362249,-12.05151253,10.37529157,0,0,0,0.009765498,0.751171109,-0.490142088,0,1.846407659
7,28,9,2.311582043,1.099524406,-12.05151253,11.09294156,0,0,0,0.010414205,0.803128969,-0.481270619,0,2.784808031
7,28,10,1.9693419,2.418647739,-12.05151253,9.130108,0,0,0,0.009762521,0.661019819,-0.426858225,0,1.710509219
7,28,11,1.887600885,0.196401538,-12.05151253,9.130841223,0,0,0,0.010169579,0.661072905,-0.555190313,0,-0.720616719
7,28,12,2.370038237,1.009062451,-12.05151253,10.95109007,0,0,0,0.010526391,0.792858921,-0.48305334,0,2.599010201
7,28,13,1.964350249,0.030136014,-12.05151253,9.252110374,0.178141391,0,0,0.010317737,0.669852791,-0.560176363,0,-0.506780341
7,28,14,1.677867178,8.89487E-10,-12.05151253,7.956566615,0.356282783,0,0,0.009248673,0.576055423,-0.577812046,0,-2.053303908
7,28,15,1.480618753,0.887289437,-12.05151253,6.865484879,2.434599015,0,0,0.00796499,0.497061105,-0.539376762,0,-0.417871118
7,28,16,3.719069341,3.567649513,-12.05151253,16.54647185,5.375422705,0,0,0.012854685,1.197964562,-0.265399008,0,18.10252111
7,28,17,22.50168783,70.08734331,-12.05151253,75.48896596,14.30923953,0,0,0.020528312,5.465401136,4.485939787,0,180.3075933
7,28,18,25.38932305,82.40103938,-12.05151253,81.29464921,38.66655759,0,0,0.023325981,5.885732603,5.33265394,0,226.9417692
7,28,19,18.42132113,55.6568662,-12.05151253,63.09979315,30.85381597,0,0,0.021071677,4.568425024,3.454885786,0,164.0246664
7,28,20,18.8965331,56.13659629,-12.05151253,64.6690725,18.24565374,0,0,0.021152579,4.682040849,3.508076059,0,154.1076126
7,28,21,18.27074496,54.39845333,-12.05151253,62.1215231,17.7409198,0,0,0.016909044,4.497598272,3.376405096,0,148.3710411
7,28,22,12.78141028,37.40411089,-12.05151253,46.75321938,18.57224629,0,0,0.016223377,3.384933083,2.124064281,0,108.9846951
7,28,23,17.77856234,56.95564035,-12.05151253,59.47567052,17.58151831,0,0,0.01715894,4.306038545,3.491425842,0,147.5545023
7,29,0,20.31198628,68.12965159,-12.05151253,66.46558254,0,0,0,0.014943916,4.812108176,4.254929981,0,151.9376899
7,29,1,21.97129242,73.34257403,-12.05151253,68.5345487,0,0,0,0.013883374,4.961901326,4.637713113,0,161.4104004
7,29,2,20.40053647,67.66485604,-12.05151253,63.41054333,0,0,0,0.012914449,4.590923337,4.233973115,0,148.2622342
7,29,3,19.11874387,63.14172261,-12.05151253,59.66980606,0,0,0,0.012277441,4.320093959,3.910638735,0,138.1217701
7,29,4,17.76393313,57.98613946,-12.05151253,56.38719845,0,0,0,0.012154402,4.082433168,3.548009795,0,127.7283559
7,29,5,17.6114182,58.55012777,-12.05151253,57.67256635,0,0,0,0.012815215,4.175493803,3.570928862,0,129.5418377
7,29,6,5.472479309,5.175368054,-12.05151253,23.3482603,0,0,0,0.013076779,1.690414046,-0.07818415,0,23.5699018
7,29,7,2.720558354,5.290453661,-12.05151253,10.36969426,0,0,0,0.008292557,0.750765865,-0.225055879,0,6.863196284
7,29,8,1.74834013,2.492501088,-12.05151253,7.933999637,0,0,0,0.004205362,0.574421574,-0.435054392,0,0.266900863
7,29,9,2.062866364,2.198021476,-12.05151253,9.401519741,0,0,0,0.004566784,0.680670029,-0.433937795,0,1.862194064
7,29,10,1.842668973,2.303626452,-12.05151253,8.387942215,0,0,0,0.004282124,0.607287016,-0.440320593,0,0.653973653
7,29,11,2.312534638,4.417445031,-12.05151253,9.854434762,0,0,0,0.005274846,0.713461077,-0.296409381,0,4.955228439
7,29,12,1.827515838,1.811253707,-12.05151253,8.50747981,0,0,0,0.006147151,0.615941538,-0.468589784,0,0.248235726
7,29,13,1.078583971,0.164149224,-12.05151253,5.246226928,0,0,0,0.005225942,0.37982683,-0.602049009,0,-5.779548649
7,29,14,0.797983809,0.022214133,-12.05151253,3.935718204,0,0,0,0.003715178,0.284945998,-0.625584223,0,-7.632519436
7,29,15,1.397483739,0.557721423,-12.05151253,6.708218707,0,0,0,0.009313573,0.485675034,-0.562364321,0,-3.455464378
7,29,16,6.512157346,8.837088646,-12.05151253,27.68048385,0,0,0,0.015797325,2.004067031,0.183683754,0,33.18176542
7,29,17,25.06165869,79.78990695,-12.05151253,81.51082652,0,0,0,0.020094411,5.90138384,5.168962958,0,185.4013208
7,29,18,24.87313486,82.59838255,-12.05151253,79.70942879,0,0,0,0.020909184,5.770962644,5.314894272,0,186.2361998
7,29,19,21.70507793,67.92652881,-12.05151253,70.45284551,0,0,0,0.020008253,5.100786015,4.321211247,0,157.4749452
7,29,20,19.62213651,61.43066435,-12.05151253,65.29737632,0,0,0,0.017954431,4.727530045,3.84337176,0,142.8875209
7,29,21,19.75468907,64.56061899,-12.05151253,63.66061675,0,0,0,0.01548274,4.609028653,4.025093411,0,144.5740171
7,29,22,19.48852775,63.98511538,-12.05151253,62.91699139,0,0,0,0.015647681,4.555190176,3.978212674,0,142.8881725
7,29,23,19.62073629,63.11044578,-12.05151253,64.41144468,0,0,0,0.015305834,4.663388595,3.936857593,0,143.7066662
7,30,0,17.70760017,58.43254557,-12.05151253,59.79720439,0,0,0,0.014566555,4.329317598,3.569736869,0,131.7994586
7,30,1,22.31108852,75.47428682,-12.05151253,69.78596068,0,0,0,0.013891189,5.052503554,4.775376158,0,165.3615944
7,30,2,21.42923822,71.98199348,-12.05151253,67.37049208,0,0,0,0.01382512,4.877623627,4.531736358,0,158.1533964
7,30,3,20.44808687,68.23672303,-12.05151253,64.85842235,0,0,0,0.013761789,4.695749778,4.268474663,0,150.4697059
7,30,4,21.50521398,71.987741,-12.05151253,68.13479262,0,0,0,0.014381826,4.932958985,4.536288344,0,159.0598642
7,30,5,18.14934485,59.72717098,-12.05151253,58.5243196,0,0,0,0.013953761,4.237160739,3.666452684,0,132.2668901
7,30,6,19.16013562,64.95962314,-12.05151253,60.58104881,0,0,0,0.012809214,4.386067934,4.014201315,0,141.0623735
7,30,7,18.96354577,62.45813837,-12.05151253,61.0308242,0,0,0,0.014560416,4.418631672,3.863918558,0,138.6981065
7,30,8,13.82604604,40.03464053,-12.05151253,47.36687064,0,0,0,0.014355715,3.429361434,2.328770994,0,94.94853282
7,30,9,14.08965419,40.96585586,-12.05151253,47.84843537,0,0,0,0.013999273,3.464226721,2.395322661,0,96.72598153
7,30,10,13.49376575,38.96741676,-12.05151253,45.71738197,0,0,0,0.013765737,3.309938454,2.250818617,0,91.70157475
7,30,11,11.89181853,31.314184,-12.05151253,41.61779072,0,0,0,0.013742716,3.013128048,1.735305093,0,77.53445658
7,30,12,9.628938269,23.12480484,-12.05151253,35.63389999,0,0,0,0.013474492,2.579894359,1.153114243,0,60.08261365
7,30,13,8.81022327,19.90665958,-12.05151253,33.6438749,0,0,0,0.01399829,2.435816543,0.928261127,0,53.68732117
7,30,14,8.968366735,20.57796461,-12.05151253,34.16149353,0,0,0,0.014118008,2.473292132,0.974461408,0,55.11818389
7,30,15,9.706809151,23.66184648,-12.05151253,36.75256908,0,0,0,0.015315343,2.660886002,1.187364871,0,61.9332784
7,30,16,21.13786277,68.05343504,-12.05151253,69.88862736,0,0,0,0.017434858,5.059936621,4.29668604,0,156.4024702
7,30,17,26.28428284,83.89360435,-12.05151253,85.5083512,0,0,0,0.021639088,6.190804627,5.465639068,0,195.3128086
7,30,18,19.14906588,58.81189714,-12.05151253,69.23937839,0,0,0,0.023736145,5.012930995,3.671156392,0,143.8566524
7,30,19,17.44749746,52.87640794,-12.05151253,62.19976253,0,0,0,0.020477204,4.503262808,3.245772283,0,128.2416677
7,30,20,22.82727293,73.94534031,-12.05151253,73.59613165,0,0,0,0.018350204,5.328359932,4.718965309,0,168.3829078
7,30,21,21.80850478,70.90218428,-12.05151253,69.27594986,0,0,0,0.015645862,5.01557877,4.492716133,0,159.4590671
7,30,22,17.2150649,50.12893751,-12.05151253,57.06089403,0,0,0,0.015657886,4.131208728,3.079791686,0,119.5800422
7,30,23,17.34469831,55.24928215,-12.05151253,62.28364169,0,0,0,0.015530094,4.509335659,3.372215464,0,130.7231908
7,31,0,20.85940317,68.70526112,-12.05151253,67.85200561,0,0,0,0.015016388,4.912485206,4.317482553,0,154.6101415
7,31,1,20.6612383,67.82964501,-12.05151253,66.32315636,0,0,0,0.014539428,4.801796521,4.257672952,0,151.836536
7,31,2,19.87736548,65.13651215,-12.05151253,64.20268422,0,0,0,0.014399432,4.648274337,4.064003736,0,145.8917268
7,31,3,19.50555779,63.62836022,-12.05151253,63.37361178,0,0,0,0.014505202,4.588249493,3.959289985,0,143.0180619
7,31,4,20.09071725,65.60018664,-12.05151253,65.19811696,0,0,0,0.01468488,4.720343668,4.101714098,0,147.674251
7,31,5,17.93622232,57.83963439,-12.05151253,60.67674383,0,0,0,0.014878471,4.392996253,3.549445971,0,132.3584087
7,31,6,17.77419975,56.84264114,-12.05151253,60.17434615,0,0,0,0.014785328,4.356622661,3.484888789,0,130.5959713
7,31,7,17.29789963,56.18613265,-12.05151253,60.44637158,0,0,0,0.014331193,4.376317302,3.42179135,0,129.6913312
7,31,8,19.97101339,64.46305919,-12.05151253,64.69010638,0,0,0,0.013958328,4.683563702,4.031708595,0,145.8018971
7,31,9,19.74555827,63.51685879,-12.05151253,65.04565556,0,0,0,0.014911667,4.709305463,3.966447382,0,144.9472246
7,31,10,17.83591292,55.77576203,-12.05151253,59.87025103,0,0,0,0.015516962,4.334606175,3.428901047,0,129.2094376
7,31,11,17.74013784,54.95695988,-12.05151253,59.80715374,0,0,0,0.015647104,4.330037931,3.377959095,0,128.1763831
7,31,12,15.86948161,47.22787312,-12.05151253,53.14659727,0,0,0,0.01515287,3.847813642,2.843253411,0,110.8986594
7,31,13,16.00935719,47.45721107,-12.05151253,54.58673374,0,0,0,0.015837118,3.952079523,2.863818604,0,112.8335247
7,31,14,10.94624289,27.42620378,-12.05151253,40.30033745,0,0,0,0.015272642,2.917744432,1.466076032,0,71.0203647
7,31,15,10.5930555,26.74312879,-12.05151253,40.71588814,0,0,0,0.016946045,2.947830301,1.408356217,0,70.37369246
7,31,16,15.47988583,45.97381412,-12.05151253,54.52525367,0,0,0,0.017363358,3.947628365,2.751701839,0,110.6441346
7,31,17,25.83812379,81.64560504,-12.05151253,84.47732688,0,0,0,0.021327323,6.116158466,5.315574448,0,191.3626034
7,31,18,17.31809961,47.10644573,-12.05151253,69.44875102,0,0,0,0.027369031,5.028089574,2.917177928,0,129.7944204
7,31,19,15.17240365,41.45970481,-12.05151253,61.5895795,0,0,0,0.026500471,4.459085556,2.483139193,0,113.1389006
7,31,20,20.27165628,59.17571142,-12.05151253,68.35098431,0,0,0,0.021423473,4.948611264,3.753949133,0,144.4708234
7,31,21,20.24113691,60.0649136,-12.05151253,67.53820905,0,0,0,0.01923987,4.889766335,3.801777766,0,144.503531
7,31,22,22.65919688,72.32690386,-12.05151253,73.80459197,0,0,0,0.018741186,5.343452459,4.619456563,0,166.7208304
7,31,23,24.25398062,79.59902317,-12.05151253,78.06236893,0,0,0,0.017388609,5.65171551,5.113343063,0,180.6463074
8,1,0,22.09028996,69.51234074,-12.05151253,73.09704309,0,0,0,0.018614492,5.29222592,4.430997282,0,162.3899989
8,1,1,20.67380601,62.86727217,-12.05151253,69.51965581,0,0,0,0.018760581,5.033223081,3.981968807,0,150.0431739
8,1,2,26.09482166,85.80567405,-12.05151253,83.60770721,0,0,0,0.017502485,6.053198002,5.561588363,0,195.0889792
8,1,3,26.79405593,88.00098145,-12.05151253,84.75724536,0,0,0,0.018055274,6.136424564,5.722814334,0,199.3780644
8,1,4,20.33923645,63.27109328,-12.05151253,67.54639181,0,0,0,0.018026132,4.890358767,3.985826118,0,147.99942
8,1,5,19.83283396,61.52521854,-12.05151253,65.04460368,0,0,0,0.017043661,4.709229306,3.860374276,0,142.9377909
8,1,6,14.96138447,45.50225125,-12.05151253,49.78575771,0,0,0,0.014206999,3.604488858,2.696555261,0,104.513132
8,1,7,4.956073592,4.846107014,-12.05151253,20.82497316,0,0,0,0.012410526,1.507728057,-0.125287788,0,19.97049202
8,1,8,4.531545194,4.143597581,-12.05151253,19.29388473,0,0,0,0.012154525,1.396877255,-0.188063796,0,17.13848296
8,1,9,4.53757226,4.243660254,-12.05151253,19.17265157,0,0,0,0.011852524,1.388099973,-0.182154597,0,17.12016945
8,1,10,3.570539478,1.037446799,-12.05151253,16.1990049,0,0,0,0.011601822,1.172807955,-0.414604413,0,9.525284012
8,1,11,3.278282547,0.994947611,-12.05151253,15.03700873,0,0,0,0.011399713,1.088679432,-0.433250328,0,7.925555174
8,1,12,3.509205062,1.719464321,-12.05151253,15.62188586,0,0,0,0.011505552,1.131024537,-0.380032363,0,9.561540438
8,1,13,3.51029536,1.766047491,-12.05151253,15.67486944,0,0,0,0.011906834,1.134860547,-0.377376951,0,9.669090187
8,1,14,3.919796077,2.642079628,-12.05151253,17.25855661,0,0,0,0.012378828,1.249519498,-0.305772771,0,12.72504533
8,1,15,4.384559816,2.829377028,-12.05151253,19.12421881,0,0,0,0.013352202,1.384593442,-0.269452966,0,15.4151358
8,1,16,7.816902257,15.48080072,-12.05151253,31.12183268,0,0,0,0.015099815,2.253220686,0.626412808,0,45.26275644
8,1,17,25.33628914,80.2662824,-12.05151253,84.18765225,0,0,0,0.021789519,6.095186023,5.210793987,0,189.0664808
8,1,18,26.5687936,84.58936019,-12.05151253,86.01071856,0,0,0,0.021881843,6.227176024,5.520239918,0,196.8866576
8,1,19,24.73025149,77.15692079,-12.05151253,82.7816256,0,0,0,0.023256478,5.993389694,5.003846248,0,183.6377778
8,1,20,25.03972375,80.20928787,-12.05151253,82.42348674,0,0,0,0.02228154,5.96746044,5.191100699,0,186.8018285
8,1,21,25.12486218,82.09023745,-12.05151253,81.91669307,0,0,0,0.020836305,5.930768578,5.300611801,0,188.3324969
8,1,22,24.38817716,78.12588581,-12.05151253,79.07721882,0,0,0,0.02031387,5.725190642,5.038764059,0,180.3240378
8,1,23,23.6764529,76.23836557,-12.05151253,76.50334754,0,0,0,0.020099646,5.538842362,4.893986141,0,174.8195816
8,2,0,25.16440618,80.04343193,-12.05151253,81.75095953,0,0,0,0.020631157,5.91876947,5.188807335,0,186.0354931
8,2,1,21.15122448,64.48576517,-12.05151253,71.56305475,0,0,0,0.019801446,5.181165164,4.098711076,0,154.4482096
8,2,2,25.24543133,82.1146488,-12.05151253,82.01117837,0,0,0,0.018545296,5.937609314,5.308687215,0,188.5845878
8,2,3,26.30513628,85.61728121,-12.05151253,83.74344258,0,0,0,0.018536883,6.063025243,5.562809406,0,195.2587191
8,2,4,21.97269798,69.33034716,-12.05151253,72.28472524,0,0,0,0.018786321,5.233414107,4.414310366,0,161.2027686
8,2,5,22.66702698,72.65099128,-12.05151253,73.87746086,0,0,0,0.018723684,5.348728166,4.637944369,0,167.1493628
8,2,6,20.48976228,65.54017042,-12.05151253,65.51255974,0,0,0,0.015439501,4.743109325,4.120598004,0,148.3701267
8,2,7,6.167049858,9.271615983,-12.05151253,25.44543914,0,0,0,0.013565316,1.842249794,0.188664439,0,30.877072
8,2,8,6.109498865,9.35635675,-12.05151253,25.15925813,0,0,0,0.013026803,1.821530289,0.19017891,0,30.59833722
8,2,9,6.153465567,9.39064741,-12.05151253,25.29427718,0,0,0,0.013358867,1.831305668,0.194537845,0,30.82608001
8,2,10,5.535306235,7.021852496,-12.05151253,23.4327445,0,0,0,0.01304005,1.696530702,0.028164493,0,25.67612595
8,2,11,5.576617697,7.420718732,-12.05151253,23.56884498,0,0,0,0.013103909,1.706384376,0.052682391,0,26.28683955
8,2,12,5.547549461,6.901685495,-12.05151253,23.51780207,0,0,0,0.013331519,1.70268887,0.022153139,0,25.65369802
8,2,13,5.844049719,7.894534524,-12.05151253,24.58826546,0,0,0,0.013720568,1.78019042,0.093969894,0,28.16321805
8,2,14,6.205835587,9.366564916,-12.05151253,25.5115768,0,0,0,0.013522864,1.84703816,0.19611346,0,31.08913925
8,2,15,6.218395504,9.700954265,-12.05151253,26.07807257,0,0,0,0.014129918,1.888052454,0.215438534,0,32.06353071
8,2,16,11.60004641,30.27270498,-12.05151253,44.80829841,0,0,0,0.017843386,3.244120805,1.661043004,0,79.55254446
8,2,17,25.44100269,79.50743563,-12.05151253,84.90039228,0,0,0,0.022446083,6.146788401,5.174358766,0,189.1409113
8,2,18,27.43746074,86.00973328,-12.05151253,89.9273831,0,0,0,0.024335252,6.510742536,5.647739459,0,203.5058818
8,2,19,25.37748873,78.28124993,-12.05151253,85.41651714,0,0,0,0.024055243,6.184155841,5.102522495,0,188.3344768
8,2,20,25.35420855,79.39410025,-12.05151253,84.46427057,0,0,0,0.023481137,6.115213189,5.163211552,0,188.4629727
8,2,21,25.34809358,81.52132535,-12.05151253,83.44435571,0,0,0,0.020509941,6.041371353,5.281357387,0,189.6055008
8,2,22,25.19444806,81.82372814,-12.05151253,82.09071689,0,0,0,0.021455773,5.943367903,5.289643166,0,188.3118474
8,2,23,24.91130322,80.30002225,-12.05151253,80.94093909,0,0,0,0.020522026,5.86012399,5.18900158,0,185.1703996
8,3,0,24.37082859,78.2193212,-12.05151253,78.54623822,1.054492825,0,0,0.019275631,5.686747647,5.043002095,0,180.8883937
8,3,1,25.57129694,84.58638815,-12.05151253,83.09289297,0,0,0,0.01845272,6.015925451,5.464513811,0,192.6979575
8,3,2,26.4622819,87.72428243,-12.05151253,83.55197487,0,0,0,0.017813504,6.049162981,5.688922385,0,197.4429255
8,3,3,26.78941197,88.55650742,-12.05151253,84.87768938,0,0,0,0.018048816,6.145144711,5.753498462,0,200.0887882
8,3,4,25.53354316,81.93169225,-12.05151253,81.9901345,0,0,0,0.018929688,5.936085738,5.314544364,0,188.6734172
8,3,5,25.06053851,82.22282229,-12.05151253,80.20959075,0.270590259,0,0,0.018349592,5.80717437,5.304413948,0,186.8419672
8,3,6,19.84801791,63.97476249,-12.05151253,64.48762963,0,0,0,0.015596404,4.668904385,3.99765962,0,144.9410579
8,3,7,7.886375334,16.19182548,-12.05151253,30.99680775,0,0,0,0.01401776,2.244168881,0.669886537,0,45.95156921
8,3,8,8.847518065,20.8954018,-12.05151253,33.14654242,0,0,0,0.013903514,2.399809671,0.985411388,0,54.23707432
8,3,9,6.662148952,11.54431315,-12.05151253,26.79701774,0,0,0,0.013396338,1.940104084,0.342830691,0,35.24829842
8,3,10,6.024093161,8.273642402,-12.05151253,24.88795452,0,0,0,0.013529683,1.801887907,0.125114623,0,29.07470976
8,3,11,5.564431443,6.492524062,-12.05151253,23.67756026,0,0,0,0.01362084,1.714255363,0.000303173,0,25.41118261
8,3,12,5.789384927,7.408970931,-12.05151253,24.37957098,0.194336063,0,0,0.013676748,1.765080939,0.063879173,0,27.56338723
8,3,13,6.053244829,8.153421851,-12.05151253,25.2038513,1.344157771,0,0,0.013898894,1.824758834,0.120042086,0,30.66186303
8,3,14,6.363903793,9.668639575,-12.05151253,26.42445249,6.892821078,0,0,0.013979793,1.913130361,0.221743417,0,39.44715798
8,3,15,7.971522135,17.01538994,-12.05151253,32.45999703,21.41032488,0,0,0.015080251,2.350103785,0.720501754,0,69.89140724
8,3,16,18.27211443,55.35416587,-12.05151253,65.78685982,426.5095379,0,0,0.019622394,4.762968651,3.429714565,0,562.0834711
8,3,17,27.6266731,86.70201699,-12.05151253,89.90601042,501.8744868,0,0,0.024149436,6.509195155,5.69683879,0,706.2878581
8,3,18,24.20833137,73.71489586,-12.05151253,81.42017757,519.4786184,0,0,0.023552139,5.894820856,4.783054509,0,697.4719381
8,3,19,25.31077371,76.92274309,-12.05151253,84.10144212,560.8582666,0,0,0.023986297,6.08894441,5.023137638,0,746.2777814
8,3,20,24.55613089,75.66710604,-12.05151253,81.11394747,523.566437,0,0,0.021726713,5.872649797,4.911165049,0,703.6576504
8,3,21,23.9802827,76.3673077,-12.05151253,78.61195416,516.1749271,0,0,0.019044787,5.691505481,4.918091537,0,693.711601
8,3,22,23.56713313,76.66022435,-12.05151253,76.44321283,61.80491389,0,0,0.01821482,5.534488609,4.911394564,0,236.8880697
8,3,23,20.70824595,65.10127288,-12.05151253,67.80521433,55.99014175,0,0,0.017990244,4.909097518,4.108320951,0,206.5887711
8,4,0,21.49109017,67.26225746,-12.05151253,69.45828974,1.054492825,0,0,0.01767779,5.028780177,4.272292215,0,156.5333678
8,4,1,21.520223,66.90642555,-12.05151253,70.72205588,0,0,0,0.017786829,5.120276846,4.254095076,0,156.4893506
8,4,2,24.29970687,79.18307198,-12.05151253,77.07547085,0,0,0,0.016504402,5.580264089,5.092721534,0,179.1962272
8,4,3,24.48381959,80.17753344,-12.05151253,77.07283489,0,0,0,0.015868605,5.580073246,5.158368116,0,180.4369854
8,4,4,24.64802059,80.95508297,-12.05151253,77.59255359,0,0,0,0.015999731,5.61770088,5.21082362,0,181.9886689
8,4,5,23.89350913,79.23440918,-12.05151253,74.6399993,0.270590259,0,0,0.015175887,5.403935949,5.072955802,0,176.479063
8,4,6,18.22965771,57.89765064,-12.05151253,57.6013128,0,0,0,0.013742632,4.170335047,3.569021827,0,129.4302081
8,4,7,5.067689432,6.33183477,-12.05151253,21.69997368,0,0,0,0.011952121,1.571078094,-0.03631575,0,22.59469981
8,4,8,4.795435006,5.3537312,-12.05151253,20.81506803,0,0,0,0.012162077,1.507010925,-0.10596069,0,20.32593401
8,4,9,4.664752002,5.128148685,-12.05151253,20.27370558,0,0,0,0.011731345,1.467816284,-0.12580468,0,19.36883668
8,4,10,4.788724404,5.464175557,-12.05151253,20.57862994,0,0,0,0.01186613,1.489892807,-0.10018272,0,20.18159358
8,4,11,4.688692519,4.934182302,-12.05151253,20.38656751,0,0,0,0.011868431,1.475987488,-0.135275121,0,19.31051059
8,4,12,4.827768021,5.526359726,-12.05151253,20.8769754,0.194336063,0,0,0.012096686,1.511493019,-0.094544333,0,20.80297205
8,4,13,4.781907114,4.901325758,-12.05151253,20.48902026,1.344157771,0,0,0.012085572,1.483405067,-0.131913177,0,20.82847583
8,4,14,5.631166275,6.451845496,-12.05151253,23.95019357,6.892821078,0,0,0.013869746,1.733994015,0.001754507,0,32.62413216
8,4,15,6.655301837,10.49307841,-12.05151253,27.83684425,21.41032488,0,0,0.015060829,2.015387524,0.283895531,0,56.65838073
8,4,16,20.53587824,66.28768753,-12.05151253,69.57556558,426.5095379,0,0,0.017781165,5.037270948,4.164803366,0,580.0770122
8,4,17,26.58337633,84.59223637,-12.05151253,87.33709506,501.8744868,0,0,0.022312977,6.323205682,5.521212379,0,700.202413
8,4,18,27.40655724,88.19384804,-12.05151253,87.65719336,519.4786184,0,0,0.021755724,6.3463808,5.767673326,0,722.8205143
8,4,19,21.76652354,67.15162525,-12.05151253,73.31966865,560.8582666,0,0,0.021806121,5.30834401,4.281471639,0,720.6561933
8,4,20,21.16306285,63.82976852,-12.05151253,70.6535935,523.566437,0,0,0.020773524,5.115320169,4.062831459,0,676.3602745
8,4,21,20.27195425,61.16319953,-12.05151253,67.68740956,516.1749271,0,0,0.018965891,4.900568452,3.864668817,0,662.0301811
8,4,22,20.20934388,61.47111054,-12.05151253,67.27883312,61.80491389,0,0,0.018838424,4.870987518,3.878332063,0,207.4808469
8,4,23,21.09104026,61.90167991,-12.05151253,71.83922578,55.99014175,0,0,0.021970587,5.201159947,3.951425265,0,207.945131
8,5,0,24.01348088,76.95473852,-12.05151253,79.46633114,1.054492825,0,0,0.019666229,5.753362375,4.952660573,0,180.16322
8,5,1,25.845564,84.33364993,-12.05151253,82.28946335,0,0,0,0.018395155,5.957757146,5.465712968,0,191.85903
8,5,2,23.88940986,78.54883488,-12.05151253,76.79883848,0,0,0,0.017087763,5.560235906,5.034540984,0,177.7974353
8,5,3,23.44011106,77.3605216,-12.05151253,74.72790838,0,0,0,0.016980132,5.410300567,4.943325991,0,173.8476352
8,5,4,23.72897714,78.32271797,-12.05151253,75.5431716,0,0,0,0.016284104,5.469325624,5.013010169,0,176.0419741
8,5,5,20.11663432,65.90437981,-12.05151253,64.13066523,0.270590259,0,0,0.015228592,4.643060163,4.120101239,0,147.1491471
8,5,6,9.70754686,24.29104004,-12.05151253,35.21071435,0,0,0,0.013495633,2.549255719,1.222452042,0,60.94299212
8,5,7,3.848832695,3.684078814,-12.05151253,15.85934264,0,0,0,0.010476936,1.148216407,-0.251686077,0,12.24774888
8,5,8,2.936707665,1.367871558,-12.05151253,13.20870969,0,0,0,0.009989124,0.956310582,-0.431504185,0,5.996571901
8,5,9,2.884810675,2.698369137,-12.05151253,12.44866679,0,0,0,0.007499237,0.901283476,-0.360286133,0,6.528830652
8,5,10,2.227270965,0.768056731,-12.05151253,10.10644012,0,0,0,0.006710202,0.731706264,-0.504429496,0,1.284242249
8,5,11,2.301163949,1.532312844,-12.05151253,10.38472585,0,0,0,0.008347722,0.751854151,-0.457744591,0,2.469147387
8,5,12,2.661369718,2.68406944,-12.05151253,11.73410056,0.194336063,0,0,0.010287418,0.849548881,-0.373528287,0,5.708671264
8,5,13,2.724476953,1.345018929,-12.05151253,12.09996154,1.344157771,0,0,0.010416392,0.876037215,-0.444598328,0,5.903957935
8,5,14,2.842409933,1.348469604,-12.05151253,12.58416051,6.892821078,0,0,0.010226041,0.911093221,-0.437837258,0,12.0998306
8,5,15,3.846782093,3.03048399,-12.05151253,16.7868718,21.41032488,0,0,0.012587242,1.215369519,-0.288205527,0,33.96270147
8,5,16,11.6716168,32.76139636,-12.05151253,43.57265593,426.5095379,0,0,0.016856673,3.154660289,1.803649585,0,507.438861
8,5,17,26.15452781,82.78529839,-12.05151253,86.08244058,501.8744868,0,0,0.022548546,6.232368698,5.396679071,0,696.4968373
8,5,18,27.02044534,86.80613453,-12.05151253,87.46757391,519.4786184,0,0,0.022182308,6.332652351,5.668871251,0,720.7449655
8,5,19,23.01951915,70.86632833,-12.05151253,76.83427638,560.8582666,0,0,0.023471779,5.56280161,4.558172457,0,729.6713238
8,5,20,23.20213655,71.99857153,-12.05151253,76.6870542,523.566437,0,0,0.021660589,5.552142724,4.631410192,0,693.6079002
8,5,21,22.83189895,72.02024378,-12.05151253,74.01227479,516.1749271,0,0,0.019658774,5.358488695,4.611995102,0,682.9779747
8,5,22,21.19895418,65.8143067,-12.05151253,68.59693282,61.80491389,0,0,0.018629885,4.966417936,4.175369383,0,214.5240123
8,5,23,25.66021818,79.87629495,-12.05151253,83.05009506,55.99014175,0,0,0.020694394,6.012826882,5.207114533,0,243.7658732
8,6,0,27.52036179,90.52206826,-12.05151253,89.93934361,1.054492825,0,0,0.01952996,6.511608477,5.903694106,0,209.4195865
8,6,1,25.78378133,84.2161514,-12.05151253,83.5334514,0,0,0,0.018089264,6.047821881,5.455727005,0,193.0035097
8,6,2,25.59387263,83.67273813,-12.05151253,81.59364833,0,0,0,0.017261245,5.907380139,5.414880972,0,190.1482689
8,6,3,25.13552421,82.84306258,-12.05151253,79.83422087,0,0,0,0.016393777,5.779997591,5.343138036,0,186.9008245
8,6,4,24.93780686,81.3904545,-12.05151253,79.51217499,0,0,0,0.016831122,5.75668147,5.251214909,0,184.8136513
8,6,5,23.5190739,78.33880277,-12.05151253,78.26797028,0.270590259,0,0,0.016497576,5.666601048,5.002214482,0,179.0302378
8,6,6,19.776247,63.31373567,-12.05151253,63.2170068,0,0,0,0.014804992,4.576911292,3.956842786,0,142.804036
8,6,7,14.88408589,44.89655402,-12.05151253,49.99392254,0,0,0,0.014180328,3.619559992,2.658512395,0,104.0153026
8,6,8,13.95693521,40.95662801,-12.05151253,47.09852675,0,0,0,0.014103833,3.409933336,2.387416223,0,95.77203082
8,6,9,13.37044098,38.69984009,-12.05151253,45.26719226,0,0,0,0.013674523,3.27734472,2.229045407,0,90.80602544
8,6,10,13.59989221,39.9762821,-12.05151253,45.9737301,0,0,0,0.013581361,3.328498059,2.312923661,0,93.15339496
8,6,11,12.24754528,35.00054544,-12.05151253,42.95040638,0,0,0,0.013539229,3.109609422,1.960449405,0,83.23058262
8,6,12,10.50866259,28.44004145,-12.05151253,39.1069564,0.194336063,0,0,0.014134573,2.831343644,1.498173567,0,70.54213576
8,6,13,10.07184411,25.9309943,-12.05151253,37.79701752,1.344157771,0,0,0.014205345,2.736504068,1.334088851,0,67.17729943
8,6,14,8.260282803,18.35144695,-12.05151253,32.75677047,6.892821078,0,0,0.014415735,2.371590182,0.811004099,0,57.40681878
8,6,15,10.0150286,25.2597999,-12.05151253,38.78020736,21.41032488,0,0,0.01554802,2.807687013,1.293538699,0,87.53062194
8,6,16,16.12826723,49.71547864,-12.05151253,58.02543359,426.5095379,0,0,0.017438604,4.201041392,2.996227397,0,545.5419122
8,6,17,28.95709075,89.80342393,-12.05151253,94.62886939,501.8744868,0,0,0.025469977,6.851130144,5.943691419,0,716.0326498
8,6,18,17.28427171,48.88679744,-12.05151253,69.95223073,519.4786184,0,0,0.031996307,5.064541505,3.014459303,0,651.6614028
8,6,19,23.6779866,68.68355358,-12.05151253,109.31538,560.8582666,0,0,0.073021931,7.914433513,4.47326854,0,762.9443983
8,6,20,24.53982582,76.22731199,-12.05151253,81.96984783,523.566437,0,0,0.028054691,5.934616983,4.941460328,0,705.1560421
8,6,21,21.94663719,69.35323053,-12.05151253,71.73512215,516.1749271,0,0,0.019118795,5.193622844,4.414133384,0,676.7852795
8,6,22,22.55795364,71.03134851,-12.05151253,73.44190619,61.80491389,0,0,0.020806005,5.317194008,4.541654881,0,226.6642646
8,6,23,23.06489378,73.12531414,-12.05151253,74.26297728,55.99014175,0,0,0.019407213,5.376639555,4.686525333,0,224.4743865
8,7,0,25.94533955,83.61385344,-12.05151253,84.30868551,1.054492825,0,0,0.019514722,6.103948831,5.431177801,0,194.4255001
8,7,1,26.23827814,85.8828525,-12.05151253,83.99595382,0,0,0,0.017281583,6.081307057,5.573877728,0,195.7380383
8,7,2,22.96749286,73.70142544,-12.05151253,74.85897981,0,0,0,0.016507655,5.419790139,4.713189501,0,169.6258729
8,7,3,25.54679749,83.19356009,-12.05151253,87.33411408,0,0,0,0.016500207,6.322989859,5.385568669,0,195.7480179
8,7,4,25.43274188,82.76976892,-12.05151253,81.57653794,0,0,0,0.01662847,5.906141347,5.355610603,0,189.0059166
8,7,5,23.9279697,77.60205699,-12.05151253,75.53638875,0.270590259,0,0,0.016246662,5.468834546,4.983953239,0,175.7545276
8,7,6,22.18526405,71.7868363,-12.05151253,70.10135052,0,0,0,0.015325506,5.075337778,4.562976742,0,161.6755784
8,7,7,17.15450736,53.99968256,-12.05151253,56.09129038,0,0,0,0.014482668,4.061009423,3.29201913,0,122.561479
8,7,8,17.0567899,53.08369666,-12.05151253,56.57357597,0,0,0,0.014705348,4.0959269,3.235555853,0,122.0087381
8,7,9,16.35928685,51.10311324,-12.05151253,54.06446842,0,0,0,0.014458429,3.914267514,3.086386437,0,116.4904684
8,7,10,16.98817501,53.40280206,-12.05151253,55.24291526,0,0,0,0.014279938,3.999587065,3.249508175,0,120.845755
8,7,11,16.07235906,49.86437601,-12.05151253,53.36925106,0,0,0,0.014611647,3.863933777,3.001406895,0,114.1344259
8,7,12,10.22446771,27.84203525,-12.05151253,38.83764585,0.194336063,0,0,0.014619904,2.811845559,1.449034967,0,69.32247277
8,7,13,10.22296875,27.65610054,-12.05151253,38.93276054,1.344157771,0,0,0.014958452,2.818731863,1.438594911,0,70.37676028
8,7,14,12.58343247,35.23238634,-12.05151253,46.67126609,6.892821078,0,0,0.016654394,3.378999665,1.99207186,0,94.71611937
8,7,15,14.97250044,43.28152374,-12.05151253,55.0783147,21.41032488,0,0,0.018568855,3.987669984,2.573479899,0,129.27087
8,7,16,18.748919,54.68416153,-12.05151253,66.8880879,426.5095379,0,3047.316909,0.020486305,4.842697564,3.418953337,0,3610.37824
8,7,17,28.85671492,89.47224426,-12.05151253,94.58920123,501.8744868,0,3254.83886,0.025582022,6.848258169,5.919653778,0,3970.373488
8,7,18,21.46547249,63.94700301,-12.05151253,81.35890547,519.4786184,0,3241.510805,0.029812865,5.890384756,4.086205637,0,3925.715695
8,7,19,21.33475459,59.90991408,-12.05151253,84.76720501,560.8582666,0,3178.236667,0.038417933,6.137145643,3.854058797,0,3903.084917
8,7,20,24.69028588,75.05764755,-12.05151253,81.83295604,523.566437,0,3032.785471,0.025239662,5.924706017,4.884690644,0,3736.715921
8,7,21,23.33737814,73.17481201,-12.05151253,75.8456239,516.1749271,0,0,0.020896546,5.49122317,4.704459743,0,686.6978081
8,7,22,23.00495951,72.17847865,-12.05151253,74.5581716,61.80491389,0,0,0.019728754,5.398011624,4.630448258,0,229.5431998
8,7,23,23.34375671,70.86058112,-12.05151253,76.5285066,55.99014175,0,0,0.021704664,5.540663878,4.575912369,0,224.8097545
8,8,0,25.47228462,81.58583253,-12.05151253,83.64000523,1.054492825,0,0,0.021909291,6.055536379,5.291867877,0,191.0704162
8,8,1,26.57783503,85.63536954,-12.05151253,85.42092676,0,0,0,0.019459466,6.184475098,5.579006246,0,197.3655596
8,8,2,24.90484411,80.98135911,-12.05151253,80.37536899,0,0,0,0.0176836,5.819176715,5.226592271,0,185.2735123
8,8,3,24.0186853,77.87323136,-12.05151253,77.48937811,0,0,0,0.017553596,5.610230975,5.00411051,0,177.9616773
8,8,4,25.46499649,82.84944019,-12.05151253,81.69604101,0,0,0,0.01744995,5.914793369,5.361844875,0,189.2530534
8,8,5,22.92485415,74.80991023,-12.05151253,72.84216105,0.270590259,0,0,0.015833534,5.27377246,4.772557128,0,168.8581663
8,8,6,21.27805333,69.30549194,-12.05151253,66.99852776,0,0,0,0.014806166,4.85069341,4.374234224,0,154.7702943
8,8,7,14.35463574,44.0279002,-12.05151253,48.94060031,0,0,0,0.014044145,3.543299463,2.580638004,0,101.4096053
8,8,8,15.72251879,48.65935998,-12.05151253,51.65130686,0,0,0,0.013953559,3.739554616,2.914801399,0,110.6499827
8,8,9,14.40309272,43.82600589,-12.05151253,48.33821671,0,0,0,0.013620736,3.49968689,2.572091544,0,100.601202
8,8,10,12.51310322,36.85434766,-12.05151253,43.75011901,0,0,0,0.013259213,3.167508617,2.078497766,0,86.32532296
8,8,11,14.34188539,43.73758538,-12.05151253,48.09767736,0,0,0,0.013106864,3.482271841,2.563757274,0,100.1847716
8,8,12,8.65712101,21.97463618,-12.05151253,33.41854301,0.194336063,0,0,0.013295728,2.419502514,1.034919627,0,55.66084159
8,8,13,7.265210664,15.57843658,-12.05151253,29.3062345,1.344157771,0,0,0.013428209,2.121771378,0.601121903,0,44.17884847
8,8,14,10.6512801,28.48431478,-12.05151253,40.59138686,6.892821078,0,0,0.015360549,2.938816409,1.508583387,0,79.03105063
8,8,15,16.11438421,49.70851692,-12.05151253,57.91362063,21.41032488,0,0,0.017974341,4.192946133,2.995066345,0,140.3013209
8,8,16,22.91799493,71.2717462,-12.05151253,77.16430932,426.5095379,0,0,0.020488778,5.586695995,4.575099333,0,595.9943599
8,8,17,28.54762749,88.86289493,-12.05151253,93.27367378,501.8744868,0,0,0.025375408,6.753013982,5.86849685,0,713.1540567
8,8,18,15.67463022,42.45960086,-12.05151253,59.69717984,519.4786184,0,0,0.025876496,4.32207582,2.566807423,0,632.1732765
8,8,19,24.8169044,74.82605159,-12.05151253,90.62471083,560.8582666,0,0,0.041994813,6.561229064,4.8788434,0,750.5564882
8,8,20,23.57210414,71.30061257,-12.05151253,80.34670661,523.566437,0,0,0.029508957,5.817101559,4.613141073,0,697.1940994
8,8,21,21.50445699,66.00975514,-12.05151253,70.42403121,516.1749271,0,0,0.019066315,5.09869986,4.203272367,0,671.3826965
8,8,22,21.36358018,66.46886705,-12.05151253,70.04003659,61.80491389,0,0,0.019779871,5.070898649,4.220998063,0,216.9375618
8,8,23,22.39976483,69.79852058,-12.05151253,73.44033223,55.99014175,0,0,0.020885815,5.317080053,4.464175249,0,219.379388
8,9,0,22.88600911,72.63415634,-12.05151253,74.18611595,1.054492825,0,0,0.019879401,5.371074795,4.649203967,0,168.7494199
8,9,1,20.02295088,62.54579708,-12.05151253,67.20681502,0,0,0,0.018800839,4.865773407,3.927810013,0,146.5364347
8,9,2,22.1226532,70.27720521,-12.05151253,72.02702909,0,0,0,0.017468465,5.214756906,4.475402865,0,162.0830032
8,9,3,24.37854995,79.97491217,-12.05151253,78.7621984,0,0,0,0.017175732,5.702383164,5.141218592,0,181.9249255
8,9,4,23.68588138,76.54956341,-12.05151253,75.9089164,0,0,0,0.017492952,5.495805547,4.911845026,0,174.5179922
8,9,5,23.35740482,76.66526928,-12.05151253,74.35470529,0.270590259,0,0,0.017209652,5.383280663,4.899993699,0,172.8969411
8,9,6,19.93709262,64.89400875,-12.05151253,62.91552688,0,0,0,0.014449994,4.555084146,4.053823098,0,144.318473
8,9,7,7.99075148,17.47411124,-12.05151253,29.70753186,0,0,0,0.012902982,2.150825307,0.747123605,0,46.03173394
8,9,8,8.453936454,19.15722046,-12.05151253,30.3031976,0,0,0,0.012159875,2.193951506,0.866672192,0,48.93562554
8,9,9,6.216762481,10.23669766,-12.05151253,23.98610623,0,0,0,0.011757166,1.736594091,0.245188482,0,30.38159358
8,9,10,6.500087272,11.11754083,-12.05151253,24.41830835,0,0,0,0.011627295,1.767885524,0.310032637,0,32.07396937
8,9,11,4.572626857,4.343579208,-12.05151253,19.0823026,0,0,0,0.011287213,1.381558708,-0.17463657,0,17.16520548
8,9,12,3.862036103,2.263408524,-12.05151253,16.94292237,0.194336063,0,0,0.010969485,1.22666758,-0.330081982,0,12.11874561
8,9,13,3.940660183,2.117539413,-12.05151253,17.33488025,1.344157771,0,0,0.011531729,1.25504533,-0.333827531,0,13.61847461
8,9,14,4.511090875,3.732725912,-12.05151253,19.09682901,6.892821078,0,0,0.012253415,1.38261042,-0.212088653,0,23.36472952
8,9,15,4.660353983,3.55084922,-12.05151253,19.75246166,21.41032488,0,0,0.013197304,1.430078224,-0.21390523,0,38.5518475
8,9,16,8.685254351,17.336096,-12.05151253,33.22199016,426.5095379,0,0,0.015659879,2.405272088,0.778119966,0,476.9004178
8,9,17,25.77954542,83.93252516,-12.05151253,82.88469446,501.8744868,2430.709506,3030.22645,0.018894336,6.000851879,5.439693083,0,6154.815135
8,9,18,26.55673551,87.20204962,-12.05151253,85.73897331,519.4786184,0,2996.99006,0.020321451,6.207501667,5.665095084,0,3715.807843
8,9,19,25.25989275,79.05640063,-12.05151253,82.08675992,560.8582666,0,2959.336338,0.02344361,5.943081418,5.139148293,0,3705.651819
8,9,20,24.85342219,78.89072246,-12.05151253,80.50594072,523.566437,0,0,0.021117145,5.828630108,5.107279609,0,706.7220367
8,9,21,24.27327238,77.76466602,-12.05151253,77.71181975,516.1749271,0,0,0.019608102,5.62633575,5.012243921,0,694.5313605
8,9,22,23.72703703,75.27496633,-12.05151253,76.85182777,61.80491389,0,0,0.020437117,5.56407233,4.843142339,0,236.0348843
8,9,23,21.63569862,68.42198789,-12.05151253,70.52043187,55.99014175,0,0,0.018099392,5.105679268,4.34494389,0,213.9854701
8,10,0,20.52726791,63.13909146,-12.05151253,68.08891314,1.054492825,0,0,0.02004059,4.929637311,3.988946969,0,149.6968777
8,10,1,21.91299174,68.50271683,-12.05151253,71.45784278,0,0,0,0.017928072,5.173547818,4.364885719,0,159.3784004
8,10,2,25.78364956,85.57485675,-12.05151253,81.12740209,0,0,0,0.016928811,5.873623912,5.531399553,0,191.8563481
8,10,3,24.87884026,82.06445433,-12.05151253,78.4098602,0,0,0,0.016716714,5.676873878,5.28547226,0,184.2807051
8,10,4,22.07791579,70.68525868,-12.05151253,71.46925722,0,0,0,0.017656467,5.174374223,4.49563957,0,161.8685894
8,10,5,21.80454704,69.85453938,-12.05151253,70.04045439,0.270590259,0,0,0.016999113,5.070928898,4.434141865,0,159.4406884
8,10,6,17.32135014,55.02068032,-12.05151253,56.18160782,0,0,0,0.014333496,4.067548406,3.358181848,0,123.9121895
8,10,7,4.799088477,4.933328305,-12.05151253,19.91468687,0,0,0,0.012007136,1.441823329,-0.129173633,0,18.92024795
8,10,8,4.255812476,3.314605749,-12.05151253,18.50382278,0,0,0,0.011721683,1.339676769,-0.249596953,0,15.12452996
8,10,9,3.751797489,3.293305086,-12.05151253,16.2086046,0,0,0,0.011170363,1.173502973,-0.278857035,0,12.10801094
8,10,10,4.206963842,5.10096404,-12.05151253,17.04589066,0,0,0,0.011004658,1.234122484,-0.152817665,0,15.39461548
8,10,11,3.033801036,0.897387449,-12.05151253,13.99891023,0,0,0,0.010771707,1.013521101,-0.45230205,0,6.450576937
8,10,12,3.288472256,0.89576369,-12.05151253,15.05305799,0.194336063,0,0,0.010918273,1.089841399,-0.438207306,0,8.042669834
8,10,13,3.305392674,2.286175164,-12.05151253,14.92916179,1.344157771,0,0,0.01106453,1.080871314,-0.35981892,0,10.54549179
8,10,14,3.246459259,0.340847987,-12.05151253,14.71824985,6.892821078,0,0,0.011928613,1.065601289,-0.471456235,0,13.7529393
8,10,15,3.599446079,1.384870674,-12.05151253,16.0860762,21.41032488,0,0,0.012604575,1.164631917,-0.393642805,0,31.21279899
8,10,16,5.473364317,6.490216347,-12.05151253,22.701542,426.5095379,0,0,0.013980986,1.643591641,-0.004897805,0,450.7758228
8,10,17,25.20600591,81.180152,-12.05151253,82.57975717,501.8744868,0,0,0.01974009,5.978774419,5.254439748,0,690.0418436
8,10,18,24.19067441,77.87509904,-12.05151253,80.09616381,519.4786184,0,0,0.021416561,5.79896226,5.013794333,0,700.4232163
8,10,19,24.97484692,79.18358134,-12.05151253,81.94898059,560.8582666,0,0,0.022457515,5.933106195,5.130355206,0,746.0000819
8,10,20,24.81175733,79.75820802,-12.05151253,80.73342039,523.566437,0,0,0.020759851,5.845099636,5.153277822,0,707.8374475
8,10,21,23.84688569,77.41016035,-12.05151253,76.82069911,516.1749271,0,0,0.018420743,5.561818615,4.968748216,0,692.7501473
8,10,22,22.68817748,72.56345177,-12.05151253,73.14645899,61.80491389,0,0,0.018085186,5.295803631,4.634246501,0,228.0996249
8,10,23,22.21983453,70.51816387,-12.05151253,71.71371069,55.99014175,0,0,0.018236179,5.192072654,4.494237263,0,218.0948844
8,11,0,22.55635194,72.30224682,-12.05151253,72.42584342,0,0,0,0.018060006,5.243631064,4.612354703,0,165.1069754
8,11,1,22.847501,73.08950274,-12.05151253,73.09415683,0,0,0,0.017519651,5.292016955,4.67242186,0,166.9616065
8,11,2,22.33539922,72.03688809,-12.05151253,71.00200253,0,0,0,0.016154726,5.140544983,4.585267155,0,163.0647442
8,11,3,22.24713752,72.07190045,-12.05151253,70.68594354,0,0,0,0.015954175,5.117662312,4.582301167,0,162.6693866
8,11,4,22.24394756,72.07017038,-12.05151253,70.65729623,0,0,0,0.01596861,5.115588247,4.582027121,0,162.6334856
8,11,5,20.44069354,65.58070587,-12.05151253,64.15408555,0,0,0,0.014956666,4.644755794,4.120122699,0,146.9038076
8,11,6,5.760126219,8.876882813,-12.05151253,24.21690481,0,0,0,0.013079081,1.753303908,0.144012155,0,28.71279645
8,11,7,2.760414645,1.053373951,-12.05151253,12.36876964,0,0,0,0.007275599,0.895498922,-0.458841223,0,4.574978998
8,11,8,2.278497382,1.928996203,-12.05151253,10.07325518,0,0,0,0.004023563,0.729303675,-0.436911856,0,2.525651617
8,11,9,2.704419096,5.197894851,-12.05151253,11.33288219,0,0,0,0.004122471,0.820500671,-0.231110361,0,7.777196386
8,11,10,3.118118958,5.893165785,-12.05151253,13.00358634,0,0,0,0.004338195,0.941459651,-0.169340688,0,10.73981571
8,11,11,1.318326136,0.087961172,-12.05151253,6.154372902,0,0,0,0.003541112,0.445576598,-0.592939045,0,-4.63467366
8,11,12,1.652484716,0.520336743,-12.05151253,7.546179791,0,0,0,0.003754506,0.546343417,-0.550243093,0,-2.332656454
8,11,13,1.972968468,0.011524969,-12.05151253,8.915384762,0,0,0,0.005073125,0.645473857,-0.560732964,0,-1.061820317
8,11,14,1.819000184,0.018660436,-12.05151253,8.093705625,0,0,0,0.003393554,0.585984287,-0.568911552,0,-2.099679999
8,11,15,2.89095194,0.315602213,-12.05151253,13.01989658,0,0,0,0.010469564,0.942640512,-0.492664182,0,4.635384091
8,11,16,5.340836073,5.786478321,-12.05151253,22.77550955,0,0,0,0.013779493,1.648946891,-0.051477836,0,23.46255995
8,11,17,25.71688736,80.62018994,-12.05151253,85.9743207,0,0,0,0.022964116,6.224540819,5.251705957,0,191.7590964
8,11,18,25.82181214,82.07054917,-12.05151253,83.80023201,0,0,0,0.0224038,6.067136797,5.338335277,0,191.0689567
8,11,19,21.61964801,66.71928159,-12.05151253,74.1256249,0,0,0,0.022405812,5.366695243,4.24920913,0,160.0513521
8,11,20,21.46466131,66.74879844,-12.05151253,73.08895585,0,0,0,0.021264884,5.291640403,4.24222046,0,158.8060288
8,11,21,19.98897493,61.21051318,-12.05151253,68.00934467,0,0,0,0.020854112,4.923876554,3.851542239,0,145.9535931
8,11,22,19.14509365,56.8669492,-12.05151253,65.61390713,0,0,0,0.020943173,4.750446876,3.562601539,0,137.908429
8,11,23,18.49255556,55.88864431,-12.05151253,62.73549239,0,0,0,0.017706157,4.542049649,3.471763585,0,133.0966991
8,12,0,26.13420361,85.92363122,-12.05151253,85.01111823,1.054492825,0,0,0.017764037,6.15480496,5.570352152,0,197.8148545
8,12,1,25.32558094,83.72294836,-12.05151253,81.30567826,0,0,0,0.016332662,5.886531106,5.402733834,0,189.6082926
8,12,2,23.90484692,79.11895389,-12.05151253,77.63832419,0,0,0,0.015400098,5.621014671,5.067156457,0,179.3141837
8,12,3,23.18567957,76.69573412,-12.05151253,72.28954885,0,0,0,0.01544188,5.233763337,4.892125494,0,170.2607807
8,12,4,17.93477217,57.23693202,-12.05151253,59.73612911,0,0,0,0.015107369,4.324895747,3.515794675,0,130.7121186
8,12,5,15.55614661,48.19774714,-12.05151253,52.51740856,0.270590259,0,0,0.014716367,3.80226038,2.879822634,0,111.1871794
8,12,6,9.405614748,26.54399925,-12.05151253,35.03545149,0,0,0,0.01235956,2.536566688,1.331124252,0,62.81360345
8,12,7,1.995230065,1.337400954,-12.05151253,9.552525231,0,0,0,0.008753444,0.691602827,-0.4856417,0,1.048358285
8,12,8,1.829142241,1.517010542,-12.05151253,8.874722399,0,0,0,0.009318931,0.642529902,-0.484888538,0,0.336322941
8,12,9,2.599755309,2.002164938,-12.05151253,11.9223241,0,0,0,0.009726343,0.863176265,-0.41494229,0,4.930692133
8,12,10,3.71364118,6.49091395,-12.05151253,15.33523073,0,0,0,0.009784118,1.110270705,-0.102875527,0,14.50545262
8,12,11,2.629539613,2.273965243,-12.05151253,11.62921981,0,0,0,0.008964814,0.841955514,-0.398144028,0,4.933988429
8,12,12,3.171670272,0.349412017,-12.05151253,14.15041219,0.194336063,0,0,0.010760964,1.024489843,-0.475144965,0,6.374423849
8,12,13,2.776312225,0.08151276,-12.05151253,12.42683542,1.344157771,0,0,0.01050827,0.899702885,-0.512088396,0,4.975428404
8,12,14,2.877153419,0.153721049,-12.05151253,12.92278493,6.892821078,0,0,0.010913493,0.935609629,-0.50244954,0,11.23904153
8,12,15,3.691714355,1.129037346,-12.05151253,16.29468266,21.41032488,0,0,0.012319863,1.179735024,-0.402753378,0,31.26354821
8,12,16,6.941117972,14.3646918,-12.05151253,28.32269891,426.5095379,0,0,0.014169432,2.050563401,0.515464356,0,466.6667312
8,12,17,27.44571936,86.24147852,-12.05151253,96.60276187,501.8744868,0,0,0.028071021,6.99403996,5.661107674,0,712.7961526
8,12,18,26.17522302,83.62454129,-12.05151253,87.15881102,519.4786184,0,0,0.022147804,6.310297918,5.444577624,0,716.1627045
8,12,19,21.20430727,64.67346825,-12.05151253,72.00683683,560.8582666,0,0,0.021563016,5.213294986,4.112122848,0,716.0383473
8,12,20,21.64964411,67.34396005,-12.05151253,72.06060822,523.566437,0,0,0.019467096,5.217188035,4.285674504,0,682.0914665
8,12,21,20.9436976,64.62544685,-12.05151253,69.45438883,516.1749271,0,0,0.019442515,5.028497751,4.094932098,0,668.2898202
8,12,22,20.61664206,64.77275416,-12.05151253,68.14940347,61.80491389,0,0,0.018378096,4.934016811,4.084920121,0,212.3295161
8,12,23,21.28545883,65.95125357,-12.05151253,69.87067527,55.99014175,0,0,0.018784006,5.05863689,4.187815633,0,210.3112534
8,13,0,26.0686555,86.55903291,-12.05151253,84.33457094,1.054492825,0,0,0.018459863,6.105822936,5.602092996,0,197.6916154
8,13,1,23.14177042,75.61154735,-12.05151253,74.95574697,0,0,0,0.017350707,5.426796081,4.829290552,0,171.9309895
8,13,2,24.24654584,79.59321748,-12.05151253,76.48306969,0,0,0,0.016697726,5.537374245,5.112605568,0,178.937998
8,13,3,23.74882679,77.73844454,-12.05151253,75.069913,0,0,0,0.016616062,5.435061702,4.981571765,0,174.9389213
8,13,4,25.02523329,81.75531017,-12.05151253,78.80858174,0,0,0,0.017399703,5.705741318,5.276407023,0,184.5371607
8,13,5,24.71944859,79.20545034,-12.05151253,78.47616474,0.270590259,0,0,0.018332616,5.681674327,5.117347622,0,181.437496
8,13,6,21.34325859,68.05677273,-12.05151253,67.48992822,0,0,0,0.016082426,4.886270803,4.308312496,0,154.0491127
8,13,7,16.23784865,50.0060986,-12.05151253,54.24715727,0,0,0,0.014932509,3.927494186,3.018518614,0,115.4005373
8,13,8,15.67940696,47.82594484,-12.05151253,53.05682143,0,0,0,0.015249872,3.841313871,2.865978847,0,111.2332033
8,13,9,14.69029543,44.07421124,-12.05151253,50.34939311,0,0,0,0.015042614,3.645296061,2.601913774,0,103.3246397
8,13,10,14.73557015,44.35575084,-12.05151253,50.39160128,0,0,0,0.015020231,3.648351933,2.620117331,0,103.7148992
8,13,11,12.36131698,35.53758928,-12.05151253,44.64795707,0,0,0,0.014816243,3.232512092,1.996699831,0,85.73937896
8,13,12,11.73180693,33.36696891,-12.05151253,43.14358044,0.194336063,0,0,0.01494217,3.123595224,1.840732566,0,81.36444976
8,13,13,11.87190901,33.73873563,-12.05151253,43.56263634,1.344157771,0,0,0.014905827,3.153934871,1.869243658,0,83.50401057
8,13,14,11.99485089,33.81517564,-12.05151253,44.19309201,6.892821078,0,0,0.015571339,3.199579861,1.880349229,0,89.93992751
8,13,15,11.95759828,33.07680361,-12.05151253,44.36741911,21.41032488,0,0,0.016180848,3.212201143,1.837146937,0,103.8261623
8,13,16,19.36814428,57.04058808,-12.05151253,69.43200456,426.5095379,0,0,0.022886769,5.02687713,3.584697144,0,568.9332233
8,13,17,28.02908398,89.0300696,-12.05151253,91.78671942,501.8744868,0,0,0.022485993,6.645358486,5.848925606,0,711.1856173
8,13,18,20.09963148,56.45776185,-12.05151253,99.7607899,519.4786184,0,0,0.07374604,7.222681189,3.592977561,0,694.6346939
8,13,19,28.13861682,86.33741888,-12.05151253,109.6692264,560.8582666,0,0,0.057064337,7.940051993,5.70504594,0,786.6541785
8,13,20,25.57830778,80.97450439,-12.05151253,83.26954426,523.566437,0,0,0.023741373,6.028715005,5.263722389,0,712.6534596
8,13,21,26.47174861,83.12365263,-12.05151253,86.22481731,516.1749271,0,0,0.025200454,6.242676773,5.433194601,0,711.644705
8,13,22,24.55293172,76.37148622,-12.05151253,79.31274605,61.80491389,0,0,0.020825715,5.742242814,4.950220832,0,240.7038547
8,13,23,28.13229657,92.19745967,-12.05151253,92.45292827,55.99014175,0,0,0.021132385,6.693592006,6.031098174,0,269.4671363
8,14,0,20.06598922,62.7187098,-12.05151253,70.74671827,1.054492825,0,0,0.019798226,5.122062403,3.939838487,0,151.6160967
8,14,1,24.48015858,79.28083765,-12.05151253,79.02450748,0,0,0,0.018122185,5.721374341,5.108218242,0,181.5817059
8,14,2,23.1820677,75.17291805,-12.05151253,74.71376157,0,0,0,0.017144289,5.409276338,4.807103458,0,171.2507589
8,14,3,23.01672674,74.72436302,-12.05151253,74.04527849,0,0,0,0.016982769,5.360878162,4.772909452,0,169.8856261
8,14,4,24.7030094,81.68744433,-12.05151253,79.2012227,0,0,0,0.017098179,5.734168523,5.254679024,0,184.5461096
8,14,5,21.50457525,68.40915824,-12.05151253,69.45343635,0.270590259,0,0,0.016955993,5.028428792,4.336925708,0,156.9685581
8,14,6,21.25584585,69.66105105,-12.05151253,66.85718291,0,0,0,0.014857241,4.840460042,4.392801909,0,154.9706865
8,14,7,16.44167464,51.54055585,-12.05151253,54.6803296,0,0,0,0.01465992,3.958855863,3.11534099,0,117.6999043
8,14,8,17.47437041,54.91498855,-12.05151253,56.68056634,0,0,0,0.014595132,4.103673003,3.360818046,0,124.4974989
8,14,9,15.97059544,48.91573906,-12.05151253,53.42581143,0,0,0,0.0148402,3.868028747,2.942899584,0,113.0864019
8,14,10,15.6083774,47.91136996,-12.05151253,52.48308619,0,0,0,0.014645758,3.79977544,2.86678068,0,110.6325229
8,14,11,11.96487575,34.76301884,-12.05151253,43.68095873,0,0,0,0.014478252,3.162501412,1.93147448,0,83.46579493
8,14,12,12.48568341,36.70007221,-12.05151253,45.1501341,0.194336063,0,0,0.015012453,3.268869709,2.06837734,0,87.83097275
8,14,13,11.17767041,30.09461045,-12.05151253,41.3066791,1.344157771,0,0,0.015016514,2.990603567,1.627596795,0,76.50482206
8,14,14,12.69702633,36.60286772,-12.05151253,45.97884905,6.892821078,0,0,0.015468738,3.328868671,2.07473485,0,95.5391239
8,14,15,13.35304929,38.6052182,-12.05151253,49.00251112,21.41032488,0,0,0.016780333,3.547781805,2.222806251,0,116.1069594
8,14,16,16.50190383,45.69330552,-12.05151253,61.07761289,426.5095379,0,0,0.023063305,4.422019173,2.793003913,0,544.968934
8,14,17,22.07962333,65.08575539,-12.05151253,93.80913174,501.8744868,0,0,0.02857826,6.791781138,4.183842346,0,681.8016864
8,14,18,25.61952327,78.61845448,-12.05151253,104.8761268,519.4786184,0,0,0.055047231,7.59303158,5.134786112,0,729.3240753
8,14,19,30.07193908,94.04567621,-12.05151253,213.1691335,560.8582666,0,0,0.177341317,15.43344527,6.242081923,0,907.9463714
8,14,20,28.27405095,88.28693022,-12.05151253,92.49226298,523.566437,0,0,0.025986822,6.69643984,5.821177403,0,733.1117727
8,14,21,25.17570839,77.32677027,-12.05151253,81.93100555,516.1749271,0,0,0.024691448,5.931804802,5.038118813,0,699.5515139
8,14,22,26.33173635,83.77376572,-12.05151253,84.79062072,61.80491389,0,0,0.020729757,6.13884094,5.461607217,0,256.2707021
8,14,23,27.64901371,88.03531844,-12.05151253,89.99639885,55.99014175,0,0,0.022219071,6.515739276,5.772348053,0,261.9296666
8,15,0,26.92720761,87.69907209,-12.05151253,88.83596749,1.054492825,0,0,0.02120175,6.431724046,5.713414531,0,204.6315678
8,15,1,23.06495895,73.56510846,-12.05151253,76.64983912,0,0,0,0.019947226,5.549448352,4.711025507,0,171.5088151
8,15,2,23.38785265,74.81238924,-12.05151253,75.98113468,0,0,0,0.017984671,5.50103415,4.798484225,0,172.4473671
8,15,3,24.05730372,78.04999585,-12.05151253,77.25091051,0,0,0,0.017003469,5.592965921,5.016107337,0,177.9327743
8,15,4,23.66705143,77.49834739,-12.05151253,76.20769598,0,0,0,0.01690893,5.517437189,4.963643466,0,175.8195719
8,15,5,23.3546505,75.31616605,-12.05151253,74.91374873,0.270590259,0,0,0.017531967,5.423755408,4.824695234,0,172.0696256
8,15,6,20.81786383,67.3730242,-12.05151253,66.27918739,0,0,0,0.015208146,4.798613167,4.240963215,0,151.4733474
8,15,7,16.24494857,51.23381717,-12.05151253,54.30444728,0,0,0,0.014392894,3.931641983,3.087298004,0,116.7650334
8,15,8,17.93776071,57.50915858,-12.05151253,57.88386741,0,0,0,0.014243066,4.190792001,3.531124156,0,129.0154334
8,15,9,14.06867632,42.97066677,-12.05151253,48.69344778,0,0,0,0.014253234,3.525405619,2.505822162,0,99.72675935
8,15,10,14.57010417,44.82524102,-12.05151253,49.97675375,0,0,0,0.014207362,3.618316972,2.637051479,0,103.5901622
8,15,11,11.79543443,34.47476741,-12.05151253,42.9136879,0,0,0,0.014245027,3.106951004,1.905980994,0,82.15955423
8,15,12,16.8045237,53.12071156,-12.05151253,55.4906558,0.194336063,0,0,0.014712405,4.01752348,3.223566356,0,120.8145168
8,15,13,14.51345432,45.55350706,-12.05151253,51.33405288,1.344157771,0,0,0.015078788,3.716585428,2.674460501,0,107.0997842
8,15,14,11.9650322,34.46456877,-12.05151253,44.03854632,6.892821078,0,0,0.015183191,3.188390754,1.914859526,0,90.42788931
8,15,15,16.56399441,51.20609223,-12.05151253,59.06136126,21.41032488,0,0,0.018138326,4.276042556,3.103524578,0,143.5879657
8,15,16,18.50938205,51.76541559,-12.05151253,67.26850215,426.5095379,0,0,0.024965077,4.870239556,3.24303698,0,560.1395667
8,15,17,18.91756881,54.53138626,-12.05151253,79.06903816,501.8744868,0,0,0.026279295,5.724598363,3.419837549,0,651.5116827
8,15,18,27.96508409,85.24022488,-12.05151253,141.0165476,519.4786184,0,0,0.090796082,10.20959805,5.634266462,0,777.5836231
8,15,19,27.15899559,81.65555239,-12.05151253,151.8259568,560.8582666,0,0,0.092247847,10.99219927,5.389701074,0,825.9214071
8,15,20,24.72788713,76.45565693,-12.05151253,85.51745518,523.566437,0,0,0.028284636,6.191463755,4.964654156,0,709.4003262
8,15,21,23.05988759,71.58192464,-12.05151253,75.52972567,516.1749271,0,0,0.023621325,5.468352138,4.600279693,0,684.3872056
8,15,22,23.05029232,72.18250134,-12.05151253,75.11839505,61.80491389,0,0,0.021381204,5.438571802,4.633197359,0,230.1977404
8,15,23,23.74647617,74.63627186,-12.05151253,76.93122246,55.99014175,0,0,0.02099593,5.569820506,4.808649817,0,229.652066
8,16,0,23.69034723,74.87385518,-12.05151253,76.69375073,1.054492825,0,0,0.020374436,5.552627553,4.818756826,0,174.6526922
8,16,1,26.87600193,88.50628359,-12.05151253,86.98800211,0,0,0,0.0193564,6.297931353,5.755524055,0,202.3915869
8,16,2,25.18644634,83.15260691,-12.05151253,80.2673287,0,0,0,0.017756081,5.811354598,5.363216018,0,187.7471961
8,16,3,24.78761535,81.48809467,-12.05151253,78.32542912,0,0,0,0.01694628,5.670761069,5.2482878,0,183.4856218
8,16,4,24.7621997,81.74945258,-12.05151253,79.49111981,0,0,0,0.01717181,5.755157074,5.261429784,0,184.9850182
8,16,5,22.7567114,73.46152148,-12.05151253,77.4163557,0.270590259,0,0,0.017755657,5.604944152,4.688086323,0,172.1644524
8,16,6,20.45714258,66.12188244,-12.05151253,64.87291745,0,0,0,0.014921156,4.696799223,4.151182445,0,148.2633328
8,16,7,15.29826037,47.36232128,-12.05151253,51.37957684,0,0,0,0.014399824,3.719881363,2.81892515,0,108.5418523
8,16,8,15.50664829,47.4276585,-12.05151253,51.45756948,0,0,0,0.014224141,3.725528031,2.83417164,0,108.9142876
8,16,9,13.95849136,42.24382247,-12.05151253,47.92161354,0,0,0,0.014189491,3.46952482,2.459199632,0,98.01532878
8,16,10,15.81851005,48.89092951,-12.05151253,52.12927829,0,0,0,0.014165369,3.774159749,2.933046535,0,111.508577
8,16,11,16.35042452,50.70728049,-12.05151253,53.49271403,0,0,0,0.014190494,3.872872496,3.063844921,0,115.4498144
8,16,12,15.1116433,45.28705988,-12.05151253,50.2696695,0.194336063,0,0,0.014505895,3.639524072,2.692938519,0,105.1581647
8,16,13,12.59918881,36.51976178,-12.05151253,44.86127633,1.344157771,0,0,0.014685766,3.247956407,2.064656299,0,88.60017063
8,16,14,11.25051904,31.88610713,-12.05151253,41.81737514,6.892821078,0,0,0.015075026,3.02757796,1.73144083,0,84.56940368
8,16,15,12.62810036,35.52014664,-12.05151253,46.59937486,21.41032488,0,0,0.016054484,3.37379474,2.01058811,0,109.5068715
8,16,16,17.24171141,48.12974263,-12.05151253,63.02168935,426.5095379,0,0,0.02184555,4.562770309,2.969920742,0,550.4057053
8,16,17,18.72016452,53.21390145,-12.05151253,68.58858122,501.8744868,0,0,0.025420454,4.96581328,3.335458226,0,638.6723134
8,16,18,25.67594898,75.5480559,-12.05151253,136.9595846,519.4786184,0,0,0.114144442,9.915873928,4.966907824,0,760.6076216
8,16,19,25.95708186,76.97942923,-12.05151253,150.4277277,560.8582666,0,0,0.126678832,10.89096749,5.06229442,0,818.2509337
8,16,20,24.80118659,75.56482185,-12.05151253,84.71974085,523.566437,0,0,0.029515377,6.133709237,4.919117422,0,707.6830158
8,16,21,23.49910958,75.78669846,-12.05151253,76.12580835,516.1749271,0,0,0.018919832,5.511508525,4.85895026,0,689.9244096
8,16,22,24.60134091,78.93468162,-12.05151253,89.79209723,61.80491389,0,0,0.020014921,6.500947839,5.095687207,0,254.6981711
8,16,23,24.6939329,80.07546387,-12.05151253,79.91458073,55.99014175,0,0,0.019767005,5.785815645,5.164386152,0,239.5925755
8,17,0,23.02657876,74.37998248,-12.05151253,74.68101223,1.054492825,0,0,0.018386867,5.406905285,4.754276213,0,171.2701221
8,17,1,23.54789331,76.26345022,-12.05151253,75.54037734,0,0,0,0.017794251,5.469123319,4.888222587,0,173.6753485
8,17,2,24.1028331,78.83330185,-12.05151253,77.77728832,0,0,0,0.017519017,5.631075675,5.062273469,0,179.3727789
8,17,3,23.80407244,77.73745196,-12.05151253,76.11574915,0,0,0,0.017242336,5.510780239,4.984593661,0,176.1183773
8,17,4,23.38053322,75.64784096,-12.05151253,74.28176838,0,0,0,0.01668057,5.37800003,4.844611194,0,171.4979218
8,17,5,22.01297574,71.10334501,-12.05151253,70.9885296,0.270590259,0,0,0.016438132,5.139569543,4.515309818,0,161.9952456
8,17,6,19.61850511,64.08727112,-12.05151253,62.29445444,0,0,0,0.01456741,4.510118501,3.991142488,0,142.4645465
8,17,7,14.5735084,44.50897804,-12.05151253,48.9161254,0,0,0,0.013962953,3.541527479,2.619625247,0,102.122215
8,17,8,14.83245286,45.55784206,-12.05151253,49.63841082,0,0,0,0.013979299,3.593820944,2.692470179,0,104.2774636
8,17,9,14.46981326,44.1407331,-12.05151253,48.47799334,0,0,0,0.013672095,3.509806718,2.593338184,0,101.1538442
8,17,10,14.71625118,44.87729433,-12.05151253,49.18510143,0,0,0,0.013920467,3.561001344,2.648091237,0,102.9501475
8,17,11,10.78357474,29.82554103,-12.05151253,39.22349614,0,0,0,0.013717785,2.839781121,1.5906585,0,72.22525678
8,17,12,9.346818398,23.84189842,-12.05151253,35.55165339,0.194336063,0,0,0.013870374,2.573939705,1.177342278,0,60.64834609
8,17,13,9.291069374,24.0282498,-12.05151253,35.29706579,1.344157771,0,0,0.013789214,2.555507563,1.18461683,0,61.66294381
8,17,14,10.28781585,28.11721157,-12.05151253,38.47796351,6.892821078,0,0,0.01411443,2.785804558,1.467890779,0,75.99210924
8,17,15,9.157336903,23.30710762,-12.05151253,35.29859422,21.41032488,0,0,0.014326446,2.555618222,1.137000312,0,80.82879607
8,17,16,13.0061848,36.25057844,-12.05151253,48.28985007,426.5095379,0,0,0.017164884,3.496185145,2.072332464,0,517.5903211
8,17,17,28.43073197,87.56241134,-12.05151253,92.98544394,501.8744868,0,0,0.02536199,6.732146141,5.789548834,0,711.3486185
8,17,18,21.46638827,63.1321829,-12.05151253,77.35015293,519.4786184,0,0,0.030309307,5.600151072,4.040871166,0,679.0471615
8,17,19,28.20879563,86.20315137,-12.05151253,107.2934744,560.8582666,0,0,0.036040874,7.768047547,5.7014762,0,784.0177401
8,17,20,23.82075753,76.65496006,-12.05151253,77.63349993,523.566437,0,0,0.020822688,5.620665395,4.925228222,0,700.1908583
8,17,21,23.07566781,74.72667957,-12.05151253,74.94953038,516.1749271,0,0,0.018743462,5.426346,4.776321501,0,687.0967033
8,17,22,22.23474901,70.43814103,-12.05151253,72.27357816,61.80491389,0,0,0.018701998,5.232607059,4.490610727,0,224.4417893
8,17,23,22.2023012,70.55862863,-12.05151253,72.14150014,55.99014175,0,0,0.018242215,5.22304461,4.495514543,0,218.5778606
8,18,0,22.13213597,70.46001364,-12.05151253,71.78402338,1.054492825,0,0,0.018459273,5.197163293,4.486113485,0,163.0808893
8,18,1,26.13666508,85.54939024,-12.05151253,84.55950106,0,0,0,0.01845375,6.122107877,5.549644033,0,195.8842495
8,18,2,24.23389292,78.79432084,-12.05151253,78.16335556,0,0,0,0.017231324,5.659026943,5.067402258,0,179.8837173
8,18,3,22.58468414,72.85372552,-12.05151253,73.91462499,0,0,0,0.017161545,5.35141885,4.64465017,0,167.3147527
8,18,4,24.3256213,79.72819743,-12.05151253,77.47089811,0,0,0,0.016370332,5.608893023,5.124528455,0,180.2229961
8,18,5,22.52503524,73.46946831,-12.05151253,71.1046051,0.270590259,0,0,0.01537061,5.147973409,4.6756246,0,165.157155
8,18,6,15.92425187,49.45258555,-12.05151253,51.32744096,0,0,0,0.013299008,3.716106726,2.970220596,0,111.3523922
8,18,7,3.502641236,1.476526248,-12.05151253,15.53608183,0,0,0,0.010442808,1.124812325,-0.393929619,0,9.205062296
8,18,8,3.102463288,1.163055442,-12.05151253,14.12506696,0,0,0,0.009918977,1.022654848,-0.433679855,0,6.937967131
8,18,9,2.990192271,1.368788428,-12.05151253,13.62144671,0,0,0,0.009853506,0.986192741,-0.428474023,0,6.496487094
8,18,10,2.992801689,0.99616146,-12.05151253,13.74481115,0,0,0,0.009977837,0.995124327,-0.449084001,0,6.238279924
8,18,11,3.343594368,1.829247726,-12.05151253,14.94075414,0,0,0,0.010363025,1.0817106,-0.383141944,0,8.771015381
8,18,12,2.954012536,0.937195707,-12.05151253,13.30695118,0.194336063,0,0,0.010610515,0.963423265,-0.454528949,0,5.86048778
8,18,13,2.951451556,1.680422497,-12.05151253,13.22018576,1.344157771,0,0,0.010745449,0.957141449,-0.413273863,0,7.699318088
8,18,14,2.643359294,0.125598136,-12.05151253,12.02338525,6.892821078,0,0,0.01056462,0.870493092,-0.517038319,0,9.997670613
8,18,15,2.995726726,0.083011074,-12.05151253,13.47514506,21.41032488,0,0,0.01097491,0.975600503,-0.499783553,0,26.39948707
8,18,16,5.496993996,6.667080557,-12.05151253,23.1783349,426.5095379,0,0,0.013475073,1.678111447,0.006269704,0,451.498291
8,18,17,26.1213914,83.59254011,-12.05151253,86.00552487,501.8744868,0,0,0.021972886,6.226800001,5.439796737,0,697.2310002
8,18,18,24.17886404,76.14426887,-12.05151253,80.90782407,519.4786184,0,0,0.021087348,5.857726463,4.916729255,0,699.4536059
8,18,19,26.07407839,84.71723851,-12.05151253,84.49930853,560.8582666,0,0,0.02066355,6.117749938,5.499807103,0,755.7356001
8,18,20,26.10599305,84.71056331,-12.05151253,84.51722006,523.566437,0,0,0.020602915,6.119046732,5.501212941,0,718.4895634
8,18,21,25.34344344,83.21958836,-12.05151253,81.81084178,516.1749271,0,0,0.02037923,5.923104945,5.375691623,0,705.816464
8,18,22,25.37111626,81.30689263,-12.05151253,81.74556654,61.80491389,0,0,0.021315591,5.918379017,5.270695847,0,249.3873672
8,18,23,24.34298071,78.22559323,-12.05151253,77.66498932,55.99014175,0,0,0.018177395,5.622945227,5.041800321,0,234.8551154
8,19,0,24.09486368,77.84199106,-12.05151253,76.05356402,0,0,0,0.016248167,5.506278035,5.00661356,0,176.468046
8,19,1,22.83602105,73.4573435,-12.05151253,72.46717358,0,0,0,0.015927744,5.246623367,4.692271157,0,166.6638479
8,19,2,22.80277274,73.96831099,-12.05151253,71.89987211,0,0,0,0.015579583,5.205550741,4.718880115,0,166.5594537
8,19,3,22.40332952,72.62485308,-12.05151253,70.84374633,0,0,0,0.015264945,5.129087235,4.621800522,0,163.5865691
8,19,4,22.28820842,72.71446951,-12.05151253,70.3070278,0,0,0,0.015103291,5.090228813,4.620379913,0,162.9839052
8,19,5,21.19927978,69.07510581,-12.05151253,67.14545636,0,0,0,0.014831581,4.86133104,4.357014029,0,154.6015061
8,19,6,7.829431205,16.89824157,-12.05151253,29.78297863,0,0,0,0.012733745,2.156287653,0.706062125,0,45.33422239
8,19,7,0.56168531,0.010489987,-12.05151253,2.832342083,0,0,0,0.001561725,0.205061567,-0.639399084,0,-9.079770946
8,19,8,0.651804302,0.020431854,-12.05151253,3.258823138,0,0,0,0.001543578,0.235938795,-0.633825694,0,-8.516796561
8,19,9,0.818873486,2.262993608,-12.05151253,3.706945679,0,0,0,0.000565954,0.268382867,-0.499609251,0,-5.493360191
8,19,10,0.549766476,1.760835502,-12.05151253,2.581458372,0,0,0,0.000432729,0.186897586,-0.542568718,0,-7.514690586
8,19,11,0.186521695,0.009941867,-12.05151253,1.153551255,0,0,0,0.000307652,0.083517111,-0.660326228,0,-11.27799918
8,19,12,0.221411241,0.009722611,-12.05151253,1.22577633,0,0,0,0.000322382,0.088746206,-0.658395093,0,-11.16392886
8,19,13,0.254481013,0.018514031,-12.05151253,1.352433673,0,0,0,0.000340959,0.097916198,-0.656063424,0,-10.98389008
8,19,14,0.37153536,0.02622966,-12.05151253,1.821559472,0,0,0,0.000405254,0.131880906,-0.649113737,0,-10.34901562
8,19,15,0.407742147,0.025714834,-12.05151253,1.967155809,0,0,0,0.000424005,0.142422081,-0.647125694,0,-10.15517935
8,19,16,2.604907332,1.541492371,-12.05151253,11.87785058,0,0,0,0.011572067,0.859956382,-0.440314785,0,4.403951418
8,19,17,25.02109301,80.65801107,-12.05151253,81.90848423,0,0,0,0.019989457,5.930174258,5.215056849,0,186.7012963
8,19,18,27.85988287,91.66369124,-12.05151253,88.90358565,0,0,0,0.02042367,6.436619601,5.98619383,0,208.8188843
8,19,19,24.18962953,77.06651835,-12.05151253,78.92341917,0,0,0,0.020199721,5.714055548,4.968698189,0,178.831008
8,19,20,23.57402024,74.58763598,-12.05151253,77.63126653,0,0,0,0.020738787,5.620503697,4.796335003,0,174.1789877
8,19,21,22.33631357,70.07263737,-12.05151253,73.70556086,0,0,0,0.020563857,5.336282607,4.475909319,0,163.8957551
8,19,22,22.58699206,70.85616475,-12.05151253,74.02032713,0,0,0,0.020054496,5.359071685,4.533514586,0,165.3246122
8,19,23,21.5378808,68.35948911,-12.05151253,70.23311868,0,0,0,0.017745622,5.084877792,4.336014256,0,157.5176137
8,20,0,22.03208315,71.07077638,-12.05151253,71.1379132,0,0,0,0.016493913,5.150384916,4.514560028,0,161.8706991
8,20,1,20.66592011,66.66621316,-12.05151253,67.10075736,0,0,0,0.015722496,4.858094833,4.193130575,0,151.448326
8,20,2,21.55037579,71.04208842,-12.05151253,68.66975302,0,0,0,0.015036083,4.971690118,4.486131008,0,158.6835619
8,20,3,21.82029952,71.59811786,-12.05151253,69.14214659,0,0,0,0.01516191,5.005891413,4.5321366,0,160.0622414
8,20,4,21.90644731,72.1921202,-12.05151253,69.27924877,0,0,0,0.015080259,5.015817611,4.570020962,0,160.9272226
8,20,5,21.11171912,68.61109833,-12.05151253,66.89737978,0,0,0,0.015327716,4.843370296,4.326291684,0,153.7536744
8,20,6,17.7529395,55.9276652,-12.05151253,57.23000096,0,0,0,0.014474395,4.143452069,3.432740434,0,126.44976
8,20,7,7.476808946,16.4139657,-12.05151253,28.22940472,0,0,0,0.012159595,2.043808902,0.659446899,0,42.78408223
8,20,8,5.763146046,9.056088063,-12.05151253,22.57760825,0,0,0,0.011438825,1.634618837,0.154162092,0,27.14554958
8,20,9,4.936821117,5.534609548,-12.05151253,20.11942669,0,0,0,0.011332958,1.456646492,-0.08801056,0,19.91931371
8,20,10,3.009034906,0.843803369,-12.05151253,13.96862524,0,0,0,0.010800219,1.011328467,-0.456666156,0,6.335413508
8,20,11,2.956549078,0.876278569,-12.05151253,13.71379973,0,0,0,0.010643739,0.9928791,-0.457780748,0,6.04085693
8,20,12,4.387551142,5.984328338,-12.05151253,18.62027358,0,0,0,0.01117862,1.348107807,-0.093555561,0,18.20637139
8,20,13,3.140471211,0.554136815,-12.05151253,14.12800609,0,0,0,0.010955474,1.022867641,-0.465479581,0,6.339445113
8,20,14,3.05206044,0.032304639,-12.05151253,13.72802524,0,0,0,0.010977889,0.993909027,-0.499470113,0,5.266294583
8,20,15,3.187061946,0.225309177,-12.05151253,14.33857996,0,0,0,0.011323056,1.038113189,-0.481200177,0,6.267674619
8,20,16,4.897359758,4.002584359,-12.05151253,21.20903952,0,0,0,0.013793871,1.535534461,-0.175542361,0,19.43125708
8,20,17,25.20611681,81.32140426,-12.05151253,83.2181848,0,0,0,0.020952539,6.02499658,5.262313675,0,189.0024561
8,20,18,26.63719567,85.35797746,-12.05151253,85.06856104,0,0,0,0.02026803,6.158963819,5.566861895,0,196.7583154
8,20,19,24.0136223,75.68030183,-12.05151253,78.37419151,0,0,0,0.02117738,5.674291465,4.881682326,0,176.5937543
8,20,20,20.10854303,61.67456996,-12.05151253,68.06609327,0,0,0,0.019572555,4.927985153,3.884050145,0,146.6293016
8,20,21,18.89578518,58.61605332,-12.05151253,63.60623218,0,0,0,0.018645564,4.60509121,3.646140156,0,137.3364351
8,20,22,18.33487856,56.82360409,-12.05151253,61.32380338,0,0,0,0.017686233,4.439843365,3.515058235,0,132.4033613
8,20,23,18.06771384,57.05890755,-12.05151253,60.16128802,0,0,0,0.016052427,4.355677253,3.513283563,0,131.1214101
8,21,0,19.37485665,58.7127707,-12.05151253,65.72423752,0,0,0,0.017704342,4.758434796,3.678211595,0,140.2147031
8,21,1,24.0821288,80.3508695,-12.05151253,77.35417377,0,0,0,0.016119512,5.600442181,5.145648757,0,180.49787
8,21,2,25.00460691,83.97425197,-12.05151253,79.33224316,0,0,0,0.015438916,5.743654405,5.398853191,0,187.417536
8,21,3,24.48685748,82.23170876,-12.05151253,77.20489523,0,0,0,0.015454336,5.589634415,5.272954891,0,182.7499926
8,21,4,20.00663077,65.25582609,-12.05151253,66.9135152,0,0,0,0.015985808,4.844538501,4.077849599,0,149.0628334
8,21,5,15.84954248,49.02007604,-12.05151253,57.38915516,0,0,0,0.014583283,4.154974834,2.941968503,0,117.3187878
8,21,6,13.96348328,41.92516163,-12.05151253,48.10871972,0,0,0,0.014331159,3.483071308,2.441728273,0,97.88498284
8,21,7,7.209244518,15.082976,-12.05151253,28.49822863,0,0,0,0.012937015,2.063271753,0.570407435,0,41.38555282
8,21,8,7.507504514,15.99400296,-12.05151253,29.04649221,0,0,0,0.0129321,2.102966036,0.637764718,0,43.25015001
8,21,9,5.915484568,9.464781034,-12.05151253,24.04652631,0,0,0,0.012653913,1.740968505,0.185411546,0,29.31431334
8,21,10,5.296853347,6.864964144,-12.05151253,22.07405529,0,0,0,0.012495413,1.598161603,0.006143986,0,23.80116125
8,21,11,4.937710632,5.660180315,-12.05151253,20.87860086,0,0,0,0.012436985,1.511610702,-0.080966722,0,20.86806024
8,21,12,4.570056085,4.350051834,-12.05151253,19.96279628,0,0,0,0.012370602,1.445306451,-0.174419237,0,18.11464948
8,21,13,4.760754674,5.277982632,-12.05151253,20.4965533,0,0,0,0.012523692,1.483950459,-0.11211158,0,19.86814065
8,21,14,4.436487655,3.554955049,-12.05151253,19.13975632,0,0,0,0.012599251,1.385718358,-0.22614589,0,16.25185821
8,21,15,4.444310828,3.196515749,-12.05151253,19.3476545,0,0,0,0.013256188,1.400770186,-0.245675208,0,16.1053197
8,21,16,7.025409927,12.45601966,-12.05151253,28.67407188,0,0,0,0.015210736,2.076002804,0.41384638,0,38.60904886
8,21,17,25.85644471,83.42352955,-12.05151253,85.04890348,0,0,2906.054465,0.020195502,6.157540612,5.415625318,0,3099.925192
8,21,18,24.97753044,78.01984165,-12.05151253,88.52452323,0,0,2943.464502,0.022457056,6.409175482,5.065684377,0,3134.432202
8,21,19,22.75590904,70.11747075,-12.05151253,76.83667683,0,0,0,0.024361551,5.562975402,4.501778006,0,167.747659
8,21,20,22.86021778,71.72475652,-12.05151253,75.77469929,0,0,0,0.021066801,5.486088229,4.59711382,0,168.4124299
8,21,21,21.19521906,66.84138538,-12.05151253,69.58426139,0,0,0,0.01876645,5.037900525,4.232369619,0,154.8583899
8,21,22,20.81360826,65.12891431,-12.05151253,68.41377753,0,0,0,0.01905828,4.953157493,4.115729259,0,151.3927326
8,21,23,21.07460851,66.33173535,-12.05151253,68.94875437,0,0,0,0.0188278,4.991889817,4.197264105,0,153.5115674
8,22,0,21.90336472,66.5693059,-12.05151253,72.87284751,0,0,0,0.021406472,5.27599416,4.256658505,0,158.8480647
8,22,1,27.48900087,91.43847076,-12.05151253,89.32709438,0,0,0,0.01969192,6.467281633,5.952990922,0,208.643018
8,22,2,26.53773395,88.57428219,-12.05151253,84.07421751,0,0,0,0.018088252,6.086973348,5.740470051,0,198.9802528
8,22,3,26.00692304,86.66070166,-12.05151253,82.32137566,0,0,0,0.017857982,5.960067598,5.604317448,0,194.5197308
8,22,4,21.10053986,68.23357815,-12.05151253,74.6792422,0,0,0,0.01872949,5.406777135,4.304641125,0,161.6919954
8,22,5,21.13116173,68.59457404,-12.05151253,68.55954469,0,0,0,0.017081175,4.963711036,4.326454234,0,155.5410144
8,22,6,18.10359679,58.48740958,-12.05151253,59.01455906,0,0,0,0.014662943,4.272654076,3.594849806,0,131.4362197
8,22,7,9.689625177,25.45133952,-12.05151253,36.35024343,0,0,0,0.013924534,2.631757625,1.286082485,0,63.37146024
8,22,8,10.03143226,27.0504014,-12.05151253,37.23156579,0,0,0,0.013926302,2.695565363,1.394188887,0,66.36556747
8,22,9,9.158874575,23.98509714,-12.05151253,34.51562129,0,0,0,0.013399469,2.498930981,1.174849976,0,59.29526089
8,22,10,9.306000419,24.72833755,-12.05151253,34.93098688,0,0,0,0.013488704,2.52900345,1.224443377,0,60.68074785
8,22,11,9.19018293,23.80936043,-12.05151253,34.49000423,0,0,0,0.013447814,2.497076306,1.166805317,0,59.11536449
8,22,12,8.839079486,21.62862911,-12.05151253,33.08345031,0,0,0,0.013359894,2.395241803,1.025782121,0,54.9340302
8,22,13,8.450884908,19.94781658,-12.05151253,31.96293812,0,0,0,0.013514435,2.31411672,0.910538425,0,51.54829666
8,22,14,7.696549692,15.72428613,-12.05151253,29.65346749,0,0,0,0.013849033,2.146911046,0.633271307,0,43.81682216
8,22,15,6.708045093,11.87850285,-12.05151253,27.27899584,0,0,0,0.014050161,1.974999299,0.364001472,0,36.16708218
8,22,16,13.25710256,38.49667354,-12.05151253,48.7757208,0,0,0,0.016865588,3.531362186,2.211416081,0,94.23762823
8,22,17,28.23050905,87.92404041,-12.05151253,92.78019947,0,0,0,0.025438447,6.717286442,5.798539157,0,209.4245004
8,22,18,20.08374113,59.31699905,-12.05151253,76.19697523,0,0,0,0.0320553,5.516661006,3.75135198,0,152.8462712
8,22,19,24.85594335,76.80709129,-12.05151253,96.53141222,0,0,0,0.052154453,6.988874245,4.991361782,0,198.1753248
8,22,20,24.87929506,78.53761832,-12.05151253,84.13657067,0,0,0,0.027666136,6.091487717,5.089052827,0,186.7101782
8,22,21,23.40382009,75.67772816,-12.05151253,76.25111206,0,0,0,0.018896761,5.520580513,4.84757299,0,173.668198
8,22,22,22.82913977,72.72726705,-12.05151253,74.09911888,0,0,0,0.018780462,5.364776207,4.651222612,0,167.6387924
8,22,23,22.48171492,70.15346275,-12.05151253,73.79097248,0,0,0,0.021636573,5.342466408,4.488510148,0,164.2272507
8,23,0,27.54061168,90.53520904,-12.05151253,92.10985645,0,0,0,0.020867871,6.668753607,5.905553966,0,210.7293401
8,23,1,26.92680678,88.2889089,-12.05151253,86.42292152,0,0,0,0.019460001,6.257019518,5.746246116,0,201.6098503
8,23,2,26.11155916,84.94708878,-12.05151253,83.24789921,0,0,0,0.018620666,6.027147903,5.514697442,0,193.8155006
8,23,3,26.03345483,84.98430571,-12.05151253,82.35959068,0,0,0,0.018559667,5.962834365,5.512420014,0,192.8196527
8,23,4,18.88408176,57.06879181,-12.05151253,64.70426576,0,0,0,0.019231572,4.684588841,3.55930581,0,136.868753
8,23,5,22.74314188,73.68672726,-12.05151253,73.77153051,0,0,0,0.018094271,5.341058809,4.699874463,0,168.2089147
8,23,6,20.05646961,65.87231514,-12.05151253,64.6283727,0,0,0,0.015024614,4.679094184,4.114964062,0,147.3147278
8,23,7,13.16742059,39.41850923,-12.05151253,45.83730354,0,0,0,0.013902302,3.318620776,2.257767043,0,91.96201094
8,23,8,11.29355748,32.46608326,-12.05151253,41.16473222,0,0,0,0.013851555,2.980326613,1.766142741,0,77.63318133
8,23,9,10.8787771,30.80796917,-12.05151253,39.92263784,0,0,0,0.013602875,2.890398979,1.650682519,0,74.11255594
8,23,10,9.539591328,26.01040358,-12.05151253,36.0531701,0,0,0,0.013259813,2.610249515,1.308865468,0,63.48402726
8,23,11,10.42974979,29.50598926,-12.05151253,38.43987155,0,0,0,0.013241902,2.7830467,1.553151417,0,70.67353808
8,23,12,10.65841981,30.20360556,-12.05151253,39.22593985,0,0,0,0.013559959,2.839958045,1.604745565,0,72.49471626
8,23,13,9.729308127,26.29771668,-12.05151253,36.6416466,0,0,0,0.013944005,2.652855214,1.335436033,0,64.61939412
8,23,14,10.74802062,30.18825743,-12.05151253,39.54177151,0,0,0,0.014170511,2.862824257,1.608881439,0,72.91241324
8,23,15,9.654163437,24.76717897,-12.05151253,36.5275435,0,0,0,0.01438911,2.64459415,1.245999524,0,62.80235616
8,23,16,14.52629328,42.44550768,-12.05151253,53.26288889,0,0,0,0.017933809,3.856233156,2.502060065,0,104.5594043
8,23,17,29.05946794,90.14879589,-12.05151253,95.0781308,0,0,0,0.026290193,6.88365667,5.968631047,0,215.11346
8,23,18,20.04848562,57.31167524,-12.05151253,93.02039642,0,0,0,0.061448178,6.7346767,3.637691712,0,168.7628613
8,23,19,25.16166407,75.60863672,-12.05151253,105.6247348,0,0,0,0.061098652,7.6472308,4.941636506,0,206.993489
8,23,20,26.10492967,82.11201901,-12.05151253,85.70962826,0,0,0,0.026091301,6.205377086,5.356414793,0,193.4629476
8,23,21,24.93868533,79.80923983,-12.05151253,79.93679243,0,0,0,0.019129317,5.787423772,5.163190184,0,183.6029483
8,23,22,24.55308791,78.39162823,-12.05151253,78.98833342,0,0,0,0.019375248,5.71875534,5.062751441,0,180.682419
8,23,23,27.11314789,85.85473982,-12.05151253,90.13360773,0,0,0,0.022843516,6.5256732,5.621042098,0,203.2195417
8,24,0,22.13240285,69.76875501,-12.05151253,77.10856517,0,0,0,0.021863587,5.582660119,4.447625245,0,167.0103595
8,24,1,26.21211429,84.59152535,-12.05151253,84.92284188,0,0,0,0.020046704,6.148413752,5.50049348,0,195.3439229
8,24,2,25.84221232,83.48135594,-12.05151253,83.55229177,0,0,0,0.019195962,6.049185924,5.418053504,0,192.3107829
8,24,3,24.339169,78.42223861,-12.05151253,78.58430129,0,0,0,0.018600479,5.689503413,5.052541156,0,180.0548414
8,24,4,26.79588624,87.65035046,-12.05151253,86.33859299,0,0,0,0.01948761,6.250914133,5.703386136,0,200.707105
8,24,5,23.76988383,75.85915802,-12.05151253,76.38094909,0,0,0,0.019954339,5.529980714,4.878068383,0,174.3864819
8,24,6,21.7271125,70.86131885,-12.05151253,69.47713485,0,0,0,0.015986985,5.030144563,4.485906378,0,159.5460916
8,24,7,11.49059071,33.60724806,-12.05151253,41.8960994,0,0,0,0.013900777,3.033277597,1.840680371,0,79.83028438
8,24,8,10.95639885,31.5445683,-12.05151253,40.34176698,0,0,0,0.013675451,2.920743929,1.696034622,0,75.4216756
8,24,9,11.1978489,32.57040144,-12.05151253,40.89382257,0,0,0,0.013602168,2.960712754,1.766622296,0,77.35149759
8,24,10,10.7634698,31.04068802,-12.05151253,39.64571589,0,0,0,0.013578068,2.870349831,1.657222342,0,73.93951142
8,24,11,10.72469968,30.74561203,-12.05151253,39.4930344,0,0,0,0.01347964,2.859295691,1.638627114,0,73.42323601
8,24,12,10.87428824,31.21703945,-12.05151253,39.96952057,0,0,0,0.013808557,2.893793289,1.673217704,0,74.59015527
8,24,13,10.88395656,31.05572178,-12.05151253,40.00956546,0,0,0,0.01400213,2.89669254,1.664770835,0,74.47319677
8,24,14,10.44562071,28.98412406,-12.05151253,38.85888972,0,0,0,0.014357606,2.813383615,1.524967535,0,70.58983071
8,24,15,11.18465214,30.91895002,-12.05151253,41.61879392,0,0,0,0.015127323,3.01320068,1.673901392,0,76.37311295
8,24,16,16.02377455,46.2729632,-12.05151253,58.809059,0,0,0,0.019380989,4.257775872,2.798659045,0,116.1301001
8,24,17,30.38990144,95.56578285,-12.05151253,100.286415,0,0,0,0.026401757,7.260736446,6.344462367,0,227.8221873
8,24,18,17.17859604,47.24237003,-12.05151253,74.57129275,0,0,0,0.048747032,5.398961595,2.916978562,0,135.3054335
8,24,19,24.93842735,74.92272648,-12.05151253,89.58828688,0,0,0,0.037338612,6.48619197,4.89099702,0,188.8124558
8,24,20,24.55653712,76.1152955,-12.05151253,80.99032784,0,0,0,0.023006119,5.863699736,4.936151829,0,180.4335056
8,24,21,23.55354808,75.57906087,-12.05151253,76.89066871,0,0,0,0.019130044,5.566884415,4.850417071,0,174.4081967
8,24,22,21.98446131,68.58242587,-12.05151253,72.01376546,0,0,0,0.018978558,5.213796619,4.373306368,0,160.1352217
8,24,23,25.70390952,84.16693951,-12.05151253,83.67380559,0,0,0,0.019717237,6.057983525,5.448537043,0,193.0193799
8,25,0,20.95016971,66.2205914,-12.05151253,70.24774795,1.054492825,0,0,0.018959163,5.085936952,4.184142145,0,155.7105276
8,25,1,23.44007569,75.7194309,-12.05151253,75.08013053,0,0,0,0.017826763,5.435801451,4.851915269,0,172.4936681
8,25,2,22.20384169,72.30153199,-12.05151253,71.55153665,0,0,0,0.016355151,5.180331253,4.592680066,0,163.7947643
8,25,3,20.79792016,66.85797034,-12.05151253,68.36585947,0,0,0,0.016256613,4.949688226,4.211163853,0,153.1473461
8,25,4,20.9193096,67.02044943,-12.05151253,68.82270286,0,0,0,0.016631932,4.982763687,4.22697533,0,153.9373203
8,25,5,22.05864837,71.072825,-12.05151253,71.36718162,0.270590259,0,0,0.016720373,5.166983949,4.516153818,0,162.4175909
8,25,6,17.21602935,54.99832282,-12.05151253,56.07734466,0,0,0,0.014172909,4.059999753,3.351070168,0,123.6654271
8,25,7,4.801231713,5.268470736,-12.05151253,20.54520157,0,0,0,0.012015214,1.487472593,-0.110386822,0,19.95249246
8,25,8,4.934871791,5.942333897,-12.05151253,21.0905978,0,0,0,0.012085889,1.526959281,-0.065408891,0,21.38992723
8,25,9,4.584987865,4.103651636,-12.05151253,19.81217766,0,0,0,0.012093514,1.434401663,-0.187312028,0,17.70848777
8,25,10,5.422971906,7.866457541,-12.05151253,22.19583914,0,0,0,0.011878823,1.606978753,0.068951972,0,25.1215656
8,25,11,5.222284198,7.193700233,-12.05151253,22.05214894,0,0,0,0.012360219,1.596575583,0.020301085,0,24.04585772
8,25,12,4.778191939,4.667725457,-12.05151253,20.37769662,0.194336063,0,0,0.012133798,1.475345236,-0.145131649,0,19.30878493
8,25,13,4.420234576,2.58773397,-12.05151253,19.13816702,1.344157771,0,0,0.012752244,1.385603292,-0.2809254,0,16.55621094
8,25,14,6.643628021,10.95295398,-12.05151253,27.40263946,6.892821078,0,0,0.01429548,1.983951097,0.30886037,0,42.14763696
8,25,15,9.547008284,23.70033654,-12.05151253,37.73217987,21.41032488,0,0,0.016395346,2.731809823,1.180607859,0,84.26715007
8,25,16,16.31867508,48.35668748,-12.05151253,58.8950845,426.5095379,0,0,0.018620268,4.264004118,2.931148446,0,545.2422452
8,25,17,29.1487081,90.41735236,-12.05151253,96.05452611,501.8744868,0,0,0.026647765,6.95434769,5.988560319,0,718.4131166
8,25,18,25.54680294,80.32635691,-12.05151253,103.154433,519.4786184,0,0,0.034641562,7.468380949,5.225865756,0,729.183587
8,25,19,23.75211818,72.62456338,-12.05151253,80.12147929,560.8582666,0,0,0.026405065,5.800795101,4.696911915,0,735.829027
8,25,20,22.50501689,69.96406389,-12.05151253,74.45067543,523.566437,0,0,0.020427114,5.390228901,4.479258551,0,688.3245952
8,25,21,21.9571844,67.62439782,-12.05151253,72.51859428,516.1749271,0,0,0.019414252,5.250346226,4.318424882,0,675.8117765
8,25,22,22.13281189,68.19687612,-12.05151253,73.30388498,61.80491389,0,0,0.020526649,5.307201273,4.360094374,0,223.0747966
8,25,23,22.29523585,68.77449811,-12.05151253,73.36501092,55.99014175,0,0,0.020246082,5.31162679,4.401314933,0,218.1065619
8,26,0,21.68164688,67.06700681,-12.05151253,71.37931488,1.054492825,0,0,0.019734227,5.167862397,4.272030762,0,158.5905763
8,26,1,20.93321129,64.49189208,-12.05151253,69.59849071,0,0,0,0.017942816,5.038930727,4.086909009,0,152.1158641
8,26,2,24.49959053,80.01366226,-12.05151253,77.00604115,0,0,0,0.016745574,5.575237379,5.150118932,0,180.2098833
8,26,3,24.12202779,79.2435845,-12.05151253,75.68690444,0,0,0,0.016268884,5.479731881,5.086195357,0,177.5832003
8,26,4,23.52719256,77.06640386,-12.05151253,73.53168394,0,0,0,0.015996383,5.323693918,4.931794072,0,172.3452522
8,26,5,20.18714113,63.92181013,-12.05151253,64.68336009,0.270590259,0,0,0.015702469,4.683075271,4.013599337,0,145.7237662
8,26,6,9.094314778,23.65199919,-12.05151253,34.99771416,0,0,0,0.01382787,2.533834505,1.15270044,0,59.39287841
8,26,7,3.958274622,2.561069636,-12.05151253,17.3733141,0,0,0,0.011175063,1.257827941,-0.308141773,0,12.80200705
8,26,8,4.731904108,6.477027672,-12.05151253,19.07163746,0,0,0,0.011213695,1.380786552,-0.046931748,0,19.5741252
8,26,9,3.976903251,2.907567763,-12.05151253,17.38635072,0,0,0,0.011072144,1.258771792,-0.287804213,0,13.20134892
8,26,10,3.606982542,3.723886039,-12.05151253,15.74987642,0,0,0,0.010922424,1.140291053,-0.262939868,0,11.91750607
8,26,11,3.855918312,3.436002482,-12.05151253,16.57105869,0,0,0,0.011025497,1.199744649,-0.26510926,0,12.75712784
8,26,12,2.741638831,1.300005613,-12.05151253,12.38937027,0.194336063,0,0,0.01089042,0.896990407,-0.446149653,0,5.035569417
8,26,13,3.206626412,1.773038827,-12.05151253,14.22698307,1.344157771,0,0,0.011245101,1.030033574,-0.393901894,0,9.146670325
8,26,14,2.980259926,1.020604938,-12.05151253,13.37830228,6.892821078,0,0,0.011303557,0.968589085,-0.448421075,0,12.75194726
8,26,15,3.12651274,0.649178396,-12.05151253,13.98096968,21.41032488,0,0,0.011800968,1.012222205,-0.460963252,0,27.67853309
8,26,16,6.850577981,11.58915313,-12.05151253,27.91295532,426.5095379,0,0,0.014478771,2.020897965,0.355823775,0,463.2019123
8,26,17,27.35739294,84.17040365,-12.05151253,89.83731218,501.8744868,0,0,0.024825014,6.504221402,5.540829022,0,703.2579584
8,26,18,24.81692812,77.33637123,-12.05151253,81.0771343,519.4786184,0,0,0.023766687,5.869984523,5.018669526,0,701.5699602
8,26,19,24.52700515,75.5026132,-12.05151253,81.50342912,560.8582666,0,0,0.026649834,5.900848268,4.900380494,0,741.1676802
8,26,20,23.62954417,73.63021048,-12.05151253,76.95934277,523.566437,0,0,0.020920527,5.571856416,4.746099086,0,696.0728979
8,26,21,23.06291444,72.12822569,-12.05151253,74.63623212,516.1749271,0,0,0.019473701,5.403663206,4.630877257,0,684.004801
8,26,22,22.81668685,70.36652335,-12.05151253,73.69823841,61.80491389,0,0,0.01921631,5.335752461,4.51903556,0,226.5088543
8,26,23,22.85209456,71.53091135,-12.05151253,74.12445889,55.99014175,0,0,0.020150628,5.366610823,4.585864181,0,222.4187196
8,27,0,24.15851319,77.5022377,-12.05151253,78.51300535,1.054492825,0,0,0.017820324,5.684341587,4.991234577,0,179.870133
8,27,1,23.2318205,75.3620992,-12.05151253,74.60924955,0,0,0,0.016693812,5.401709667,4.820412079,0,171.3904723
8,27,2,24.03505897,78.71159981,-12.05151253,78.66630271,0,0,0,0.016502366,5.695440316,5.051719646,0,180.1251113
8,27,3,23.1038898,75.56357624,-12.05151253,72.91023819,0,0,0,0.016120291,5.278701245,4.824508611,0,169.6455218
8,27,4,22.007482,70.54034138,-12.05151253,71.41640438,0,0,0,0.017055733,5.170547677,4.483644514,0,161.5839632
8,27,5,21.44123517,65.41290836,-12.05151253,69.92352178,0.270590259,0,0,0.018520123,5.062462977,4.166506546,0,154.2442327
8,27,6,17.98694216,56.56846436,-12.05151253,58.23896106,0,0,0,0.014643556,4.216500781,3.481466895,0,128.4554663
8,27,7,11.28258566,31.47918706,-12.05151253,41.3286588,0,0,0,0.013996488,2.992194897,1.710561492,0,76.75567186
8,27,8,11.09368784,30.5960075,-12.05151253,40.68014134,0,0,0,0.013885451,2.945242233,1.650846782,0,74.92829861
8,27,9,10.74534243,29.022114,-12.05151253,39.49341275,0,0,0,0.01363907,2.859323083,1.543778075,0,71.62609687
8,27,10,10.19302919,26.75657202,-12.05151253,37.51253189,0,0,0,0.013334193,2.715907309,1.386823539,0,66.52668561
8,27,11,8.912495401,20.92142406,-12.05151253,33.93237534,0,0,0,0.013455469,2.456703975,0.990480066,0,55.17542177
8,27,12,8.215943749,17.98436166,-12.05151253,31.70891531,0.194336063,0,0,0.013299022,2.295725468,0.788087763,0,49.1491565
8,27,13,8.064531849,17.03689328,-12.05151253,31.33433737,1.344157771,0,0,0.013647569,2.268606025,0.726880131,0,48.73754145
8,27,14,5.21092461,4.264029636,-12.05151253,22.36664155,6.892821078,0,0,0.013626666,1.619344848,-0.143514297,0,28.17236156
8,27,15,5.478252059,4.957100919,-12.05151253,23.4702299,21.41032488,0,0,0.014450645,1.699244645,-0.090020087,0,44.88807043
8,27,16,13.08483709,33.7976193,-12.05151253,49.15165987,426.5095379,0,0,0.020979085,3.558580174,1.940083573,0,516.0117844
8,27,17,27.30364015,86.11300605,-12.05151253,90.52137653,501.8744868,0,0,0.022266849,6.553747661,5.646037945,0,705.9830494
8,27,18,18.09235697,49.49495347,-12.05151253,142.5509946,519.4786184,0,0,0.174978805,10.32069201,3.093343943,0,731.1544257
8,27,19,24.32174557,72.31067666,-12.05151253,138.9017617,560.8582666,0,0,0.134483833,10.05648754,4.71115667,0,799.2430661
8,27,20,24.19225403,73.28528223,-12.05151253,86.72172014,523.566437,0,0,0.039967909,6.278652538,4.758229522,0,706.7910308
8,27,21,24.80558898,75.7086219,-12.05151253,90.17548225,516.1749271,0,0,0.03403005,6.528704915,4.927372298,0,706.303215
8,27,22,25.34390815,77.845075,-12.05151253,83.0488015,61.80491389,0,0,0.021686342,6.012733228,5.076357113,0,247.1019627
8,27,23,27.42935289,89.93986259,-12.05151253,89.95290261,55.99014175,0,0,0.02037554,6.512590149,5.866196054,0,263.659909
8,28,0,22.37781413,70.14765066,-12.05151253,75.27871295,1.054492825,0,0,0.020112655,5.450178817,4.48239914,0,166.7598486
8,28,1,25.61528105,81.77825579,-12.05151253,82.26801993,0,0,0,0.019468024,5.956204643,5.310550754,0,188.8962677
8,28,2,23.78546681,75.3692906,-12.05151253,77.00485108,0,0,0,0.018864743,5.575151218,4.85165074,0,174.5537627
8,28,3,23.58461703,74.66176498,-12.05151253,76.049791,0,0,0,0.018667961,5.506004868,4.80105423,0,172.5703875
8,28,4,23.96406608,75.38341483,-12.05151253,77.57081884,0,0,0,0.019252185,5.616127284,4.862385438,0,175.3645521
8,28,5,22.94139232,71.30121015,-12.05151253,73.64177981,0.270590259,0,0,0.018353447,5.331664858,4.578043709,0,166.031522
8,28,6,20.74519191,65.82541643,-12.05151253,65.87938421,0,0,0,0.015573475,4.769667417,4.150713636,0,149.3344345
8,28,7,16.2885658,50.02888415,-12.05151253,54.32318493,0,0,0,0.014837584,3.932998589,3.022612714,0,115.5595712
8,28,8,17.18530708,53.28225649,-12.05151253,56.11693686,0,0,0,0.014725001,4.062866228,3.253774043,0,121.8643532
8,28,9,17.01420062,52.70857115,-12.05151253,55.62727725,0,0,0,0.014643132,4.027414873,3.212289139,0,120.5528836
8,28,10,16.18228255,49.83003039,-12.05151253,53.7643531,0,0,0,0.014519172,3.892539165,3.005616583,0,114.6378284
8,28,11,16.57905651,51.50858668,-12.05151253,54.61249911,0,0,0,0.01441845,3.953944935,3.121212478,0,117.7382056
8,28,12,16.44751869,50.75692523,-12.05151253,54.03911736,0.194336063,0,0,0.014481234,3.912432097,3.072018278,0,116.3853164
8,28,13,16.17903093,50.27293886,-12.05151253,53.79076142,1.344157771,0,0,0.014647395,3.894451127,3.030105469,0,116.4745804
8,28,14,11.73405117,33.20301504,-12.05151253,43.17540006,6.892821078,0,0,0.014915061,3.125898964,1.83172534,0,87.92631418
8,28,15,11.72783368,30.22993716,-12.05151253,43.61931501,21.41032488,0,0,0.016607406,3.158038407,1.665778587,0,99.77632259
8,28,16,21.6182126,64.64997299,-12.05151253,72.50032557,426.5095379,2386.324733,0,0.021264144,5.249023571,4.133868689,0,2968.955425
8,28,17,17.10134726,49.51525853,-12.05151253,69.02012385,501.8744868,2475.060697,0,0.02489088,4.997056967,3.039275694,0,3108.581624
8,28,18,24.4783749,71.3516948,-12.05151253,99.49007409,519.4786184,0,0,0.055130828,7.203081364,4.666465634,0,714.6719275
8,28,19,29.00010559,89.97593051,-12.05151253,130.6202618,560.8582666,0,0,0.065433352,9.456906953,5.955695963,0,813.8810883
8,28,20,27.31818806,85.95495088,-12.05151253,89.80301287,523.566437,0,0,0.027394406,6.501738132,5.638044591,0,726.7582534
8,28,21,26.2154379,80.10331369,-12.05151253,87.63835625,516.1749271,0,0,0.026146471,6.345016992,5.250685215,0,709.7023711
8,28,22,25.67803392,79.19957353,-12.05151253,84.3489714,61.80491389,0,0,0.022420079,6.10686553,5.170413487,0,250.2796793
8,28,23,26.79765098,86.63706639,-12.05151253,87.76355907,55.99014175,0,0,0.021788838,6.354081677,5.647044509,0,257.1598207
8,29,0,25.53579435,82.05591783,-12.05151253,82.5083466,1.054492825,0,0,0.020121238,5.973604294,5.32158912,0,190.4183537
8,29,1,23.2788658,73.83535314,-12.05151253,76.11980134,0,0,0,0.019194158,5.511073617,4.737992747,0,171.4507683
8,29,2,24.83279029,80.19708028,-12.05151253,79.33148702,0,0,0,0.018212477,5.74359966,5.178894543,0,183.2505517
8,29,3,24.18295203,78.07961868,-12.05151253,77.3723939,0,0,0,0.017729708,5.601761318,5.024755941,0,178.2276991
8,29,4,25.53443364,83.31237749,-12.05151253,81.13564783,0,0,0,0.018005418,5.874220903,5.391498132,0,189.2146709
8,29,5,23.48659656,76.1256468,-12.05151253,76.45080511,0.270590259,0,0,0.018306848,5.53503829,4.877132707,0,174.712604
8,29,6,22.23026225,71.4163034,-12.05151253,69.94285545,0,0,0,0.015220738,5.063862734,4.544844459,0,161.1618365
8,29,7,17.01228755,52.94788608,-12.05151253,56.34318311,0,0,0,0.014797818,4.079246457,3.225512423,0,121.5714009
8,29,8,16.94966844,52.93246859,-12.05151253,55.50424724,0,0,0,0.014438562,4.0185075,3.221165784,0,120.5889836
8,29,9,15.59833711,48.11353769,-12.05151253,52.04472241,0,0,0,0.014104857,3.768037903,2.877482178,0,110.3647096
8,29,10,15.86764466,49.13862133,-12.05151253,52.85978947,0,0,0,0.01420736,3.827048758,2.949579768,0,112.6053788
8,29,11,15.25332582,46.88401884,-12.05151253,51.24682822,0,0,0,0.014002177,3.710270363,2.78978085,0,107.8467137
8,29,12,11.91029477,34.66094183,-12.05151253,43.16880454,0.194336063,0,0,0.014071622,3.125421449,1.92274863,0,82.94510637
8,29,13,11.51976506,32.95046055,-12.05151253,42.32606567,1.344157771,0,0,0.014568953,3.064407155,1.805722318,0,80.97363494
8,29,14,11.86017247,33.26738286,-12.05151253,43.46154444,6.892821078,0,0,0.01512253,3.146615817,1.842335584,0,88.43448224
8,29,15,13.49545214,37.80827345,-12.05151253,49.74672184,21.41032488,0,0,0.01764372,3.601662661,2.186348267,0,116.2149144
8,29,16,26.85964811,82.59942876,-12.05151253,88.93857347,426.5095379,0,0,0.024688301,6.439152719,5.425601333,0,624.745118
8,29,17,20.99587333,62.36409948,-12.05151253,78.66277369,501.8744868,0,0,0.037437363,5.695184815,3.971881237,0,661.5502241
8,29,18,28.88656343,89.28933801,-12.05151253,217.6154452,519.4786184,0,0,0.203017151,15.75535823,5.911128462,0,865.0879564
8,29,19,27.30257862,82.33435755,-12.05151253,235.9171345,560.8582666,0,0,0.248626256,17.08040054,5.435508097,0,917.1253597
8,29,20,26.46637658,79.69871786,-12.05151253,107.1905679,523.566437,0,0,0.059381068,7.760597113,5.242126512,0,737.9326914
8,29,21,23.24107024,69.72563717,-12.05151253,77.21040939,516.1749271,0,0,0.02662892,5.59003364,4.506976355,0,684.4241703
8,29,22,26.64324445,84.61755461,-12.05151253,92.31847716,61.80491389,0,0,0.022344541,6.683857746,5.525957259,0,265.5648371
8,29,23,25.01874521,80.37722869,-12.05151253,82.94004868,55.99014175,0,0,0.02015096,6.004859524,5.199286498,0,243.4989488
8,30,0,24.16358294,77.51947856,-12.05151253,85.42081518,1.054492825,0,0,0.019977509,6.184467019,4.992477277,0,187.3037788
8,30,1,20.23469709,62.92851518,-12.05151253,70.55177763,0,0,0,0.018946788,5.1079487,3.960921675,0,150.7512945
8,30,2,25.67586554,82.91478186,-12.05151253,83.3842174,0,0,0,0.019030908,6.03701734,5.377229812,0,191.3566303
8,30,3,25.68406607,82.82125838,-12.05151253,84.34461546,0,0,0,0.01838183,6.106550159,5.372477324,0,192.2958367
8,30,4,26.65286323,86.83359294,-12.05151253,87.64950122,0,0,0,0.017978174,6.345823888,5.649926361,0,201.0981733
8,30,5,19.06160919,58.59521621,-12.05151253,65.99076166,0.270590259,0,0,0.017918598,4.777731144,3.654215927,0,140.3165305
8,30,6,24.96866105,80.78293011,-12.05151253,80.01425667,0,0,0,0.01794794,5.793032183,5.219094379,0,184.7444098
8,30,7,21.42105193,68.67805008,-12.05151253,69.34595185,0,0,0,0.016355339,5.020646914,4.347250734,0,156.7777943
8,30,8,20.70994991,66.4851317,-12.05151253,68.06358607,0,0,0,0.016194332,4.927803631,4.185496798,0,152.3366499
8,30,9,20.99964222,67.51621143,-12.05151253,69.00831841,0,0,0,0.016221656,4.996202253,4.2590638,0,154.7441472
8,30,10,22.05376679,72.19262663,-12.05151253,71.76557264,0,0,0,0.016244651,5.195827459,4.578254866,0,163.7507805
8,30,11,16.31396472,49.24900272,-12.05151253,55.99003395,0,0,0,0.015820412,4.053678458,2.980588038,0,116.5515758
8,30,12,16.95411985,51.85289889,-12.05151253,57.35496877,0.194336063,0,0,0.015672551,4.152499739,3.161281696,0,121.634265
8,30,13,21.34351159,69.15395621,-12.05151253,71.03783031,1.344157771,0,0,0.016996457,5.143138915,4.369439709,0,160.3575184
8,30,14,22.00164266,69.63478154,-12.05151253,73.74556511,6.892821078,0,0,0.019022465,5.339178914,4.43287958,0,170.0143788
8,30,15,20.75601704,64.21108656,-12.05151253,70.5238348,21.41032488,0,0,0.019326239,5.105925639,4.061398422,0,174.036401
8,30,16,25.37783724,76.25379498,-12.05151253,85.63772944,426.5095379,0,3030.22645,0.025021852,6.200171612,4.989612667,0,3643.168643
8,30,17,26.29494399,79.98598958,-12.05151253,94.78687118,501.8744868,0,3202.851735,0.043818265,6.862569474,5.248578751,0,3905.89748
8,30,18,30.76025032,96.61708372,-12.05151253,417.7749863,519.4786184,0,3141.679659,0.268103618,30.24690901,6.423648258,0,4231.197746
8,30,19,30.69168055,96.64427643,-12.05151253,296.1233475,560.8582666,0,3084.391763,0.25690576,21.43933036,6.421343556,0,4084.775402
8,30,20,30.21571024,94.55533611,-12.05151253,182.6637767,523.566437,0,2965.65763,0.095844046,13.22485743,6.278478033,0,3804.206557
8,30,21,29.05186631,91.49578616,-12.05151253,98.6282975,516.1749271,0,0,0.029947779,7.140688739,6.043234995,0,736.5132361
8,30,22,27.70718834,86.5086365,-12.05151253,90.89192905,61.80491389,0,0,0.022804314,6.580575663,5.690552195,0,267.1550874
8,30,23,28.08678267,90.16329462,-12.05151253,255.6951361,55.99014175,0,0,0.020538992,18.51232785,5.915260057,0,442.3319695
8,31,0,27.39761528,89.61208812,-12.05151253,150.3224095,1.054492825,0,0,0.019626019,10.88334244,5.846171231,0,273.0842329
8,31,1,27.53955514,89.75359314,-12.05151253,145.1524139,0,0,0,0.020161912,10.50903476,5.861959111,0,266.7852054
8,31,2,26.83444464,87.63132774,-12.05151253,143.23644,0,0,0,0.019052646,10.37031825,5.704474273,0,261.744545
8,31,3,26.72176449,86.87631732,-12.05151253,139.9261585,0,0,0,0.019062377,10.13065387,5.656143909,0,257.2785879
8,31,4,26.25228626,85.98274253,-12.05151253,137.8803492,0,0,0,0.019534461,9.982537279,5.580221855,0,253.646159
8,31,5,23.42401763,75.90638076,-12.05151253,128.8595998,0.270590259,0,0,0.017076702,9.329435027,4.861433943,0,230.6170216
8,31,6,22.36649559,72.5177188,-12.05151253,97.74519249,0,0,0,0.015882193,7.076751936,4.613781494,0,192.28431
8,31,7,13.85895834,41.70922682,-12.05151253,47.55533443,0,0,0,0.014374572,3.443006213,2.423878665,0,96.9532665
8,31,8,14.46853634,43.95200046,-12.05151253,48.73683314,0,0,0,0.014028439,3.528546719,2.582754651,0,101.2311872
8,31,9,11.4104585,32.17298739,-12.05151253,39.86000003,0,0,0,0.013247665,2.885864002,1.756328688,0,76.04737376
8,31,10,10.83471813,30.04222577,-12.05151253,38.36750073,0,0,0,0.012994785,2.777807053,1.605576527,0,71.58931046
8,31,11,9.102048093,23.03194795,-12.05151253,33.91935203,0,0,0,0.012944322,2.455761087,1.118594331,0,57.58913527
8,31,12,8.772756101,20.90037748,-12.05151253,32.34383953,0.194336063,0,0,0.01279895,2.341693982,0.981524292,0,53.49581386
8,31,13,8.5482054,19.35469157,-12.05151253,31.74830215,1.344157771,0,0,0.013446477,2.298577076,0.882922113,0,52.13879002
8,31,14,7.209656047,13.48800257,-12.05151253,27.81600793,6.892821078,0,0,0.013564464,2.013878974,0.481590337,0,45.86400886
8,31,15,8.208024318,17.36503416,-12.05151253,31.54353461,21.41032488,0,0,0.014545752,2.283751906,0.753150109,0,69.52685321
8,31,16,16.13376161,47.25437862,-12.05151253,57.73001329,426.5095379,0,0,0.019633946,4.179652962,2.859450163,0,542.6349159
8,31,17,26.98144229,83.18851628,-12.05151253,89.71477387,501.8744868,0,0,0.022888888,6.495349628,5.465197445,0,701.6911426
8,31,18,24.03302742,71.57340697,-12.05151253,81.76134174,519.4786184,0,0,0.028201812,5.919521142,4.654009147,0,695.3966141
8,31,19,22.69257689,69.05854437,-12.05151253,75.87337338,560.8582666,0,0,0.023373155,5.493232233,4.439268206,0,726.3871223
8,31,20,22.02461379,69.30795801,-12.05151253,72.33366011,523.566437,0,0,0.019937982,5.236956992,4.415955001,0,684.8540063
8,31,21,22.02705371,69.66973348,-12.05151253,71.67674085,516.1749271,0,0,0.018771,5.189396038,4.436241798,0,677.1413515
8,31,22,20.01084185,61.49494834,-12.05151253,66.02522389,61.80491389,0,0,0.018531681,4.78022621,3.868603265,0,205.9517766
8,31,23,19.99710198,61.63663921,-12.05151253,66.06647983,55.99014175,0,0,0.018618906,4.78321314,3.875730136,0,200.3164124
9,1,0,22.66312632,72.93645136,-12.05151253,75.94485783,28.88990708,0,0,0.019528224,5.498407707,4.653627229,0,198.5543932
9,1,1,25.63365375,84.00030327,-12.05151253,83.22914233,0.090756582,0,0,0.018170326,6.025789904,5.435342158,0,192.3816458
9,1,2,22.07817003,70.88541638,-12.05151253,72.5033951,0,0,0,0.017125321,5.249245805,4.506802515,0,163.1886426
9,1,3,21.40021711,68.67682617,-12.05151253,70.87126097,0,0,0,0.016684952,5.131079294,4.346022063,0,158.390578
9,1,4,22.67530127,73.13263202,-12.05151253,73.68711495,0,0,0,0.016800489,5.334947122,4.665232636,0,167.4605159
9,1,5,19.30787479,60.71924975,-12.05151253,66.40149843,0.125504473,0,0,0.017050819,4.807468486,3.786241589,0,143.1133758
9,1,6,18.47855787,59.6980842,-12.05151253,60.19567517,0.094128355,0,0,0.014490091,4.358166882,3.683169716,0,134.4707598
9,1,7,8.41622301,20.20757902,-12.05151253,32.37178838,0.183199051,0,0,0.012770447,2.343717479,0.923076525,0,52.40684138
9,1,8,8.799095902,22.08372903,-12.05151253,33.71278939,0.094128355,0,0,0.012719661,2.440805952,1.048904101,0,56.14065986
9,1,9,8.989636369,22.69390935,-12.05151253,33.96190922,0,0,0,0.012636433,2.458842228,1.093504249,0,57.15892532
9,1,10,8.046351674,18.33824014,-12.05151253,31.00948881,0.282385065,0,0,0.012375575,2.24508699,0.798352516,0,48.68076824
9,1,11,7.879651358,18.34778214,-12.05151253,30.37242351,0.282385065,0,0,0.012464863,2.198963462,0.789598798,0,47.83175666
9,1,12,6.545562543,11.77675642,-12.05151253,25.79314452,0.653840826,0,0,0.012418964,1.867423663,0.349283918,0,34.94691832
9,1,13,5.53113167,6.217834522,-12.05151253,22.87237543,3.155500863,0,0,0.012712449,1.655959981,-0.016851831,0,27.37715055
9,1,14,4.735063144,2.769212323,-12.05151253,20.73600145,5.209629224,0,0,0.012916294,1.501286505,-0.253281105,0,22.6593153
9,1,15,6.90837397,13.14201051,-12.05151253,28.61863979,51.27774897,0,0,0.014427126,2.071989521,0.445537167,0,90.42721453
9,1,16,14.86002199,43.9168053,-12.05151253,54.70190134,162.0085156,0,0,0.018000049,3.960417657,2.602600032,0,270.0167495
9,1,17,29.01846906,90.68391922,-12.05151253,96.72467385,562.0926334,0,0,0.025338482,7.002866387,5.996153779,0,779.4925416
9,1,18,15.27536189,39.03398633,-12.05151253,73.46089421,674.9368175,0,0,0.047897609,5.318568741,2.353761448,0,798.3757752
9,1,19,21.70931269,64.67679254,-12.05151253,75.20468472,375.4398237,0,0,0.025688794,5.444819174,4.140436813,0,534.5900459
9,1,20,22.53064195,70.33649319,-12.05151253,75.15376022,241.07827,0,0,0.020199427,5.44113224,4.501430179,0,407.0104146
9,1,21,22.8689004,72.16286622,-12.05151253,75.80292947,231.3109831,0,0,0.019324897,5.488132094,4.622000153,0,400.2236238
9,1,22,22.13621844,69.36744152,-12.05151253,73.32467194,129.7700993,0,0,0.019214768,5.308706249,4.425484612,0,292.3003243
9,1,23,26.37699313,84.02701943,-12.05151253,88.81606739,108.1568938,0,0,0.022478272,6.430283279,5.478234251,0,307.256457
9,2,0,27.60750402,89.84180552,-12.05151253,101.9844287,0,0,0,0.01979694,7.383672636,5.870657294,0,220.6563526
9,2,1,24.04243475,78.20369912,-12.05151253,78.27588382,0,0,0,0.017898996,5.667173988,5.023840409,0,179.1794185
9,2,2,22.95403651,74.24711984,-12.05151253,74.9160518,0,0,0,0.017559917,5.423922151,4.74283516,0,170.2500128
9,2,3,23.30889633,76.04651591,-12.05151253,74.75843572,0,0,0,0.016472465,5.412510746,4.862827214,0,172.3541458
9,2,4,23.63985682,77.30122331,-12.05151253,75.51580263,0,0,0,0.016427373,5.46734411,4.951148915,0,174.8402906
9,2,5,18.78936692,58.40039967,-12.05151253,66.40952447,0,0,0,0.016300196,4.808049571,3.628200751,0,140.000329
9,2,6,13.92183529,41.91599816,-12.05151253,47.18226032,0,0,0,0.013961047,3.415995647,2.438898075,0,96.837436
9,2,7,3.161072483,1.634318523,-12.05151253,14.01726452,0,0,0,0.010329003,1.014849951,-0.404165969,0,7.382155978
9,2,8,2.978363318,4.279859031,-12.05151253,12.28113828,0,0,0,0.007147016,0.889154412,-0.266986263,0,8.117163264
9,2,9,2.20223812,2.287647966,-12.05151253,10.12381362,0,0,0,0.007094449,0.732964106,-0.421182593,0,2.881063137
9,2,10,1.867279312,0.072964896,-12.05151253,8.706761429,0,0,0,0.007037835,0.630369527,-0.563197646,0,-1.33029718
9,2,11,1.857084898,0.072964896,-12.05151253,8.645206179,0,0,0,0.006899051,0.625912927,-0.563765475,0,-1.407210056
9,2,12,2.716154246,0.046856221,-12.05151253,12.42047477,0,0,0,0.01021697,0.899242373,-0.517369565,0,3.524062478
9,2,13,2.824020049,0.306401632,-12.05151253,12.8465177,0,0,0,0.010311667,0.930087882,-0.496904761,0,4.368921635
9,2,14,3.346541579,1.817313185,-12.05151253,15.04544008,0,0,0,0.011767669,1.089289862,-0.383642538,0,8.875197303
9,2,15,4.845011585,4.121066385,-12.05151253,21.18851011,0,0,0,0.013645119,1.534048132,-0.171858705,0,19.47891009
9,2,16,15.86446114,48.48281491,-12.05151253,57.3208496,0,0,0,0.018109644,4.150029511,2.912874028,0,116.6976263
9,2,17,29.12290576,96.29769056,-12.05151253,95.87764869,0,0,0,0.022406406,6.941541765,6.314657967,0,222.5253386
9,2,18,18.85094826,53.96824268,-12.05151253,67.72741726,0,0,0,0.025396996,4.903465009,3.384759687,0,136.8087174
9,2,19,21.47607955,66.27546878,-12.05151253,71.71092474,0,0,0,0.022058747,5.191870951,4.216491994,0,156.8413822
9,2,20,20.05047285,61.63463311,-12.05151253,67.56507713,0,0,0,0.020485517,4.891711585,3.878591154,0,145.9894588
9,2,21,19.40888958,59.49077793,-12.05151253,65.64480531,0,0,0,0.020674679,4.752683904,3.723442232,0,140.9897611
9,2,22,22.60107672,68.48842124,-12.05151253,77.17581266,0,0,0,0.022810296,5.587528836,4.402415789,0,166.226553
9,2,23,23.18027203,73.12657861,-12.05151253,76.9897001,0,0,0,0.020900247,5.574054287,4.693022333,0,171.5330151
9,3,0,21.67235115,67.59324576,-12.05151253,75.73937093,28.88990708,0,0,0.020794066,5.483530456,4.3008245,0,191.6485114
9,3,1,25.12784666,81.71698497,-12.05151253,81.78320602,0.090756582,0,0,0.018459731,5.921104116,5.279987874,0,187.8868334
9,3,2,24.25180989,79.75513119,-12.05151253,78.65006558,0,0,0,0.017044962,5.694264748,5.12191737,0,181.4387212
9,3,3,22.53548184,73.46045892,-12.05151253,73.7492067,0,0,0,0.017030053,5.339442565,4.675704652,0,167.7258122
9,3,4,22.41230051,72.41047249,-12.05151253,73.73666299,0,0,0,0.017363583,5.3385344,4.610359208,0,166.4741806
9,3,5,25.93680738,84.64800367,-12.05151253,83.08721353,0.125504473,0,0,0.018681289,6.01551426,5.488304728,0,193.2685168
9,3,6,21.40794013,70.0140649,-12.05151253,67.67421183,0.094128355,0,0,0.015011568,4.899612936,4.420936432,0,156.4743936
9,3,7,13.88522174,42.16116493,-12.05151253,48.21957285,0.183199051,0,0,0.014113045,3.491097074,2.450514489,0,98.35337064
9,3,8,14.51057841,44.55120485,-12.05151253,49.59942649,0.094128355,0,0,0.014047667,3.590998478,2.618472079,0,102.9273438
9,3,9,13.24965567,39.67063315,-12.05151253,46.04198977,0,0,0,0.013546402,3.333440059,2.27639084,0,92.53414336
9,3,10,10.07711882,27.11786967,-12.05151253,37.7718015,0.282385065,0,0,0.013496421,2.734678429,1.400491611,0,67.34632899
9,3,11,9.524029587,24.33373134,-12.05151253,35.79636731,0.282385065,0,0,0.013253288,2.591656993,1.214608036,0,61.70451909
9,3,12,8.246139729,17.85353775,-12.05151253,31.64969988,0.653840826,0,0,0.013142153,2.291438271,0.782482787,0,49.43876886
9,3,13,7.163023021,13.96100832,-12.05151253,28.77435303,3.155500863,0,0,0.013426887,2.08326316,0.505339298,0,43.60440205
9,3,14,6.507222032,11.38449581,-12.05151253,27.05850886,5.209629224,0,0,0.013830555,1.959036041,0.325299436,0,40.40650942
9,3,15,9.448557534,23.34591447,-12.05151253,36.3603417,51.27774897,2415.918469,0,0.015192934,2.632488739,1.155382842,0,2528.102583
9,3,16,19.50773024,60.63174894,-12.05151253,66.28726093,162.0085156,2667.913234,0,0.018652348,4.799197691,3.792499742,0,2972.907327
9,3,17,30.52331439,96.88981699,-12.05151253,101.5693769,562.0926334,2618.526562,0,0.025708142,7.353622884,6.42564217,0,3411.355165
9,3,18,20.55595705,56.97461664,-12.05151253,90.97237385,674.9368175,2530.104803,0,0.059998498,6.586399867,3.647183706,0,3371.786637
9,3,19,24.47061211,73.4159188,-12.05151253,91.26831614,375.4398237,2443.254967,0,0.042828184,6.607826088,4.781010524,0,3007.22979
9,3,20,24.56047079,75.57951835,-12.05151253,80.46562955,241.07827,0,0,0.023360394,5.825711579,4.906528147,0,420.3879762
9,3,21,22.08780844,66.3630239,-12.05151253,73.77508115,231.3109831,0,0,0.02306784,5.341315875,4.255442113,0,391.1052099
9,3,22,25.76011809,79.3827584,-12.05151253,83.29113431,129.7700993,0,0,0.021579926,6.030278124,5.185188973,0,317.3896446
9,3,23,26.69148634,86.07448289,-12.05151253,91.29991282,108.1568938,0,0,0.021475788,6.610113688,5.609795238,0,312.412648
9,4,0,21.75881312,67.7995057,-12.05151253,74.32352196,28.88990708,0,0,0.020829074,5.38102299,4.31712911,0,190.4392165
9,4,1,26.58780855,87.09029412,-12.05151253,89.13927017,0.090756582,0,0,0.019253058,6.453683161,5.660601071,0,202.9901542
9,4,2,22.07899906,70.17434002,-12.05151253,73.08825784,0,0,0,0.018355416,5.291589867,4.467241739,0,163.0672714
9,4,3,22.93363815,73.93937601,-12.05151253,74.96381318,0,0,0,0.017762578,5.427380074,4.72455764,0,169.9550151
9,4,4,22.83399309,72.95840853,-12.05151253,75.42902527,0,0,0,0.017916615,5.461061429,4.664367522,0,169.3132599
9,4,5,20.8542908,64.8904157,-12.05151253,72.19035773,0.125504473,0,0,0.019140474,5.2265819,4.104710904,0,155.3594894
9,4,6,20.60290933,66.78738402,-12.05151253,66.1767141,0.094128355,0,0,0.0153598,4.791194101,4.196370091,0,150.6125473
9,4,7,15.5686568,47.61398951,-12.05151253,52.55699945,0.183199051,0,0,0.014559261,3.80512676,2.848004151,0,110.5390224
9,4,8,13.69719777,40.57201349,-12.05151253,47.75826501,0.094128355,0,0,0.014367206,3.457698387,2.351525819,0,95.8936835
9,4,9,12.66960858,36.78022576,-12.05151253,45.15246626,0,0,0,0.014160015,3.269038557,2.083086524,0,87.91707316
9,4,10,9.450357058,22.87150371,-12.05151253,35.89104417,0.282385065,0,0,0.013930081,2.598511598,1.129058396,0,60.18527754
9,4,11,7.59897843,13.8307143,-12.05151253,30.00150934,0.282385065,0,0,0.013924261,2.172109276,0.522364637,0,42.37047277
9,4,12,6.225331257,8.029964228,-12.05151253,25.70992791,0.653840826,0,0,0.013817772,1.861398781,0.12275071,0,30.56551895
9,4,13,5.134174145,3.857371347,-12.05151253,22.51040575,3.155500863,0,0,0.013876937,1.629753377,-0.170440164,0,24.07912972
9,4,14,12.80306689,36.71215209,-12.05151253,47.43304471,5.209629224,0,0,0.016964949,3.434152437,2.086728449,0,95.64422621
9,4,15,11.21162834,30.2535941,-12.05151253,42.28945652,51.27774897,0,0,0.017053036,3.061756652,1.638343642,0,127.6980687
9,4,16,19.758772,60.21755732,-12.05151253,67.95310552,162.0085156,0,0,0.020961188,4.91980484,3.783412295,0,306.6106163
9,4,17,30.4622758,95.46032017,-12.05151253,140.8862387,562.0926334,0,0,0.033052881,10.20016368,6.342619347,0,833.4257914
9,4,18,21.19889703,59.91936633,-12.05151253,82.66426543,674.9368175,0,0,0.036640382,5.984892817,3.847018021,0,836.536385
9,4,19,26.30706557,80.36315929,-12.05151253,99.32658059,375.4398237,0,0,0.040583925,7.191244435,5.270262276,0,581.8872073
9,4,20,25.32287698,78.1381483,-12.05151253,83.21146052,241.07827,0,0,0.025434823,6.024509741,5.09150986,0,426.8406976
9,4,21,25.46243819,77.85264793,-12.05151253,86.46965251,231.3109831,0,0,0.029854179,6.260402842,5.083381049,0,420.4178473
9,4,22,23.83471543,74.05916861,-12.05151253,85.98040356,129.7700993,0,0,0.021773172,6.224981218,4.781420093,0,312.6210488
9,4,23,21.86627763,68.12873784,-12.05151253,74.63294323,108.1568938,0,0,0.020598126,5.40342509,4.341453114,0,270.4988163
9,5,0,23.10934025,73.17739371,-12.05151253,77.40233691,28.88990708,0,0,0.02103256,5.603929192,4.691901834,0,200.844329
9,5,1,26.27734262,86.38222313,-12.05151253,85.58062435,0.090756582,0,0,0.018748553,6.196037203,5.603868564,0,198.0980885
9,5,2,22.10116849,70.03597665,-12.05151253,73.23221107,0,0,0,0.018318,5.302012082,4.460769736,0,163.0989435
9,5,3,23.33426959,74.40624916,-12.05151253,76.06816078,0,0,0,0.018945494,5.50733484,4.772877646,0,172.056325
9,5,4,24.14687794,76.90752847,-12.05151253,78.28285591,0,0,0,0.018853431,5.667678768,4.957461189,0,177.9297432
9,5,5,23.15251801,73.37329181,-12.05151253,74.14550635,0.125504473,0,0,0.017840541,5.36813466,4.705218358,0,168.8365017
9,5,6,20.14089739,64.67224258,-12.05151253,64.15573473,0.094128355,0,0,0.016307494,4.644875195,4.052822648,0,145.7254959
9,5,7,11.33760727,32.43988698,-12.05151253,41.79284961,0.183199051,0,0,0.014669867,3.025802312,1.767137182,0,78.50963974
9,5,8,14.435476,44.49628811,-12.05151253,48.88042772,0.094128355,0,0,0.013433808,3.538942967,2.611230013,0,102.0184144
9,5,9,12.78205728,38.31036704,-12.05151253,44.62480701,0,0,0,0.012937973,3.230836028,2.174578787,0,89.08407159
9,5,10,8.449176812,20.0857522,-12.05151253,32.52397289,0.282385065,0,0,0.012674285,2.354735638,0.918126298,0,52.57531066
9,5,11,6.638923447,13.29088078,-12.05151253,25.83553508,0.282385065,0,0,0.01213399,1.87049274,0.438820848,0,36.31765942
9,5,12,5.973508942,8.572198751,-12.05151253,23.53872716,0.653840826,0,0,0.012019875,1.704203846,0.13892667,0,28.54191354
9,5,13,6.387148795,10.67337955,-12.05151253,26.04692785,3.155500863,0,0,0.012999634,1.885797576,0.27900218,0,36.38924391
9,5,14,8.316794638,19.14875319,-12.05151253,33.16303514,5.209629224,0,0,0.01525251,2.401003744,0.858561766,0,57.06151769
9,5,15,12.00208964,32.92673313,-12.05151253,45.05321976,51.27774897,0,0,0.017241714,3.261853111,1.83126618,0,134.31864
9,5,16,17.37956685,49.80474697,-12.05151253,63.58390458,162.0085156,0,0,0.022491859,4.603474692,3.070897032,0,288.4220851
9,5,17,14.74729063,38.74682588,-12.05151253,55.42975423,562.0926334,0,0,0.023149865,4.013114206,2.308353042,0,665.3096087
9,5,18,24.14730089,70.08312685,-12.05151253,115.4594903,674.9368175,0,0,0.06411883,8.359267101,4.577365577,0,885.5759746
9,5,19,29.86385458,92.3508984,-12.05151253,179.2889173,375.4398237,0,0,0.094691062,12.98051761,6.136092493,0,684.1032827
9,5,20,28.48017505,89.69805408,-12.05151253,98.00848886,241.07827,0,0,0.0295913,7.095814593,5.911258114,0,458.2501394
9,5,21,23.63244463,72.23256983,-12.05151253,78.79683775,231.3109831,0,0,0.026538846,5.704891053,4.668412057,0,404.3211647
9,5,22,24.00684664,73.60704523,-12.05151253,79.40708094,129.7700993,0,0,0.019716175,5.74907266,4.765824528,0,305.2741729
9,5,23,23.48660258,74.68810472,-12.05151253,79.23934449,108.1568938,0,0,0.019899822,5.736928541,4.797061949,0,284.0733234
9,6,0,24.85918458,79.11998516,-12.05151253,82.25624381,28.88990708,0,0,0.021261651,5.955352052,5.120370506,0,214.1707923
9,6,1,26.59297901,86.0239444,-12.05151253,86.99331707,0.090756582,0,0,0.02071746,6.298316156,5.601493386,0,199.5700115
9,6,2,24.28317398,77.26225497,-12.05151253,79.37551623,0,0,0,0.019999825,5.746787375,4.984811144,0,179.621031
9,6,3,24.15434832,76.46201538,-12.05151253,79.01419048,0,0,0,0.019693223,5.720627391,4.93306221,0,178.2524245
9,6,4,24.08053121,76.39263531,-12.05151253,79.47290896,0,0,0,0.020213868,5.753838609,4.925086127,0,178.5937015
9,6,5,22.31489286,68.42941073,-12.05151253,74.47287282,0.125504473,0,0,0.020392599,5.391835992,4.383188462,0,163.0865854
9,6,6,21.43834988,69.11297936,-12.05151253,69.49549918,0.094128355,0,0,0.016899365,5.031474141,4.372439791,0,157.5102575
9,6,7,14.0148388,42.72141028,-12.05151253,49.1276624,0.183199051,0,0,0.014552784,3.556842758,2.488939826,0,100.0559334
9,6,8,12.71695819,37.89652712,-12.05151253,45.68951367,0.094128355,0,0,0.014153876,3.30792079,2.147901884,0,89.81559135
9,6,9,15.35663377,47.90997278,-12.05151253,51.73610094,0,0,0,0.01359791,3.745693708,2.852680737,0,109.5631673
9,6,10,15.35457797,47.82195989,-12.05151253,51.56122052,0.282385065,0,0,0.013594299,3.733032366,2.847663911,0,109.5629215
9,6,11,14.55075249,44.59306359,-12.05151253,49.25398476,0.282385065,0,0,0.013452839,3.565988496,2.623041308,0,102.831156
9,6,12,9.338031562,24.07228608,-12.05151253,35.35076893,0.653840826,0,2884.074544,0.013518076,2.559395671,1.189685444,0,2945.200558
9,6,13,8.739731509,21.93035625,-12.05151253,34.19726262,3.155500863,0,2885.658693,0.01407481,2.475881814,1.03705464,0,2945.157043
9,6,14,10.80871874,29.72542924,-12.05151253,40.70633947,5.209629224,0,0,0.015253784,2.947138978,1.586482794,0,78.94747969
9,6,15,19.16117412,59.44852895,-12.05151253,64.50223592,51.27774897,0,0,0.018512627,4.669961881,3.707291213,0,190.7339411
9,6,16,24.0685366,73.40105024,-12.05151253,80.87876173,162.0085156,0,0,0.023781804,5.855622349,4.757786739,0,338.9425426
9,6,17,20.57449709,59.43036791,-12.05151253,79.06834389,562.0926334,0,0,0.026672605,5.724548097,3.785001732,0,718.6505522
9,6,18,21.1355371,59.61203599,-12.05151253,75.33320452,674.9368175,0,0,0.029293661,5.454124007,3.826370573,0,828.2758708
9,6,19,26.58992778,80.31102757,-12.05151253,110.3522985,375.4398237,0,0,0.068701331,7.989506411,5.283113965,0,593.9828868
9,6,20,26.02551565,81.35176026,-12.05151253,86.86299486,241.07827,0,0,0.028376808,6.288880828,5.30964502,0,434.8939309
9,6,21,26.06367158,81.84737659,-12.05151253,85.13071229,231.3109831,0,0,0.025053999,6.16346357,5.339376135,0,423.8291247
9,6,22,26.24561942,79.32812421,-12.05151253,86.93691774,129.7700993,0,0,0.023827361,6.294232845,5.209188272,0,321.7564966
9,6,23,23.07972709,71.97787242,-12.05151253,78.8149956,108.1568938,0,0,0.021936136,5.706205681,4.623439044,0,280.3295572
9,7,0,22.37572976,69.88234414,-12.05151253,74.95637032,28.88990708,0,0,0.019796345,5.426841211,4.467505468,0,193.9669818
9,7,1,24.57492407,77.58796278,-12.05151253,80.40689706,0.090756582,0,0,0.020994847,5.821459347,5.01920355,0,181.4706857
9,7,2,22.92664691,73.76099335,-12.05151253,75.93984221,0,0,0,0.018525869,5.498044576,4.714232314,0,170.8067727
9,7,3,22.92163668,73.38771893,-12.05151253,74.52020384,0,0,0,0.017835747,5.395262758,4.693161859,0,168.8843073
9,7,4,23.87207159,76.78278815,-12.05151253,76.72241123,0,0,0,0.017157879,5.554702573,4.935206439,0,175.8328253
9,7,5,21.51205994,69.07091032,-12.05151253,69.17416869,0.125504473,0,0,0.016614068,5.008209813,4.374202195,0,157.230157
9,7,6,19.4533857,62.86843147,-12.05151253,61.97271649,0.094128355,0,0,0.01459184,4.486824674,3.914055968,0,140.752622
9,7,7,15.42471197,48.21001712,-12.05151253,51.47771502,0.183199051,0,0,0.013886106,3.726986568,2.873185162,0,109.8581885
9,7,8,10.97595204,31.80113142,-12.05151253,40.61460303,0.094128355,0,0,0.01370497,2.940497259,1.711414301,0,76.09991884
9,7,9,12.01023161,35.86890782,-12.05151253,42.87276095,0,0,0,0.013166945,3.103987893,1.995598818,0,83.81314149
9,7,10,10.1783523,28.60197081,-12.05151253,37.984409,0.282385065,0,0,0.012925008,2.750071211,1.488794749,0,69.2473956
9,7,11,8.923996102,22.2237254,-12.05151253,33.91077825,0.282385065,0,0,0.012897998,2.455140345,1.063658839,0,56.82106946
9,7,12,7.863943373,16.76482093,-12.05151253,30.34399216,0.653840826,0,0,0.012663709,2.196905033,0.700552923,0,46.48520642
9,7,13,7.897806956,16.78099236,-12.05151253,30.52902495,3.155500863,0,0,0.012977261,2.210301407,0.703339874,0,49.23843114
9,7,14,7.111358979,12.22254427,-12.05151253,27.76094582,5.209629224,0,0,0.013222046,2.009892477,0.405629163,0,42.68170944
9,7,15,9.037103838,21.40544164,-12.05151253,34.525283,51.27774897,0,0,0.014516563,2.499630489,1.024380535,0,107.7325925
9,7,16,15.72369633,46.79636449,-12.05151253,57.09270607,162.0085156,0,0,0.018723273,4.133511919,2.81109814,0,276.5331033
9,7,17,30.32787766,95.25760528,-12.05151253,100.0117773,562.0926334,0,0,0.027233823,7.240852676,6.323842152,0,789.2303097
9,7,18,17.31202877,46.90434828,-12.05151253,68.11495778,674.9368175,0,0,0.025362079,4.931522943,2.905582954,0,803.0791078
9,7,19,17.90123809,51.12982624,-12.05151253,63.49350461,375.4398237,0,0,0.024861354,4.596929734,3.173761035,0,503.7084323
9,7,20,22.04061937,68.16962365,-12.05151253,72.42971793,241.07827,0,0,0.020244805,5.243911578,4.353441288,0,401.284316
9,7,21,21.3919418,66.4640311,-12.05151253,70.17717365,231.3109831,0,0,0.018852898,5.080827372,4.222308442,0,386.6146058
9,7,22,20.52741254,65.10535442,-12.05151253,66.69080281,129.7700993,0,0,0.01735551,4.828414124,4.098475872,0,278.986402
9,7,23,19.99987481,64.19150128,-12.05151253,64.77789391,108.1568938,0,0,0.016255852,4.689919519,4.0181904,0,253.7990171
9,8,0,21.19516883,66.88469616,-12.05151253,69.29053833,28.88990708,0,0,0.01819164,5.016634975,4.234779232,0,183.4784037
9,8,1,21.63105162,68.62621986,-12.05151253,70.32561416,0.090756582,0,0,0.018154562,5.091574465,4.356060773,0,158.0879195
9,8,2,21.02055157,66.53598956,-12.05151253,68.52119656,0,0,0,0.017586558,4.960934631,4.205630093,0,153.2103764
9,8,3,20.50544415,64.58197227,-12.05151253,67.49581913,0,0,0,0.018251428,4.886697305,4.068099846,0,149.5047716
9,8,4,20.46882633,64.6167793,-12.05151253,66.9910031,0,0,0,0.017603392,4.850148624,4.067998985,0,148.9608472
9,8,5,21.99323284,70.52549752,-12.05151253,70.71933251,0.125504473,0,0,0.017628304,5.120079673,4.482024033,0,160.9317868
9,8,6,15.76258668,49.08300509,-12.05151253,52.7263011,0.094128355,0,0,0.014337497,3.817384199,2.940630213,0,112.3868606
9,8,7,4.048491773,4.072339457,-12.05151253,17.26310655,0.183199051,0,0,0.010624449,1.249848914,-0.218938949,0,14.55715871
9,8,8,0.739117516,1.53411658,-12.05151253,3.427564244,0.094128355,0,0,0.001780702,0.248155651,-0.544650109,0,-6.551299594
9,8,9,0.848579697,2.077737825,-12.05151253,4.053560449,0,0,0,0.001858173,0.293477777,-0.508273362,0,-5.284571976
9,8,10,0.990234659,2.760286502,-12.05151253,4.425695689,0.282385065,0,0,0.001908831,0.320420368,-0.462365219,0,-3.732946639
9,8,11,1.10164196,2.94634054,-12.05151253,4.715512686,0.282385065,0,0,0.001889011,0.341403119,-0.445796623,0,-3.108136776
9,8,12,0.488855797,0.481253359,-12.05151253,2.556724748,0.653840826,0,0,0.001869635,0.185106872,-0.617234168,0,-8.301095465
9,8,13,0.592552466,0.000321789,-12.05151253,3.014151838,3.155500863,0,0,0.001917328,0.218224593,-0.638246152,0,-5.707089808
9,8,14,0.477261414,0.022149864,-12.05151253,2.371625415,5.209629224,0,0,0.001453431,0.17170568,-0.64345204,0,-4.441139546
9,8,15,0.377672947,0.000321789,-12.05151253,2.067576322,51.27774897,0,0,0.001625986,0.149692526,-0.650214941,0,41.17291107
9,8,16,4.305013724,1.956630248,-12.05151253,19.07379943,162.0085156,2394.714515,0,0.013561326,1.380943079,-0.322495679,0,2571.07897
9,8,17,26.76933387,85.80725332,-12.05151253,87.35664467,562.0926334,2411.24649,0,0.021827351,6.324621074,5.599246658,0,3173.166538
9,8,18,28.07386659,93.44595964,-12.05151253,91.23793227,674.9368175,0,0,0.02131216,6.605626296,6.097385072,0,888.367387
9,8,19,20.82368504,65.09583547,-12.05151253,71.45130749,375.4398237,0,0,0.020482932,5.173074662,4.114448044,0,530.0671448
9,8,20,19.52391346,57.64666599,-12.05151253,66.48269168,241.07827,0,0,0.02025417,4.813346878,3.627132027,0,381.1407616
9,8,21,18.63364245,55.02717299,-12.05151253,63.63987394,231.3109831,0,0,0.019924544,4.607526874,3.431638172,0,364.6192495
9,8,22,17.80645579,52.82592895,-12.05151253,61.34851533,129.7700993,0,0,0.019722732,4.44163251,3.262954582,0,257.4237966
9,8,23,17.49202171,52.64362559,-12.05151253,59.69801454,108.1568938,0,0,0.017712685,4.322136253,3.235286307,0,233.5141784
9,9,0,19.61887218,57.44331669,-12.05151253,68.2214475,28.88990708,0,0,0.020441381,4.939232799,3.621094672,0,170.7027998
9,9,1,25.57542139,82.93380612,-12.05151253,83.57659511,0.090756582,0,0,0.018833432,6.050945486,5.372694724,0,191.5675403
9,9,2,26.28253658,86.35396541,-12.05151253,84.71867523,0,0,0,0.017306455,6.133632086,5.602583912,0,197.0571871
9,9,3,25.71278978,84.09312215,-12.05151253,82.37829107,0,0,0,0.017011759,5.964188273,5.444920047,0,191.5588105
9,9,4,18.99355417,58.51440957,-12.05151253,63.30522909,0,0,0,0.016473486,4.583298586,3.645924332,0,137.0073767
9,9,5,17.32750002,53.49019845,-12.05151253,57.65523242,0.125504473,0,0,0.015502049,4.174238827,3.273276557,0,124.0099403
9,9,6,10.46510983,28.68156722,-12.05151253,38.22331295,0.094128355,0,0,0.013847976,2.767367857,1.509200664,0,69.70302232
9,9,7,0.701230157,1.014450036,-12.05151253,3.205139169,0.183199051,0,0,0.00076769,0.232052076,-0.575705861,0,-7.290380217
9,9,8,1.10587038,4.473163437,-12.05151253,3.661808971,0.094128355,0,0,5.87309E-05,0.26511497,-0.360517065,0,-2.811884755
9,9,9,0.4812087,1.671671971,-12.05151253,2.022958988,0,0,0,0.000165409,0.146462231,-0.551353795,0,-8.28039903
9,9,10,0.328506973,0.02677786,-12.05151253,1.648618821,0.282385065,0,0,0.001775344,0.119360003,-0.651479883,0,-10.29556835
9,9,11,0.117774753,0.010960136,-12.05151253,0.722108131,0.282385065,0,0,0.000572006,0.052280629,-0.664098715,0,-11.52953053
9,9,12,0.14425834,2.13354E-09,-12.05151253,0.801666857,0.653840826,0,0,0.000645497,0.05804068,-0.663234059,0,-11.05629439
9,9,13,0.204365767,9.50959E-10,-12.05151253,0.997768646,3.155500863,0,0,0.000138766,0.07223845,-0.659886075,0,-8.281386117
9,9,14,0.23835528,1.38356E-09,-12.05151253,1.367043544,5.209629224,0,0,0.001107162,0.098973953,-0.657992859,0,-5.79439623
9,9,15,0.355696768,0.030432446,-12.05151253,1.762601386,51.27774897,0,0,0.001870846,0.12761234,-0.649761851,0,40.85468838
9,9,16,3.69503916,1.532760741,-12.05151253,16.52799607,162.0085156,0,0,0.012539193,1.196626915,-0.380080794,0,172.5418844
9,9,17,27.87501941,89.43117154,-12.05151253,90.23750272,562.0926334,0,0,0.021915867,6.533195197,5.862685587,0,770.0026112
9,9,18,28.83431802,93.62786156,-12.05151253,93.61219566,674.9368175,0,0,0.022044288,6.777522966,6.149874154,0,891.9091216
9,9,19,28.67027759,94.26639831,-12.05151253,92.81752227,375.4398237,0,0,0.020484389,6.719988612,6.1763036,0,592.059286
9,9,20,25.36524457,80.72255897,-12.05151253,85.83481523,241.07827,0,0,0.020498342,6.214440622,5.237821409,0,432.4221366
9,9,21,20.7311602,62.65372994,-12.05151253,70.70940988,231.3109831,0,0,0.020172364,5.119361275,3.973269133,0,382.4665734
9,9,22,20.95933758,64.18974792,-12.05151253,71.08768746,129.7700993,0,0,0.019210576,5.146748572,4.071534814,0,283.1928537
9,9,23,20.76117603,63.96528373,-12.05151253,70.07425026,108.1568938,0,0,0.018911497,5.073375719,4.047994561,0,260.0463731
9,10,0,20.89455733,64.48655811,-12.05151253,69.84124342,0,0,0,0.018635044,5.056506024,4.084458882,0,152.3304463
9,10,1,24.78852213,79.720992,-12.05151253,79.74922606,0,0,0,0.017367703,5.773843967,5.149910689,0,183.14835
9,10,2,24.3064859,78.81798015,-12.05151253,77.47036492,0,0,0,0.016853264,5.60885442,5.072763511,0,179.2417896
9,10,3,24.27877893,78.91527453,-12.05151253,77.20458329,0,0,0,0.016600744,5.58961183,5.07663953,0,179.0299763
9,10,4,21.64508277,68.24791648,-12.05151253,71.92843529,0,0,0,0.01708374,5.207618715,4.33577081,0,159.3303953
9,10,5,19.69377953,61.05607869,-12.05151253,67.0755907,0,0,0,0.017546194,4.856272766,3.826497855,0,144.4742532
9,10,6,16.81194813,51.65653257,-12.05151253,57.34671469,0,0,0,0.015426086,4.151902144,3.142425127,0,121.0734362
9,10,7,11.38451188,32.51174301,-12.05151253,42.23318252,0,0,0,0.014055247,3.057682414,1.773752149,0,78.92341468
9,10,8,6.671014359,12.33479487,-12.05151253,25.87641601,0,0,0,0.011924974,1.873452519,0.387354326,0,35.10344451
9,10,9,5.583615017,11.76732873,-12.05151253,21.17319894,0,0,0,0.010946606,1.532939603,0.295178319,0,28.31169468
9,10,10,3.806659552,5.054044243,-12.05151253,15.6879742,0,0,0,0.010660603,1.135809332,-0.177728047,0,13.46590735
9,10,11,3.585301884,4.498878005,-12.05151253,15.0090968,0,0,0,0.01061075,1.086658608,-0.220980428,0,11.91805308
9,10,12,2.350950621,0.211851077,-12.05151253,10.97220953,0,0,0,0.010295911,0.79438797,-0.528521194,0,1.75966138
9,10,13,2.669731189,0.019765698,-12.05151253,12.19941282,0,0,0,0.010832462,0.883237488,-0.521464272,0,3.210002851
9,10,14,2.733951713,0.027235916,-12.05151253,12.46765613,0,0,0,0.011051928,0.902658304,-0.517471097,0,3.573570363
9,10,15,4.503637456,2.713320764,-12.05151253,19.7336411,0,0,0,0.013048552,1.428715616,-0.269284675,0,16.07156628
9,10,16,13.41596438,37.66139488,-12.05151253,49.4716349,0,0,0,0.016987129,3.581746367,2.173739663,0,94.26995479
9,10,17,29.87863314,95.63904581,-12.05151253,97.94513992,0,0,0,0.025077342,7.09122813,6.32006547,0,224.8476773
9,10,18,20.6035813,58.91281687,-12.05151253,79.06729847,0,0,0,0.027174241,5.724472409,3.75779413,0,156.0416249
9,10,19,19.43600491,54.35014798,-12.05151253,75.92702285,0,0,0,0.026439921,5.497116455,3.438619468,0,146.6238391
9,10,20,23.69258121,70.31263869,-12.05151253,88.34424567,0,0,0,0.024005091,6.396123387,4.5648215,0,181.282903
9,10,21,19.46735931,58.72547497,-12.05151253,66.36458349,0,0,0,0.020818876,4.804795844,3.684071621,0,141.0155916
9,10,22,26.73847149,85.64692401,-12.05151253,89.74956362,0,0,0,0.023184279,6.497868406,5.588597281,0,202.1930966
9,10,23,27.95415262,91.01785053,-12.05151253,103.9407771,0,0,0,0.022485609,7.525312262,5.955471327,0,224.3645369
9,11,0,23.87252235,76.32789252,-12.05151253,80.18828354,0,0,0,0.01954595,5.805631728,4.90989386,0,179.0722574
9,11,1,25.82467706,84.64766996,-12.05151253,83.76106394,0,0,0,0.017984316,6.064301029,5.48204048,0,193.7462242
9,11,2,24.64009356,81.5789295,-12.05151253,79.34750615,0,0,0,0.016949446,5.744759445,5.245130336,0,184.5218559
9,11,3,23.61114595,79.31792226,-12.05151253,74.13419773,0,0,0,0.015166715,5.367315915,5.061879851,0,175.4561159
9,11,4,21.83293835,73.16987972,-12.05151253,69.65547931,0,0,0,0.014926788,5.043056702,4.620387719,0,162.2851561
9,11,5,20.87970583,69.36228459,-12.05151253,66.87829963,0,0,0,0.014853463,4.841988894,4.355209618,0,154.2808295
9,11,6,17.73142912,57.23023084,-12.05151253,58.68563751,0,0,0,0.014702073,4.248840156,3.504095211,0,129.3634224
9,11,7,11.94478077,34.10442565,-12.05151253,42.36301297,0,0,0,0.013785609,3.067082139,1.893671549,0,81.33524614
9,11,8,4.992857337,5.602496024,-12.05151253,21.00607352,0,0,0,0.01256424,1.520839723,-0.081108066,0,21.00221025
9,11,9,3.673838368,0.513408642,-12.05151253,16.41237444,0,0,0,0.012315425,1.188255909,-0.43803959,0,9.310640659
9,11,10,3.160137529,0.053416207,-12.05151253,14.27186192,0,0,0,0.01182446,1.033282803,-0.492274305,0,5.986736084
9,11,11,2.982514988,0.017290232,-12.05151253,13.58764858,0,0,0,0.011869824,0.983745757,-0.504180097,0,5.027376746
9,11,12,3.275359617,0.064666342,-12.05151253,14.75729644,0,0,0,0.012147248,1.068428263,-0.485229802,0,6.641155577
9,11,13,3.208776229,0.056869725,-12.05151253,14.47955269,0,0,0,0.011965136,1.048319614,-0.489372769,0,6.264598086
9,11,14,3.979592309,1.37689843,-12.05151253,17.57981942,0,0,0,0.01244576,1.272778926,-0.372912714,0,11.7971096
9,11,15,4.669966041,3.523758262,-12.05151253,20.4650154,0,0,0,0.013786337,1.481667115,-0.214878804,0,17.88780182
9,11,16,15.75194398,47.80438042,-12.05151253,57.54258895,0,0,0,0.0186839,4.16608344,2.868818021,0,116.1009862
9,11,17,25.88478645,79.37631637,-12.05151253,91.04505086,0,0,0,0.026490667,6.591661682,5.191774179,0,196.0645677
9,11,18,18.98792594,53.88082816,-12.05151253,92.6770803,0,0,0,0.076983567,6.709820613,3.387520355,0,163.6686464
9,11,19,26.35052801,81.40593127,-12.05151253,115.0539269,0,0,0,0.071365594,8.329904309,5.330765534,0,224.4909091
9,11,20,25.79250541,80.77421578,-12.05151253,86.08318505,0,0,0,0.027533781,6.232422597,5.264497122,0,192.1228472
9,11,21,25.04680916,78.8715921,-12.05151253,82.20486046,0,0,0,0.023080148,5.951631897,5.116985702,0,185.1634469
9,11,22,24.82596855,78.87650697,-12.05151253,80.76298456,0,0,0,0.020465134,5.847240082,5.104958638,0,183.3866114
9,11,23,24.2805873,75.83177571,-12.05151253,79.30554678,0,0,0,0.020407085,5.741721587,4.904989371,0,178.0335153
9,12,0,24.40363745,78.97853429,-12.05151253,81.98054381,0,0,0,0.018973173,5.935391372,5.087117718,0,184.3526853
9,12,1,24.97797871,81.7487546,-12.05151253,80.60657456,0,0,0,0.017940822,5.835915998,5.273409797,0,186.409062
9,12,2,24.29505134,79.7738012,-12.05151253,78.90776208,0,0,0,0.017336984,5.712921974,5.125365838,0,181.7807269
9,12,3,21.93864265,71.37372805,-12.05151253,72.56054326,0,0,0,0.017046256,5.253383332,4.5262298,0,163.6180608
9,12,4,23.39831434,76.56330013,-12.05151253,76.7290841,0,0,0,0.017099772,5.555185689,4.896592678,0,175.1080642
9,12,5,22.30313265,71.81484663,-12.05151253,71.48842124,0,0,0,0.016250191,5.175761698,4.571102197,0,163.3180021
9,12,6,20.06431445,65.12433057,-12.05151253,64.25567288,0,0,0,0.015131292,4.652110717,4.073738279,0,146.1337856
9,12,7,14.51517524,44.27260085,-12.05151253,50.23697472,0,0,0,0.014699193,3.63715697,2.60320988,0,103.2283043
9,12,8,17.23112725,54.45606612,-12.05151253,56.13440403,0,0,0,0.014528379,4.064130852,3.321707423,0,123.1704515
9,12,9,15.84110415,49.28704728,-12.05151253,52.88976514,0,0,0,0.014457504,3.829218996,2.956368787,0,112.7664493
9,12,10,12.72450824,37.7902325,-12.05151253,45.26368929,0,0,0,0.014502936,3.277091105,2.142401811,0,89.16091335
9,12,11,10.81472317,30.74936252,-12.05151253,40.30103476,0,0,0,0.014290507,2.917794917,1.643850325,0,74.38954367
9,12,12,10.52109036,29.23043018,-12.05151253,39.41622875,0,0,0,0.014239619,2.853734962,1.542890446,0,71.52710178
9,12,13,10.65294013,29.4360616,-12.05151253,39.8160694,0,0,0,0.014376785,2.882683425,1.561688148,0,72.31230696
9,12,14,8.96924555,22.18229262,-12.05151253,34.77416091,0,0,0,0.014695316,2.51764925,1.063871428,0,57.47040253
9,12,15,10.32528303,26.53260095,-12.05151253,38.88729303,0,0,0,0.015515459,2.815440015,1.381714889,0,67.90633483
9,12,16,21.10780116,64.56961979,-12.05151253,71.85716283,0,0,0,0.020121697,5.202458589,4.100963099,0,154.8066146
9,12,17,15.89567093,43.6237009,-12.05151253,59.69958464,0,0,0,0.025482805,4.322249928,2.643959763,0,114.1591364
9,12,18,28.89868592,89.97277108,-12.05151253,121.1883537,0,0,0,0.045493596,8.774036809,5.949870907,0,242.7776995
9,12,19,27.30648779,83.07350977,-12.05151253,104.941586,0,0,0,0.040111971,7.59777083,5.476896616,0,216.3848505
9,12,20,25.73328436,79.98340826,-12.05151253,84.94317712,0,0,0,0.024747464,6.149886023,5.217150531,0,190.0001412
9,12,21,26.16799484,82.86250167,-12.05151253,84.78055215,0,0,0,0.02364943,6.138111976,5.401729407,0,193.3230269
9,12,22,27.47192211,88.03977397,-12.05151253,90.97644775,0,0,0,0.022065383,6.586694817,5.762732224,0,206.8081237
9,12,23,26.18631459,85.14225649,-12.05151253,87.42588741,0,0,0,0.020643288,6.329634249,5.529732161,0,198.5829557
9,13,0,26.22580872,84.64669101,-12.05151253,86.63678096,28.88990708,0,0,0.020195006,6.272502941,5.504328987,0,226.1447022
9,13,1,24.3041388,77.34399507,-12.05151253,80.42208695,0.090756582,0,0,0.019486212,5.822559095,4.990531809,0,180.942042
9,13,2,24.10101915,77.37091523,-12.05151253,78.59448764,0,0,0,0.018456497,5.690240905,4.980717497,0,178.7043244
9,13,3,24.92425806,80.97857447,-12.05151253,80.56713644,0,0,0,0.017877381,5.833060678,5.227518524,0,185.496913
9,13,4,26.71862173,87.66261235,-12.05151253,85.84577335,0,0,0,0.018935847,6.215233991,5.69976549,0,200.1094302
9,13,5,24.46789,78.1685771,-12.05151253,79.47564875,0.125504473,0,0,0.017733162,5.75403697,5.04558197,0,181.0034599
9,13,6,22.60469948,73.63045958,-12.05151253,72.46174995,0.094128355,0,0,0.015762686,5.246230696,4.689029112,0,166.6905473
9,13,7,13.18674866,39.21243137,-12.05151253,47.83392186,0.183199051,0,0,0.014694485,3.463175942,2.247365079,0,94.0900239
9,13,8,16.18609662,50.62697137,-12.05151253,54.67964277,0.094128355,0,0,0.014329438,3.958806137,3.050218639,0,116.5586808
9,13,9,16.09529184,51.02308851,-12.05151253,53.67997041,0,0,0,0.0138759,3.886429857,3.067224537,0,115.7143685
9,13,10,11.87820095,35.56188906,-12.05151253,43.51685024,0.282385065,0,0,0.013900337,3.150619957,1.971143765,0,84.32347684
9,13,11,10.8510943,30.98496961,-12.05151253,40.72329903,0.282385065,0,0,0.014113589,2.94836685,1.658999512,0,75.41171543
9,13,12,11.07568056,32.00729301,-12.05151253,41.32189154,0.653840826,0,0,0.013884145,2.991704948,1.72845238,0,77.74123488
9,13,13,12.24414632,36.42158545,-12.05151253,44.67298861,3.155500863,0,0,0.014187819,3.234324375,2.039412012,0,89.73063292
9,13,14,8.626330007,21.35751447,-12.05151253,34.22012868,5.209629224,0,0,0.014359812,2.477537316,0.998830889,0,60.85281787
9,13,15,9.488355225,22.49852623,-12.05151253,36.91659672,51.27774897,0,0,0.015614293,2.672761602,1.110400049,0,111.9284906
9,13,16,16.71642872,49.38100337,-12.05151253,60.78999243,162.0085156,0,0,0.019020556,4.401195452,3.010357719,0,284.2750013
9,13,17,19.4006788,53.07971597,-12.05151253,85.44737557,562.0926334,0,0,0.031342603,6.186389991,3.36588874,0,717.5525125
9,13,18,21.3904621,62.95591439,-12.05151253,72.63558664,674.9368175,0,0,0.025208533,5.258816473,4.026823922,0,829.178117
9,13,19,26.45332583,82.84718641,-12.05151253,87.86418011,375.4398237,0,0,0.023553828,6.36136664,5.416769284,0,572.3546933
9,13,20,24.55555559,78.53633325,-12.05151253,80.5563525,241.07827,0,0,0.020470121,5.832279921,5.070948961,0,423.5986978
9,13,21,25.81553349,81.63119643,-12.05151253,84.24729183,231.3109831,0,0,0.022127225,6.099503928,5.313513608,0,422.3886371
9,13,22,25.74570792,82.01820825,-12.05151253,83.52446888,129.7700993,0,0,0.02166,6.047171547,5.331180882,0,320.4069842
9,13,23,24.17979513,77.81161193,-12.05151253,78.89717133,108.1568938,0,0,0.019902488,5.712155204,5.009652125,0,287.7356695
9,14,0,24.34412497,78.41133667,-12.05151253,78.23174864,28.88990708,0,0,0.019368548,5.663978602,5.052209965,0,208.5611619
9,14,1,23.07040146,72.8458735,-12.05151253,75.2440254,0.090756582,0,0,0.019466406,5.447667439,4.671267267,0,169.3379455
9,14,2,23.91149009,77.21362251,-12.05151253,76.5372246,0,0,0,0.018916841,5.541295061,4.961399523,0,176.1324361
9,14,3,24.61925235,80.26961157,-12.05151253,78.21542469,0,0,0,0.018614873,5.662796747,5.171040472,0,181.9052282
9,14,4,23.00731644,74.69484505,-12.05151253,73.89533245,0,0,0,0.017297811,5.350022069,4.770741147,0,169.6840424
9,14,5,23.46319505,77.0786096,-12.05151253,74.81131483,0.125504473,0,0,0.016457039,5.416339193,4.928909271,0,173.7888169
9,14,6,23.1892469,77.09513493,-12.05151253,73.90546703,0.094128355,0,0,0.015721393,5.350755813,4.91457082,0,172.5135127
9,14,7,20.06842345,66.65967166,-12.05151253,64.25009097,0.183199051,0,0,0.014547942,4.651706586,4.159485649,0,147.9356128
9,14,8,14.0963893,43.52201555,-12.05151253,47.6199834,0.094128355,0,0,0.013272179,3.447686798,2.538075902,0,99.28003895
9,14,9,11.25649147,33.01168221,-12.05151253,39.88007628,0,0,0,0.012768786,2.887317522,1.794468026,0,76.79129176
9,14,10,9.974239633,27.79890511,-12.05151253,37.07015968,0.282385065,0,0,0.013027356,2.683879561,1.432694914,0,67.20377879
9,14,11,9.111378339,24.1560377,-12.05151253,34.61060638,0.282385065,0,0,0.013028018,2.505807902,1.181725825,0,59.8094567
9,14,12,10.20095216,28.35662727,-12.05151253,37.82722016,0.653840826,0,0,0.013169959,2.738690739,1.476387926,0,69.2153765
9,14,13,8.330386299,20.67314059,-12.05151253,32.157718,3.155500863,0,0,0.013024602,2.328218783,0.944227199,0,55.5507038
9,14,14,8.013577116,18.28815314,-12.05151253,30.96632318,5.209629224,0,0,0.013155052,2.241961798,0.793737127,0,53.47502411
9,14,15,4.720331454,3.28195824,-12.05151253,20.63686575,51.27774897,0,0,0.013255299,1.49410908,-0.225541712,0,69.14721455
9,14,16,7.681058148,16.68416502,-12.05151253,31.22778465,162.0085156,0,0,0.014767507,2.260891609,0.685873682,0,208.5115437
9,14,17,28.20528787,93.45870534,-12.05151253,90.77479607,562.0926334,0,0,0.019691238,6.572095236,6.105415174,0,775.1771118
9,14,18,27.10750776,90.96087468,-12.05151253,86.12273457,674.9368175,0,0,0.018178967,6.235285983,5.905139654,0,879.2350266
9,14,19,22.84923491,73.73574529,-12.05151253,74.13106618,375.4398237,0,0,0.016867861,5.367089192,4.708514149,0,544.1968288
9,14,20,18.6777714,57.78032744,-12.05151253,63.74119411,241.07827,0,0,0.017195913,4.614862453,3.587446857,0,377.4455556
9,14,21,18.92888083,59.48267308,-12.05151253,63.21321485,231.3109831,0,0,0.016892915,4.576636755,3.696254305,0,369.1740233
9,14,22,18.54834228,56.54644086,-12.05151253,62.79826908,129.7700993,0,0,0.01778019,4.546594682,3.511510173,0,263.687524
9,14,23,17.79810445,54.52752495,-12.05151253,60.14208471,108.1568938,0,0,0.017449841,4.354286933,3.357268309,0,236.3021005
9,15,0,18.73892155,56.88385888,-12.05151253,63.71174925,28.88990708,0,0,0.018588442,4.612730646,3.540919622,0,164.3451629
9,15,1,19.37042454,60.4505478,-12.05151253,64.70701587,0.090756582,0,0,0.017359196,4.684787949,3.774758911,0,141.0441383
9,15,2,19.09837011,59.8074277,-12.05151253,63.46167345,0,0,0,0.017276437,4.594625158,3.72378369,0,138.651644
9,15,3,18.73707079,59.06919578,-12.05151253,62.07427372,0,0,0,0.017131317,4.494177417,3.6625398,0,136.0028763
9,15,4,18.3493288,57.33109171,-12.05151253,60.94820547,0,0,0,0.01701634,4.412650076,3.544130174,0,132.55091
9,15,5,19.05673453,60.10991506,-12.05151253,63.0058014,0.125504473,0,0,0.017050528,4.561620021,3.738313134,0,138.5634266
9,15,6,6.256191126,9.723099006,-12.05151253,25.58902908,0.094128355,0,0,0.013724549,1.852645705,0.218777212,0,31.69608249
9,15,7,0.460689142,1.834999319,-12.05151253,1.969160456,0.183199051,0,0,0.000591477,0.142567217,-0.543399401,0,-8.003705274
9,15,8,0.401309204,1.059146945,-12.05151253,1.730690357,0.094128355,0,0,0.000529737,0.125301982,-0.589921841,0,-9.230327795
9,15,9,0.477422531,0.052631091,-12.05151253,2.273124774,0,0,0,0.000828732,0.164574234,-0.641745261,0,-9.724676434
9,15,10,0.396162331,1.98828E-09,-12.05151253,1.953634023,0.282385065,0,0,0.000647414,0.141443103,-0.649203006,0,-9.926443602
9,15,11,0.182948214,2.95154E-09,-12.05151253,0.911986146,0.282385065,0,0,0.00086671,0.066027797,-0.661079032,0,-11.26837763
9,15,12,0,0,-12.05151253,0,0.653840826,0,0,0,0,-0.671269248,0,-12.06894096
9,15,13,0,0,-12.05151253,0,3.155500863,0,0,0,0,-0.671269248,0,-9.567280919
9,15,14,0,0,-12.05151253,0,5.209629224,0,0,0,0,-0.671269248,0,-7.513152559
9,15,15,0,0,-12.05151253,0,51.27774897,0,0,0,0,-0.671269248,0,38.55496719
9,15,16,0.633645588,4.71717E-09,-12.05151253,3.107007227,162.0085156,0,0,0.003471771,0.224947323,-0.635975189,0,153.2900998
9,15,17,18.88501505,57.54945279,-12.05151253,67.36549128,562.0926334,0,0,0.020124106,4.877261569,3.586130611,0,702.3245962
9,15,18,27.47438691,92.37624712,-12.05151253,87.80413538,674.9368175,0,0,0.018735661,6.357019402,6.004411067,0,882.9202405
9,15,19,26.84275335,89.66083164,-12.05151253,85.27686751,375.4398237,0,0,0.01841056,6.174045208,5.817980436,0,577.1791999
9,15,20,17.50335545,51.87995627,-12.05151253,60.57777468,241.07827,0,0,0.018944109,4.385830887,3.193381215,0,366.586
9,15,21,16.69276702,48.98423524,-12.05151253,59.17041268,231.3109831,0,0,0.019229039,4.283937878,2.986939778,0,351.3969922
9,15,22,16.37510604,47.93203487,-12.05151253,57.91184877,129.7700993,0,0,0.018605117,4.192817851,2.910638501,0,247.0596379
9,15,23,16.83509154,50.43873742,-12.05151253,58.15807634,108.1568938,0,0,0.017825652,4.210644727,3.075883025,0,228.84164
9,16,0,16.3928648,49.37961459,-12.05151253,56.11291652,0,0,0,0.016852701,4.062575156,2.992257854,0,116.9055691
9,16,1,15.0331771,44.95180472,-12.05151253,51.80718219,0,0,0,0.016381032,3.750839991,2.669894239,0,106.1777667
9,16,2,14.21831618,42.47623625,-12.05151253,48.75291449,0,0,0,0.014799196,3.529711009,2.486617322,0,99.42708191
9,16,3,12.54814278,36.04450503,-12.05151253,44.22454612,0,0,0,0.014723708,3.201857139,2.035341235,0,86.01760348
9,16,4,10.89222197,29.89727655,-12.05151253,40.39265856,0,0,0,0.014833952,2.92442848,1.600705819,0,73.67061279
9,16,5,10.98918676,30.1357843,-12.05151253,40.5647659,0,0,0,0.014881205,2.936889051,1.61939164,0,74.20938632
9,16,6,3.640399819,1.8636603,-12.05151253,16.25581551,0,0,0,0.011934162,1.176921043,-0.3646931,0,10.53252521
9,16,7,0.306976314,0.805924565,-12.05151253,1.431232966,0,0,0,0.00043742,0.103621267,-0.609280669,0,-10.01260067
9,16,8,0.420044382,0.026111284,-12.05151253,2.095236978,0,0,0,0.001531999,0.151695157,-0.646418378,0,-10.00331111
9,16,9,0.318796117,4.76888E-09,-12.05151253,1.600593551,0,0,0,0.001371117,0.115882973,-0.653512304,0,-10.66838108
9,16,10,0.068928505,1.11204E-09,-12.05151253,0.393540276,0,0,0,0.000374003,0.028492316,-0.66742993,0,-12.22760736
9,16,11,0,0,-12.05151253,0,0,0,0,0,0,-0.671269248,0,-12.72278178
9,16,12,0,0,-12.05151253,0,0,0,0,0,0,-0.671269248,0,-12.72278178
9,16,13,0,0,-12.05151253,0,0,0,0,0,0,-0.671269248,0,-12.72278178
9,16,14,0,0,-12.05151253,0,0,0,0,0,0,-0.671269248,0,-12.72278178
9,16,15,0,0,-12.05151253,0,0,0,0,0,0,-0.671269248,0,-12.72278178
9,16,16,2.274509464,1.255117775,-12.05151253,10.53158831,0,0,0,0.010733195,0.762486994,-0.474669011,0,2.308254196
9,16,17,28.26706373,91.28983414,-12.05151253,91.36987295,0,0,0,0.021842065,6.615178802,5.988049963,0,211.5003291
9,16,18,27.78367291,90.63388285,-12.05151253,89.20045505,0,0,0,0.02046427,6.458112946,5.924588608,0,207.9696641
9,16,19,27.14800497,87.82299888,-12.05151253,88.88510996,0,0,0,0.020490835,6.435281961,5.732615666,0,203.9929897
9,16,20,24.21115704,76.24374476,-12.05151253,84.03666868,0,0,0,0.020699565,6.084254813,4.924068782,0,183.4690811
9,16,21,23.13803541,72.17936865,-12.05151253,76.37394394,0,0,0,0.020752448,5.529473541,4.637910158,0,169.8279716
9,16,22,22.9200165,71.87952465,-12.05151253,75.06743436,0,0,0,0.020008174,5.434882248,4.609065194,0,167.8794186
9,16,23,22.27601452,69.62620775,-12.05151253,72.97549842,0,0,0,0.018751853,5.283426085,4.447684532,0,162.5760706
9,17,0,21.12886651,65.31384861,-12.05151253,69.50227313,0,0,0,0.018657361,5.031964575,4.143589984,0,153.0876876
9,17,1,20.66282436,64.16232937,-12.05151253,67.88367809,0,0,0,0.018028799,4.914778293,4.053491815,0,149.6436182
9,17,2,20.54078751,63.77297209,-12.05151253,67.3935639,0,0,0,0.017768072,4.879294026,4.025007162,0,148.5778802
9,17,3,21.04045589,65.62303822,-12.05151253,68.32959169,0,0,0,0.018043164,4.947062439,4.155887374,0,152.0625662
9,17,4,21.45120551,66.99736569,-12.05151253,69.96193054,0,0,0,0.018644534,5.065243771,4.255316168,0,155.6981937
9,17,5,23.4682606,74.98071697,-12.05151253,76.07113585,0,0,0,0.018814962,5.507550235,4.812338802,0,172.8073049
9,17,6,19.1462737,60.8713909,-12.05151253,61.73590039,0,0,0,0.015462762,4.469679188,3.78571467,0,137.9729091
9,17,7,6.011582216,9.109186713,-12.05151253,24.43803586,0,0,0,0.012650654,1.769313797,0.170957581,0,29.46021429
9,17,8,4.899967825,6.374822695,-12.05151253,20.34720924,0,0,0,0.011583298,1.473137949,-0.043263416,0,21.01194506
9,17,9,4.149355053,2.842854198,-12.05151253,18.15895047,0,0,0,0.011092611,1.314708014,-0.281803193,0,14.14364462
9,17,10,3.648416058,1.509861151,-12.05151253,16.16098563,0,0,0,0.01069411,1.17005536,-0.383953208,0,10.06454657
9,17,11,3.026445119,0.495474699,-12.05151253,13.58072824,0,0,0,0.009380733,0.983244725,-0.475098314,0,5.568662669
9,17,12,2.635783845,0.074457184,-12.05151253,11.75352258,0,0,0,0.006354325,0.850955035,-0.520308823,0,2.749251611
9,17,13,2.003707565,0.014433604,-12.05151253,9.328159001,0,0,0,0.00910001,0.675358712,-0.558858785,0,-0.579612427
9,17,14,2.374015871,0.019166702,-12.05151253,10.98090906,0,0,0,0.01067479,0.795017816,-0.537968979,0,1.590302728
9,17,15,3.329571668,2.015269284,-12.05151253,15.04671638,0,0,0,0.012382726,1.089382266,-0.373561607,0,9.068248179
9,17,16,11.93216942,31.53648967,-12.05151253,45.79214612,0,0,0,0.017226088,3.315351379,1.749935063,0,82.2918052
9,17,17,26.97362226,88.17955911,-12.05151253,90.4111441,0,0,0,0.021851986,6.545766833,5.742762954,0,205.8231947
9,17,18,17.04365565,47.94557624,-12.05151253,68.75918381,0,0,0,0.038460472,4.978164908,2.948630968,0,129.6621595
9,17,19,23.12213849,70.32401502,-12.05151253,82.04414149,0,0,0,0.036444134,5.939995844,4.533681502,0,173.9489039
9,17,20,22.94373499,72.17045285,-12.05151253,74.74529986,0,0,0,0.020901683,5.41155971,4.626591015,0,167.8670276
9,17,21,22.85866308,71.52443024,-12.05151253,74.55165203,0,0,0,0.022042916,5.397539607,4.58586905,0,166.8886844
9,17,22,29.28751035,92.69640868,-12.05151253,99.9158796,0,0,0,0.023882522,7.233909683,6.123235042,0,223.2293133
9,17,23,28.55507264,91.69759107,-12.05151253,95.6036097,0,0,0,0.022910861,6.921701342,6.026804121,0,216.7761772
9,18,0,21.13924843,64.79763296,-12.05151253,73.42729139,0,0,0,0.021496958,5.316135896,4.115415045,0,156.7657081
9,18,1,24.51260117,77.99739574,-12.05151253,80.16341667,0,0,0,0.019236958,5.803831367,5.038537579,0,181.4835069
9,18,2,22.97435636,72.42578444,-12.05151253,75.43296665,0,0,0,0.018443351,5.461346786,4.642518595,0,168.9039037
9,18,3,23.71504776,74.78872775,-12.05151253,77.30295074,0,0,0,0.01865667,5.596733633,4.815391048,0,174.1859951
9,18,4,26.18601026,83.21348524,-12.05151253,84.73955254,0,0,0,0.020181423,6.135143604,5.422282651,0,193.6651432
9,18,5,21.39244919,66.66559153,-12.05151253,70.65888693,0,0,0,0.019008043,5.115703414,4.23356362,0,156.0336902
9,18,6,19.94561687,63.74179053,-12.05151253,64.48679238,0,0,0,0.01555737,4.668843768,3.990119344,0,144.7972077
9,18,7,12.64689039,37.28739109,-12.05151253,45.24277353,0,0,0,0.014306216,3.275576804,2.11007023,0,88.52549572
9,18,8,9.276599551,22.7473278,-12.05151253,35.53663597,0,0,0,0.013876968,2.572852444,1.112463505,0,59.2082437
9,18,9,7.834494744,17.2731696,-12.05151253,31.28835838,0,0,0,0.013768607,2.265277147,0.727227656,0,47.35078361
9,18,10,7.835815621,17.14628125,-12.05151253,31.11183896,0,0,0,0.01370761,2.252497141,0.720233548,0,47.0288616
9,18,11,7.082829211,14.09304732,-12.05151253,28.89886089,0,0,0,0.013590287,2.092277528,0.508227074,0,40.63731977
9,18,12,6.000135023,9.712040624,-12.05151253,25.21036307,0,0,0,0.01344968,1.825230286,0.203898935,0,30.91360508
9,18,13,5.716000583,8.258894238,-12.05151253,24.19214087,0,0,0,0.013443733,1.751510999,0.107132393,0,27.98761028
9,18,14,4.925439643,4.31136201,-12.05151253,21.3575595,0,0,0,0.013211494,1.546287308,-0.156779396,0,19.94556803
9,18,15,7.54574354,14.02687065,-12.05151253,30.46173404,0,0,0,0.01511909,2.205429545,0.530325362,0,42.73370969
9,18,16,17.62477019,51.43517808,-12.05151253,64.14477424,0,0,0,0.02051031,4.644081655,3.17536987,0,128.9931718
9,18,17,17.11429711,45.55104253,-12.05151253,62.67249107,0,0,0,0.024025394,4.537488354,2.81919017,0,120.6670221
9,18,18,22.98989153,67.91156756,-12.05151253,88.37069251,0,0,0,0.04420714,6.398038138,4.391942023,0,178.0548264
9,18,19,28.23855409,86.30712891,-12.05151253,114.4071566,0,0,0,0.052240033,8.283078138,5.708925295,0,230.9455705
9,18,20,25.83237042,79.99948746,-12.05151253,85.84230211,0,0,0,0.02522866,6.214982673,5.223565236,0,191.086424
9,18,21,25.0654706,79.34634941,-12.05151253,82.07569287,0,0,0,0.023073175,5.942280164,5.144469126,0,185.5458228
9,18,22,25.2971515,81.11485677,-12.05151253,82.04522931,0,0,0,0.021132963,5.940074602,5.255879612,0,187.6228122
9,18,23,25.03111742,78.69364048,-12.05151253,81.53517361,0,0,0,0.021003752,5.90314657,5.106199767,0,184.2387691
9,19,0,23.23617064,73.26519318,-12.05151253,75.68452193,0,0,0,0.01955715,5.479559388,4.703856717,0,170.3373465
9,19,1,25.28889429,82.06649749,-12.05151253,83.22404945,0,0,0,0.019950735,6.02542118,5.308426074,0,189.8817267
9,19,2,25.92541092,84.34770088,-12.05151253,84.58288655,0,0,0,0.019563987,6.123800987,5.470943079,0,194.4187939
9,19,3,24.60066825,79.43024411,-12.05151253,80.27231824,0,0,0,0.01937892,5.811715841,5.12325257,0,183.2060654
9,19,4,25.14393818,80.62813122,-12.05151253,80.9692735,0,0,0,0.018552636,5.862175402,5.220235017,0,185.7907934
9,19,5,24.94597617,79.96470254,-12.05151253,80.58893623,0,0,0,0.017905992,5.834638983,5.172255556,0,184.4729029
9,19,6,20.76883723,66.52961328,-12.05151253,66.63612937,0,0,0,0.015775702,4.824455766,4.191254445,0,150.9145533
9,19,7,11.96852596,33.73143121,-12.05151253,41.71357546,0,0,0,0.014186967,3.020062863,1.874218366,0,80.27048828
9,19,8,8.38455487,18.76846665,-12.05151253,32.09556248,0,0,0,0.013672534,2.323718723,0.841154051,0,50.37561677
9,19,9,7.758652251,16.25091008,-12.05151253,29.96730284,0,0,0,0.013452222,2.169632726,0.666063374,0,44.77450096
9,19,10,6.512807742,12.92509687,-12.05151253,26.85686678,0,0,0,0.013162118,1.944437155,0.411422039,0,36.61228017
9,19,11,5.607307451,8.235722935,-12.05151253,23.69042818,0,0,0,0.01291353,1.715187,0.099787544,0,27.3098341
9,19,12,5.081090572,5.517044951,-12.05151253,21.75102493,0,0,0,0.012669679,1.574774205,-0.0809531,0,21.8041387
9,19,13,4.490126777,3.568607792,-12.05151253,19.82949031,0,0,0,0.012728017,1.435655098,-0.222397733,0,17.06269773
9,19,14,4.085406707,1.244954789,-12.05151253,18.19375412,0,0,0,0.012688082,1.317227798,-0.374368113,0,12.42815084
9,19,15,4.742667493,2.952794973,-12.05151253,20.75423048,0,0,0,0.013592949,1.502606286,-0.242631989,0,17.67174765
9,19,16,15.50523224,44.31282673,-12.05151253,57.72093019,0,0,0,0.019647426,4.178995346,2.660596636,0,112.346716
9,19,17,27.6104416,90.33246118,-12.05151253,88.67452227,0,0,0,0.020036965,6.420035412,5.898150437,0,206.9041353
9,19,18,21.29793015,66.41165607,-12.05151253,72.01848226,0,0,0,0.01967934,5.214138116,4.214154704,0,157.1245281
9,19,19,17.94382811,53.71759064,-12.05151253,63.86996213,0,0,0,0.019428296,4.624185258,3.320271776,0,131.4437537
9,19,20,22.81093157,72.45370475,-12.05151253,74.92294088,0,0,0,0.019448174,5.42442092,4.634970995,0,168.2149048
9,19,21,22.07263292,68.32548072,-12.05151253,72.62199545,0,0,0,0.019708675,5.257832471,4.363905681,0,160.6100434
9,19,22,21.80536783,68.71239579,-12.05151253,71.08119091,0,0,0,0.018067069,5.146278222,4.370570185,0,159.0823575
9,19,23,23.25630938,68.68208268,-12.05151253,77.85252541,0,0,0,0.022074187,5.63652284,4.44969919,0,167.8477012
9,20,0,26.58374175,85.51230575,-12.05151253,87.57646454,28.88990708,0,0,0.020567335,6.340536033,5.572480598,0,228.4444906
9,20,1,26.92616913,87.18589909,-12.05151253,87.07264209,0.090756582,0,0,0.018582317,6.304059287,5.684772952,0,201.2313689
9,20,2,25.51871263,82.80391206,-12.05151253,81.46519408,0,0,0,0.017493374,5.898080051,5.362300947,0,189.0141806
9,20,3,24.71921749,81.56941865,-12.05151253,78.37948901,0,0,0,0.016790964,5.674675005,5.249007785,0,183.5570864
9,20,4,21.34386259,67.63209888,-12.05151253,71.592701,0,0,0,0.01738667,5.183311553,4.284691806,0,158.00254
9,20,5,17.41702098,52.86385002,-12.05151253,59.4400208,0.125504473,0,0,0.017368942,4.303457506,3.243375266,0,125.3590854
9,20,6,14.59550401,44.23200347,-12.05151253,50.33006159,0.094128355,0,0,0.014935085,3.643896459,2.605422919,0,103.4644394
9,20,7,4.269099638,3.164076782,-12.05151253,18.92847704,0.183199051,0,0,0.011886243,1.370421738,-0.257241322,0,15.61840664
9,20,8,3.584106649,2.9123926,-12.05151253,16.13870115,0.094128355,0,0,0.011475725,1.168441963,-0.30941424,0,11.54831967
9,20,9,3.475775729,2.64912165,-12.05151253,15.63770062,0,0,0,0.011067945,1.132169525,-0.330112464,0,10.52421047
9,20,10,3.95060624,4.04560597,-12.05151253,17.29222783,0.282385065,0,0,0.010866329,1.251957295,-0.225880228,0,14.55625597
9,20,11,3.810602771,2.54962306,-12.05151253,16.97439403,0.282385065,0,0,0.010777308,1.228946128,-0.317004669,0,12.48821116
9,20,12,3.638963659,3.060446399,-12.05151253,16.01486362,0.653840826,0,0,0.010898643,1.159476126,-0.298112108,0,12.18886463
9,20,13,2.541828669,0.003539634,-12.05151253,11.69202956,3.155500863,0,0,0.010556601,0.84650294,-0.529492234,0,5.668953499
9,20,14,2.889474684,0.053416205,-12.05151253,13.09589788,5.209629224,0,0,0.010904555,0.948143007,-0.507350226,0,9.648602798
9,20,15,3.478225155,0.643001383,-12.05151253,15.50841702,51.27774897,0,0,0.011280083,1.122809392,-0.44171693,0,59.54825254
9,20,16,9.165053005,22.64087812,-12.05151253,36.12833697,162.0085156,0,0,0.01612278,2.615691596,1.100321115,0,221.6234067
9,20,17,30.40107476,96.14644201,-12.05151253,100.7292723,562.0926334,0,0,0.026037775,7.292799314,6.377427436,0,791.0141744
9,20,18,19.61791795,60.04199048,-12.05151253,70.27068233,674.9368175,0,0,0.021616019,5.0875974,3.765787651,0,821.6908968
9,20,19,19.87178324,60.60065352,-12.05151253,71.47254084,375.4398237,0,0,0.021599353,5.174611956,3.811045479,0,524.3405456
9,20,20,19.33174844,57.23204187,-12.05151253,68.27515568,241.07827,0,0,0.02154645,4.943121271,3.593333872,0,382.423705
9,20,21,22.95140198,70.92604807,-12.05151253,76.58704682,231.3109831,0,0,0.02153498,5.54490219,4.557704719,0,399.8481093
9,20,22,23.99312559,74.49982575,-12.05151253,78.4590937,129.7700993,0,0,0.021478312,5.680438384,4.814788141,0,305.1873366
9,20,23,23.24372666,72.86590079,-12.05151253,75.72007684,108.1568938,0,0,0.019632937,5.482133564,4.682037001,0,278.1188891
9,21,0,23.12658027,71.84993625,-12.05151253,76.27099554,0,0,0,0.020657002,5.522020077,4.618922722,0,169.3575993
9,21,1,23.1335769,72.26553022,-12.05151253,76.04061116,0,0,0,0.019630699,5.505340248,4.642461018,0,169.5556377
9,21,2,23.2304307,72.9073729,-12.05151253,76.0660893,0,0,0,0.01950256,5.507184865,4.683606412,0,170.3626742
9,21,3,22.63114252,70.63451603,-12.05151253,74.66452307,0,0,0,0.01941377,5.40571147,4.523627933,0,165.8274223
9,21,4,21.23423986,65.96456109,-12.05151253,71.11229304,0,0,0,0.019195069,5.148530016,4.185703965,0,155.6130105
9,21,5,22.77240382,71.61426326,-12.05151253,75.28166492,0,0,0,0.019490909,5.45039254,4.586068108,0,167.672771
9,21,6,24.38839672,79.16596799,-12.05151253,90.17316973,0,0,0,0.016901958,6.528537488,5.096708866,0,193.3181702
9,21,7,13.31796382,38.93730648,-12.05151253,45.30316938,0,0,0,0.013819626,3.279949463,2.239349308,0,91.04004555
9,21,8,7.900390493,18.36581829,-12.05151253,29.5559107,0,0,0,0.012369375,2.139847935,0.791758581,0,46.71458284
9,21,9,7.812946663,18.96681936,-12.05151253,29.238675,0,0,0,0.012087195,2.11688007,0.820363719,0,46.91625947
9,21,10,6.136529068,11.47611461,-12.05151253,24.65712783,0,0,0,0.011993042,1.785176055,0.309755004,0,32.32518307
9,21,11,5.434477053,10.09850564,-12.05151253,21.94090917,0,0,0,0.011647865,1.588521824,0.193917888,0,27.21646691
9,21,12,3.731161029,3.469000156,-12.05151253,16.68219771,0,0,0,0.011514593,1.207791114,-0.27022027,0,12.7799318
9,21,13,3.625189954,2.11650492,-12.05151253,15.97775003,0,0,0,0.011482365,1.156789102,-0.351456844,0,10.48474699
9,21,14,2.836197897,0.042153754,-12.05151253,12.89674555,0,0,0,0.011336748,0.933724378,-0.510945061,0,4.157700734
9,21,15,3.169207669,0.243758148,-12.05151253,14.3505649,0,0,0,0.01187591,1.038980899,-0.481167052,0,6.281707938
9,21,16,7.94076686,12.86490282,-12.05151253,33.11964346,0,0,0,0.016495452,2.397862187,0.487606553,0,44.7757648
9,21,17,23.91918299,77.83905164,-12.05151253,78.96848386,0,0,0,0.019245128,5.717318232,4.996664421,0,179.4084337
9,21,18,21.71863055,67.92181939,-12.05151253,72.34160189,0,0,0,0.019503154,5.237531977,4.321703814,0,159.5092782
9,21,19,25.1696603,80.16239413,-12.05151253,81.32715797,0,0,0,0.019807713,5.888086237,5.195726184,0,185.71132
9,21,20,22.72421625,70.81642643,-12.05151253,75.07826968,0,0,0,0.019872393,5.435666725,4.53894455,0,166.5618835
9,21,21,22.39630606,70.63005596,-12.05151253,74.99854623,0,0,0,0.019344794,5.429894747,4.510299116,0,165.9329344
9,21,22,19.73167084,62.94142396,-12.05151253,67.03667412,0,0,0,0.018086213,4.853455206,3.933622132,0,146.4634199
9,21,23,17.2164796,52.02465544,-12.05151253,58.56885791,0,0,0,0.017127307,4.240385313,3.185461974,0,123.201455
9,22,0,18.10525697,55.31345744,-12.05151253,61.02030065,0,0,0,0.017174923,4.417869767,3.418153145,0,130.2407004
9,22,1,19.52944875,61.73895495,-12.05151253,64.13845843,0,0,0,0.016749969,4.64362439,3.855380838,0,141.8711048
9,22,2,19.48533822,61.43198267,-12.05151253,64.11129061,0,0,0,0.016732278,4.64165744,3.835825525,0,141.4713142
9,22,3,19.9857256,63.57677581,-12.05151253,65.8237144,0,0,0,0.016902376,4.765636923,3.98316208,0,146.1004047
9,22,4,20.00925196,63.29026877,-12.05151253,66.06713244,0,0,0,0.017314988,4.783260389,3.968514057,0,146.0842301
9,22,5,20.72619137,65.6826173,-12.05151253,67.82948058,0,0,0,0.017342407,4.910854394,4.141701395,0,151.2566749
9,22,6,6.970666028,11.2934909,-12.05151253,27.13325674,0,0,0,0.013711619,1.964447788,0.346044293,0,35.67010484
9,22,7,3.274872162,5.770288303,-12.05151253,11.93812439,0,0,0,0.003711464,0.864320206,-0.16745381,0,9.632350184
9,22,8,1.589817236,2.198141348,-12.05151253,7.056774844,0,0,0,0.003287058,0.510910499,-0.460279955,0,-1.152861504
9,22,9,1.425037526,1.490023501,-12.05151253,6.833005806,0,0,0,0.003245388,0.49470962,-0.508900349,0,-2.314391041
9,22,10,0.884873541,1.250172158,-12.05151253,4.158098138,0,0,0,0.00203414,0.301046305,-0.552347203,0,-6.007635455
9,22,11,0.818470387,0.537281972,-12.05151253,3.889986801,0,0,0,0.001991814,0.281635044,-0.595753842,0,-7.117900357
9,22,12,0.492387402,0.003974127,-12.05151253,2.539431921,0,0,0,0.001730043,0.183854871,-0.643621911,0,-9.473756082
9,22,13,0.970183367,5.34663E-09,-12.05151253,4.661590589,0,0,0,0.005158771,0.337499159,-0.617230034,0,-6.694310678
9,22,14,0.701612656,7.57528E-09,-12.05151253,3.440189141,0,0,0,0.003676557,0.249069694,-0.632189423,0,-8.289153902
9,22,15,1.321572955,6.75215E-09,-12.05151253,6.237571064,0,0,0,0.006418197,0.451600145,-0.597657634,0,-4.632007802
9,22,16,4.69193943,2.885473547,-12.05151253,20.63001081,0,0,0,0.013631134,1.493612783,-0.249207345,0,17.41394782
9,22,17,28.03953698,90.78041261,-12.05151253,91.59748838,0,0,0,0.019663879,6.631658159,5.947001944,0,210.9642494
9,22,18,24.80642836,78.25122251,-12.05151253,80.32066725,0,0,0,0.01898471,5.815216309,5.069041905,0,182.2300485
9,22,19,20.37095131,62.14923717,-12.05151253,68.56603316,0,0,0,0.01876212,4.964180801,3.92510525,0,147.9427573
9,22,20,21.06864976,65.16031407,-12.05151253,70.52262845,0,0,0,0.018665487,5.1058383,4.131684037,0,153.9562676
9,22,21,22.23462795,68.38798751,-12.05151253,74.45697493,0,0,0,0.020400571,5.390684985,4.376410433,0,162.8155738
9,22,22,22.01107834,67.19946581,-12.05151253,73.77192005,0,0,0,0.020565707,5.341087011,4.297758061,0,160.5903624
9,22,23,21.59024408,67.60095219,-12.05151253,71.43727013,0,0,0,0.01849846,5.172058357,4.296680384,0,158.0641911
9,23,0,20.10044486,63.77684696,-12.05151253,66.20931858,0,0,0,0.016934662,4.793554665,4.000695906,0,146.8462831
9,23,1,19.10459562,60.60179379,-12.05151253,63.50326143,0,0,0,0.016172728,4.597636127,3.768376642,0,139.5403238
9,23,2,20.17199102,64.78855793,-12.05151253,65.54613021,0,0,0,0.01580556,4.745539827,4.061033328,0,147.2775453
9,23,3,17.82964139,55.81714563,-12.05151253,59.75147389,0,0,0,0.015624567,4.32600671,3.430856789,0,129.1192364
9,23,4,17.96266658,56.16549815,-12.05151253,59.86791647,0,0,0,0.015686496,4.334437153,3.457669527,0,129.7523618
9,23,5,18.27420622,57.31060558,-12.05151253,60.79051366,0,0,0,0.01590338,4.401233189,3.538804769,0,132.2797543
9,23,6,6.504291465,11.86459089,-12.05151253,25.90412832,0,0,0,0.012989254,1.875458891,0.351877499,0,34.46182379
9,23,7,0.162570134,0.885684059,-12.05151253,0.829229309,0,0,0,5.43886E-05,0.060036202,-0.61288149,0,-10.72681993
9,23,8,0.419414863,0.003539629,-12.05151253,2.146937683,0,0,0,0.000808751,0.155438288,-0.647710683,0,-9.973084003
9,23,9,0.234820185,3.7884E-09,-12.05151253,1.147847202,0,0,0,0.001090862,0.083104137,-0.658189764,0,-11.24283991
9,23,10,0.146607841,-1.71332E-09,-12.05151253,0.779877435,0,0,0,0.001624683,0.056463126,-0.663103192,0,-11.73004264
9,23,11,0,0,-12.05151253,0,0,0,0,0,0,-0.671269248,0,-12.72278178
9,23,12,0,0,-12.05151253,0,0,0,0,0,0,-0.671269248,0,-12.72278178
9,23,13,0,0,-12.05151253,0,0,0,0,0,0,-0.671269248,0,-12.72278178
9,23,14,0.009221216,-1.07763E-10,-12.05151253,0.128034919,0,0,0,0.000266729,0.009269728,-0.670755626,0,-12.57547557
9,23,15,0.805478119,9.70693E-09,-12.05151253,3.772592111,0,0,0,0.002741016,0.273135669,-0.626404116,0,-7.823969726
9,23,16,6.030464991,8.402085017,-12.05151253,25.4894137,0,0,0,0.014053233,1.845433552,0.132623787,0,29.86256175
9,23,17,28.22379215,94.38345855,-12.05151253,93.43214609,0,0,0,0.018588635,6.764487377,6.157954616,0,216.9289149
9,23,18,25.83693341,83.10125943,-12.05151253,83.73242749,0,0,0,0.01865676,6.06222775,5.396588093,0,192.0965804
9,23,19,23.99585149,76.04068504,-12.05151253,77.80985919,0,0,0,0.019365731,5.633433805,4.900765837,0,176.3484486
9,23,20,23.14670073,72.87577908,-12.05151253,76.14840503,0,0,0,0.019668344,5.513144524,4.677182877,0,170.3293681
9,23,21,23.24355734,73.81136907,-12.05151253,76.16262945,0,0,0,0.019932093,5.514174373,4.734690153,0,171.4348399
9,23,22,22.95946106,71.41468291,-12.05151253,75.44667906,0,0,0,0.01981754,5.462339564,4.585370571,0,167.8368382
9,23,23,22.64586152,71.95173638,-12.05151253,73.64577069,0,0,0,0.018065917,5.331953798,4.597816954,0,166.1396927
9,24,0,21.80614876,68.36280182,-12.05151253,71.74612834,0,0,0,0.018170192,5.194419692,4.351141299,0,159.4272976
9,24,1,22.05771208,68.9904855,-12.05151253,71.96630469,0,0,0,0.017978667,5.21036046,4.400115357,0,160.5914442
9,24,2,21.39047391,67.36693767,-12.05151253,69.44836937,0,0,0,0.017140707,5.028061943,4.272518577,0,155.4719896
9,24,3,21.66283962,68.28039281,-12.05151253,70.05442232,0,0,0,0.017328239,5.071940176,4.338568798,0,157.3739794
9,24,4,21.28213956,67.43137865,-12.05151253,68.78895318,0,0,0,0.017103043,4.98032021,4.270073716,0,154.7184558
9,24,5,22.07878853,70.91099161,-12.05151253,71.17347826,0,0,0,0.017418902,5.152959826,4.508261506,0,161.7903861
9,24,6,17.44927277,54.9304051,-12.05151253,57.16838596,0,0,0,0.014892034,4.138991144,3.360278809,0,125.0107133
9,24,7,6.691031147,11.73826611,-12.05151253,26.03500446,0,0,0,0.012962969,1.884934323,0.355242609,0,34.66592908
9,24,8,5.399308651,6.970705825,-12.05151253,22.02675227,0,0,0,0.012428607,1.594736864,0.017740558,0,23.97016024
9,24,9,4.47102671,5.191102851,-12.05151253,19.11931366,0,0,0,0.012042852,1.384238309,-0.133088632,0,17.99312322
9,24,10,3.795084606,2.081024217,-12.05151253,17.0498796,0,0,0,0.01201854,1.234411283,-0.343969987,0,11.77693573
9,24,11,3.319857976,0.581318605,-12.05151253,14.99154977,0,0,0,0.011824951,1.085388203,-0.453973713,0,7.484453255
9,24,12,3.087753213,0.053416207,-12.05151253,13.98539486,0,0,0,0.011467501,1.012542588,-0.496306111,0,5.60275572
9,24,13,2.10430848,0.018314191,-12.05151253,9.860116533,0,0,0,0.010799086,0.713872437,-0.553039165,0,0.102859027
9,24,14,2.116725855,0.043676038,-12.05151253,9.870194449,0,0,0,0.010888452,0.714602078,-0.550934863,0,0.153639475
9,24,15,3.936234011,1.9027408,-12.05151253,17.50279276,0,0,0,0.013035576,1.267202196,-0.346038351,0,12.22445445
9,24,16,16.82039402,48.0792304,-12.05151253,61.69739724,0,0,0,0.020686322,4.46689156,2.943639832,0,121.9767268
9,24,17,18.76583234,55.36960119,-12.05151253,67.69158352,0,0,0,0.021696415,4.900870647,3.4580744,0,138.156146
9,24,18,17.97690527,53.20819065,-12.05151253,64.82708275,0,0,0,0.020688317,4.693480791,3.293740595,0,131.9685758
9,24,19,23.33823429,72.66190527,-12.05151253,77.56131453,0,0,0,0.021039754,5.615439172,4.675938525,0,171.822359
9,24,20,22.77690513,70.26986886,-12.05151253,74.60047351,0,0,0,0.020473856,5.401074282,4.511436063,0,165.5287192
9,24,21,28.02738302,92.42665301,-12.05151253,93.20845622,0,0,0,0.021726492,6.74829223,6.038020559,0,214.419019
9,24,22,27.29788312,90.35067087,-12.05151253,90.21858252,0,0,0,0.020981956,6.531825374,5.881755209,0,208.2501865
9,24,23,22.52896555,69.61758554,-12.05151253,73.78545425,0,0,0,0.020244775,5.342066888,4.461293647,0,163.7040981
9,25,0,22.79608539,70.35442401,-12.05151253,74.37320896,0,0,0,0.020114724,5.384620329,4.517214125,0,165.394155
9,25,1,22.19319116,69.18618801,-12.05151253,72.24191182,0,0,0,0.018197958,5.230314415,4.418562171,0,161.236853
9,25,2,22.46547251,70.89610228,-12.05151253,72.41046943,0,0,0,0.017827578,5.242517987,4.528970468,0,163.5098477
9,25,3,22.23530319,70.78646765,-12.05151253,71.86143321,0,0,0,0.017648221,5.202767765,4.510043388,0,162.5621509
9,25,4,22.94194736,72.57773542,-12.05151253,74.09702489,0,0,0,0.018963795,5.364624602,4.649177083,0,167.5979606
9,25,5,24.18092664,76.14771423,-12.05151253,77.9839348,0,0,0,0.020489859,5.646036879,4.917036048,0,176.8446259
9,25,6,20.71265371,66.69763444,-12.05151253,66.39390527,0,0,0,0.01570905,4.806918742,4.197483802,0,150.7727925
9,25,7,16.15055172,50.20377907,-12.05151253,52.70048778,0,0,0,0.014069477,3.815515315,3.024666977,0,113.8575578
9,25,8,13.48707522,40.06668078,-12.05151253,45.62943226,0,0,0,0.013794334,3.303570896,2.311674961,0,92.76071592
9,25,9,7.915689844,17.37142793,-12.05151253,30.41959132,0,0,0,0.013193515,2.202378412,0.737223212,0,46.60799171
9,25,10,8.565621585,21.563271,-12.05151253,32.80748098,0,0,0,0.013359825,2.375261623,1.006910069,0,54.28039254
9,25,11,8.312455685,20.42893765,-12.05151253,31.93318775,0,0,0,0.013086084,2.311962793,0.92962636,0,51.87774379
9,25,12,7.817413376,17.70463665,-12.05151253,30.24212935,0,0,0,0.012983458,2.189530165,0.750308938,0,46.66548941
9,25,13,6.319915332,12.7717391,-12.05151253,25.79675533,0,0,0,0.012919884,1.867685086,0.392135904,0,35.10963809
9,25,14,6.450424725,12.50219773,-12.05151253,26.51156292,0,0,0,0.01350037,1.919437156,0.384391823,0,35.73000219
9,25,15,8.092867167,18.1915816,-12.05151253,32.13731475,0,0,0,0.014506538,2.326741588,0.792774548,0,49.50427365
9,25,16,22.05812918,65.14812432,-12.05151253,75.36620306,0,0,0,0.02239878,5.456513102,4.186119072,0,160.185975
9,25,17,17.17900302,50.01457011,-12.05151253,63.35513296,0,0,0,0.023019987,4.586911626,3.071412775,0,126.1785379
9,25,18,23.11284186,72.24509745,-12.05151253,77.66149809,0,0,0,0.02241775,5.622692462,4.640167971,0,171.253203
9,25,19,24.38929947,77.8592548,-12.05151253,79.61127787,0,0,0,0.02078456,5.763856518,5.023975225,0,180.6169359
9,25,20,24.43966656,79.25384845,-12.05151253,78.9495395,0,0,0,0.018937131,5.71594666,5.104459537,0,181.4308853
9,25,21,24.9467017,77.48066638,-12.05151253,86.66751273,0,0,0,0.020435883,6.274727921,5.033935154,0,188.3724672
9,25,22,27.05326138,85.06641039,-12.05151253,89.11887484,0,0,0,0.023165078,6.452206538,5.57379647,0,201.2362022
9,25,23,27.30155842,88.20503856,-12.05151253,90.78853025,0,0,0,0.022369343,6.57308959,5.762448204,0,206.6015218
9,26,0,25.26860427,80.28975699,-12.05151253,83.35180205,0,0,0,0.021699551,6.034670468,5.208331474,0,188.1233523
9,26,1,26.64101231,85.39565704,-12.05151253,86.39875333,0,0,0,0.021145202,6.255269741,5.569173234,0,198.2294983
9,26,2,24.20566263,78.29770037,-12.05151253,78.06243501,0,0,0,0.017826879,5.651720295,5.038168071,0,179.2220007
9,26,3,22.13111244,70.12908396,-12.05151253,73.4320435,0,0,0,0.018086592,5.31647995,4.467623691,0,163.4429176
9,26,4,26.26927193,84.4388734,-12.05151253,84.67682105,0,0,0,0.019556124,6.130601844,5.495174447,0,194.9787863
9,26,5,23.83368739,76.00554548,-12.05151253,77.0901699,0,0,0,0.018895338,5.5813283,4.889776023,0,175.3678899
9,26,6,20.84122075,67.66800676,-12.05151253,67.82339013,0,0,0,0.016139514,4.910413445,4.258694724,0,153.4663528
9,26,7,16.092165,50.63638296,-12.05151253,53.13261033,0,0,0,0.014011897,3.846800988,3.045510873,0,114.7159695
9,26,8,11.49891777,33.05948421,-12.05151253,41.02534531,0,0,0,0.013435859,2.970235001,1.810633743,0,78.32653937
9,26,9,9.54510508,25.85488478,-12.05151253,35.98111184,0,0,0,0.013003939,2.605032497,1.300510187,0,63.2481358
9,26,10,9.221421194,24.83582258,-12.05151253,34.87872488,0,0,0,0.012784945,2.525219682,1.22571923,0,60.64817998
9,26,11,8.461166649,20.74019442,-12.05151253,32.47449746,0,0,0,0.012981396,2.351153616,0.955246563,0,52.94372756
9,26,12,7.959804419,18.02823057,-12.05151253,30.80009321,0,0,0,0.01303947,2.229926748,0.776264301,0,47.75584618
9,26,13,7.801052329,17.00705297,-12.05151253,30.3693452,0,0,0,0.013493855,2.198740592,0.710542217,0,46.04871462
9,26,14,5.643720831,8.059911256,-12.05151253,23.93178761,0,0,0,0.013567227,1.732661423,0.092023059,0,27.42215887
9,26,15,6.951144364,13.39245366,-12.05151253,28.55564338,0,0,0,0.014078832,2.06742858,0.461869162,0,39.39110544
9,26,16,16.42690283,49.80310697,-12.05151253,59.44138511,0,0,0,0.018753266,4.303556282,3.017742298,0,120.9599342
9,26,17,23.3475228,69.48196352,-12.05151253,100.2380388,0,0,0,0.027848666,7.257234008,4.49933314,0,192.8004284
9,26,18,16.10333491,42.82671464,-12.05151253,62.57844052,0,0,0,0.027082099,4.530679094,2.611134512,0,116.6258732
9,26,19,22.87422741,72.22296003,-12.05151253,76.26698101,0,0,0,0.020245879,5.521729425,4.625644092,0,169.4802753
9,26,20,23.0318094,71.95487294,-12.05151253,76.06439318,0,0,0,0.020100533,5.507062066,4.619488958,0,169.1462145
9,26,21,22.49704596,69.73686513,-12.05151253,73.92807696,0,0,0,0.019333987,5.352392772,4.466159599,0,163.9483619
9,26,22,27.02428696,85.64457978,-12.05151253,88.88308699,0,0,0,0.023048273,6.435135498,5.604386629,0,201.5630116
9,26,23,28.12756138,92.59722545,-12.05151253,93.5310911,0,0,0,0.021885918,6.771650995,6.053101378,0,215.0510037
9,27,0,24.46604194,79.65763986,-12.05151253,81.96019197,0,0,0,0.020568585,5.933917899,5.128419828,0,185.1152675
9,27,1,25.4246219,82.06431526,-12.05151253,81.97875213,0,0,0,0.020070774,5.935261654,5.315864552,0,188.6873737
9,27,2,22.78440099,73.40530651,-12.05151253,74.15901186,0,0,0,0.017696061,5.369112458,4.68649746,0,168.3705128
9,27,3,22.38431081,72.48857214,-12.05151253,72.87016512,0,0,0,0.016907385,5.275799955,4.613150332,0,165.5973932
9,27,4,22.38483634,71.33926655,-12.05151253,73.77138661,0,0,0,0.01705716,5.34104839,4.549163282,0,165.3512458
9,27,5,21.40354211,69.64729859,-12.05151253,69.89502717,0,0,0,0.017473446,5.060399967,4.400262578,0,158.3724913
9,27,6,20.76446285,68.95509259,-12.05151253,66.89572464,0,0,0,0.015069663,4.843250464,4.32610999,0,153.7481977
9,27,7,13.88670113,42.57938722,-12.05151253,47.77774657,0,0,0,0.014017534,3.459108852,2.473891873,0,98.13934065
9,27,8,8.702398909,21.1281517,-12.05151253,32.04548145,0,0,0,0.012441107,2.320092857,0.990292421,0,53.14734591
9,27,9,6.331290109,12.06161267,-12.05151253,25.00955287,0,0,0,0.012032642,1.810691627,0.353215437,0,33.52688282
9,27,10,6.327787303,12.50662356,-12.05151253,25.52533727,0,0,0,0.011913959,1.848034418,0.377807437,0,34.54599141
9,27,11,5.4593238,8.367553667,-12.05151253,22.45100677,0,0,0,0.011628518,1.62545289,0.098887827,0,25.96234093
9,27,12,6.193455758,10.21241279,-12.05151253,24.5846148,0,0,0,0.01195367,1.779926112,0.24253763,0,30.97338823
9,27,13,4.476988962,3.773858287,-12.05151253,18.87295713,0,0,0,0.011640099,1.366402096,-0.211697056,0,16.23863698
9,27,14,4.250478519,2.341769906,-12.05151253,18.62594795,0,0,0,0.011983132,1.348518632,-0.304081011,0,14.22310459
9,27,15,5.871242761,9.29345207,-12.05151253,24.75082866,0,0,0,0.013742692,1.791959995,0.173404254,0,29.8431179
9,27,16,18.78230604,58.9408429,-12.05151253,65.71587343,0,0,0,0.018892781,4.757829236,3.657910148,0,139.822142
9,27,17,22.57958198,66.2092424,-12.05151253,85.98525216,0,0,0,0.027881809,6.225332257,4.27426827,0,173.2500463
9,27,18,20.37931736,60.03712509,-12.05151253,76.45286869,0,0,0,0.027128683,5.535187693,3.807926596,0,154.1880416
9,27,19,23.08872313,73.26408506,-12.05151253,79.78943593,0,0,0,0.020264678,5.776755161,4.695582168,0,174.5833336
9,27,20,22.02985626,68.34014994,-12.05151253,73.70854946,0,0,0,0.020273616,5.336498981,4.362340097,0,161.7461558
9,27,21,25.80613858,78.51877502,-12.05151253,88.90321828,0,0,0,0.024866921,6.436593004,5.139628439,0,192.7777077
9,27,22,27.11237682,86.58405951,-12.05151253,88.77472177,0,0,0,0.02189864,6.427289856,5.661622256,0,202.5304563
9,27,23,27.45449234,91.40333343,-12.05151253,90.42969271,0,0,0,0.019819951,6.547109752,5.949111647,0,209.7520473
9,28,0,21.85894776,70.17879969,-12.05151253,74.17791466,0,0,0,0.01875731,5.370481021,4.455233285,0,164.0086212
9,28,1,23.8811801,78.31218437,-12.05151253,77.4620747,0,0,0,0.017584843,5.608254208,5.020901153,0,178.2506668
9,28,2,22.79298854,74.64050455,-12.05151253,74.50221978,0,0,0,0.016903061,5.393960712,4.755776317,0,170.0508404
9,28,3,22.85858287,74.32226058,-12.05151253,74.68041562,0,0,0,0.01732043,5.406862091,4.741703732,0,169.9756328
9,28,4,23.27353807,75.87038697,-12.05151253,76.70975576,0,0,0,0.018074352,5.553786317,4.851047376,0,174.2250763
9,28,5,20.25722099,64.62728076,-12.05151253,68.84653153,0,0,0,0.017757486,4.984488883,4.056797499,0,150.7385646
9,28,6,21.27118204,69.36985752,-12.05151253,68.05646345,0,0,0,0.015318366,4.927287954,4.377436655,0,155.9660335
9,28,7,14.52939465,44.18953256,-12.05151253,50.1952247,0,0,0,0.014449906,3.634134268,2.599374997,0,103.1105985
9,28,8,6.860816458,13.64634232,-12.05151253,27.78870884,0,0,0,0.01322394,2.01190252,0.470979496,0,38.74046104
9,28,9,5.958389972,11.34811041,-12.05151253,24.33975632,0,0,0,0.012268793,1.762198358,0.292702823,0,31.66191414
9,28,10,6.162672693,12.19361608,-12.05151253,24.89950944,0,0,0,0.011981086,1.802724483,0.351176036,0,33.37016728
9,28,11,4.977973847,5.918294612,-12.05151253,21.01878765,0,0,0,0.011817799,1.521760226,-0.064347095,0,21.33277451
9,28,12,4.652662195,4.461772578,-12.05151253,20.17271459,0,0,0,0.011957588,1.460504537,-0.163595231,0,18.54450373
9,28,13,5.182657047,6.844681603,-12.05151253,21.72445001,0,0,0,0.012143981,1.572850181,-0.001346485,0,23.2839238
9,28,14,5.28516721,7.117701459,-12.05151253,22.58778557,0,0,0,0.013285568,1.635355675,0.019570537,0,24.60735349
9,28,15,9.747932888,26.09469468,-12.05151253,37.39770517,0,0,0,0.014906571,2.707593854,1.325165107,0,65.23648573
9,28,16,22.07600783,70.68588984,-12.05151253,74.01905985,0,0,0,0.018987168,5.358979933,4.495568452,0,164.6029805
9,28,17,20.20591317,57.09175921,-12.05151253,84.29116929,0,0,0,0.028048606,6.102680657,3.634211103,0,159.3022695
9,28,18,16.90649971,44.29195773,-12.05151253,74.10277793,0,0,0,0.027796038,5.365041122,2.737484831,0,131.3800448
9,28,19,19.65230012,56.85695874,-12.05151253,78.89683036,0,0,0,0.022240823,5.712130518,3.590296471,0,152.6792445
9,28,20,19.45280259,60.42922703,-12.05151253,67.62429178,0,0,0,0.01930962,4.895998725,3.778159801,0,144.148277
9,28,21,20.53008812,63.91690256,-12.05151253,69.29554269,0,0,0,0.019311798,5.016997291,4.032428133,0,150.7597581
9,28,22,25.11279568,82.62236633,-12.05151253,82.68096658,0,0,0,0.020252889,5.986101981,5.329579276,0,189.7005502
9,28,23,22.93516713,73.69303743,-12.05151253,77.37009792,0,0,0,0.019919654,5.60159509,4.710921746,0,172.2792264
9,29,0,23.68996398,76.66856165,-12.05151253,77.32139209,0,0,0,0.018948603,5.598068787,4.918700629,0,176.1641232
9,29,1,22.37627,71.20693455,-12.05151253,74.08391749,0,0,0,0.018979087,5.363675626,4.541315246,0,165.5395795
9,29,2,23.24629633,74.89000979,-12.05151253,75.20109095,0,0,0,0.018254133,5.444558985,4.794923003,0,171.5436207
9,29,3,23.13625083,74.957782,-12.05151253,74.66784588,0,0,0,0.017839819,5.405952042,4.792568381,0,170.9267264
9,29,4,22.78344446,74.89909042,-12.05151253,72.94931471,0,0,0,0.015423204,5.281530385,4.769647945,0,168.6469386
9,29,5,20.19881183,65.74898032,-12.05151253,63.61013274,0,0,0,0.014864219,4.60537361,4.116022775,0,146.242673
9,29,6,12.76377977,37.3602583,-12.05151253,43.91497234,0,0,0,0.013920489,3.179443998,2.120639673,0,87.30150204
9,29,7,4.134411714,3.393432401,-12.05151253,18.00483786,0,0,0,0.011589599,1.303550261,-0.251968331,0,14.54434097
9,29,8,1.586872409,1.142731289,-12.05151253,7.60640776,0,0,0,0.009733899,0.550703922,-0.519230322,0,-1.674293578
9,29,9,1.398249754,0.16542673,-12.05151253,6.884759689,0,0,0,0.009653806,0.498456601,-0.584172468,0,-3.679138421
9,29,10,1.440473887,0.02544889,-12.05151253,6.959662856,0,0,0,0.009411469,0.503879591,-0.58961735,0,-3.702253192
9,29,11,1.122096209,-1.44138E-09,-12.05151253,5.543126755,0,0,0,0.008888979,0.401322377,-0.608768489,0,-5.584846704
9,29,12,1.132487105,-1.54829E-09,-12.05151253,5.592324124,0,0,0,0.008988782,0.404884267,-0.608189716,0,-5.521017974
9,29,13,1.676012838,8.76919E-10,-12.05151253,7.846953378,0,0,0,0.009265505,0.568119425,-0.577915333,0,-2.529076721
9,29,14,3.830273836,2.118663437,-12.05151253,17.00846013,0,0,0,0.012157616,1.231412514,-0.339913442,0,11.80954156
9,29,15,6.562562,11.50379817,-12.05151253,27.75328217,0,0,0,0.015157969,2.009337629,0.335027013,0,36.12765241
9,29,16,24.6205381,78.75358774,-12.05151253,81.63125967,0,0,0,0.021847698,5.9101032,5.086669561,0,183.9724934
9,29,17,29.23866471,91.50372355,-12.05151253,100.5891679,0,0,0,0.027135984,7.282655757,6.054081778,0,222.6439172
9,29,18,24.98672447,79.92412597,-12.05151253,82.21682748,0,0,0,0.020979946,5.952498309,5.172265121,0,186.2219088
9,29,19,22.07901151,68.52946198,-12.05151253,74.97898269,0,0,0,0.020945215,5.428478346,4.375622725,0,163.3609899
9,29,20,21.74674103,67.16408762,-12.05151253,74.02218036,0,0,0,0.021081593,5.359205858,4.281063908,0,160.5428478
9,29,21,21.1189171,65.4188758,-12.05151253,71.84674296,0,0,0,0.019594999,5.20170419,4.148885816,0,155.7032083
9,29,22,20.77694748,64.00752046,-12.05151253,71.03204158,0,0,0,0.019745389,5.14271981,4.051225616,0,152.9786878
9,29,23,21.43529956,66.74527141,-12.05151253,71.4398346,0,0,0,0.018915752,5.172244025,4.240388555,0,157.0004414
9,30,0,20.92660766,64.92240082,-12.05151253,70.05591998,0,0,0,0.019542546,5.072048607,4.110520524,0,153.0555276
9,30,1,20.43807915,63.13778954,-12.05151253,68.69804573,0,0,0,0.018844146,4.973738511,3.983906638,0,149.1988912
9,30,2,20.29223613,63.56867447,-12.05151253,67.76455198,0,0,0,0.01756857,4.906153564,3.999783472,0,148.4974557
9,30,3,24.44054606,79.35188781,-12.05151253,78.0560924,0,0,0,0.017031057,5.65126109,5.109969318,0,180.5752752
9,30,4,24.15586395,78.07542977,-12.05151253,76.49530391,0,0,0,0.01696441,5.538260003,5.023013812,0,177.2533233
9,30,5,23.31731885,74.49669952,-12.05151253,74.45617703,0,0,0,0.017336045,5.390627217,4.776971575,0,170.4036177
9,30,6,14.20893709,42.43931143,-12.05151253,48.75744922,0,0,0,0.014531737,3.530039323,2.484038195,0,99.38279446
9,30,7,4.243657789,3.295961394,-12.05151253,18.64436201,0,0,0,0.011873773,1.349851809,-0.25131246,0,15.24288178
9,30,8,2.546959163,0.855307713,-12.05151253,11.9457688,0,0,0,0.01098842,0.864873661,-0.481762983,0,3.690622242
9,30,9,2.22413142,0.226083158,-12.05151253,10.44481996,0,0,0,0.010708062,0.756204965,-0.534792296,0,1.075642739
9,30,10,2.86903393,0.025081787,-12.05151253,13.06542728,0,0,0,0.010957119,0.945936935,-0.510067003,0,4.354857509
9,30,11,2.801785652,0.02512706,-12.05151253,12.77727017,0,0,0,0.011004815,0.925074361,-0.51381021,0,3.974939317
9,30,12,2.217583114,0.00032179,-12.05151253,10.36351675,0,0,0,0.010542221,0.750318612,-0.547731945,0,0.743038004
9,30,13,3.102809058,0.043762677,-12.05151253,14.04886305,0,0,0,0.011430841,1.017137685,-0.496005203,0,5.676485574
9,30,14,5.22918838,6.153965899,-12.05151253,22.46446642,0,0,0,0.013316543,1.626427368,-0.037227555,0,23.39862452
9,30,15,8.006089057,16.8001183,-12.05151253,32.42050746,0,0,0,0.015673028,2.34724474,0.710436502,0,48.24855655
9,30,16,22.19425463,68.75775033,-12.05151253,75.55783672,0,0,0,0.020819744,5.470387378,4.394757428,0,164.3442937
9,30,17,28.39276582,93.18215605,-12.05151253,91.89944547,0,0,0,0.020445493,6.653519852,6.1004539,0,214.1972741
9,30,18,24.93933652,79.91619249,-12.05151253,81.13911302,0,0,0,0.019571387,5.874471783,5.169183717,0,185.0063564
9,30,19,22.16331504,69.93966932,-12.05151253,74.39274441,0,0,0,0.018876233,5.386034695,4.458866981,0,164.3079941
9,30,20,22.3776941,70.99141739,-12.05151253,74.30142262,0,0,0,0.019114738,5.379422998,4.529390262,0,165.5469496
9,30,21,23.12090979,68.27417094,-12.05151253,77.71741454,0,0,0,0.022372689,5.626740813,4.419436748,0,167.129533
9,30,22,23.23461026,71.26526612,-12.05151253,76.94866187,0,0,0,0.020966941,5.57108312,4.592373867,0,169.5814497
9,30,23,23.24578375,72.21698953,-12.05151253,76.55172732,0,0,0,0.020426354,5.542345058,4.646007223,0,170.1717667
10,1,0,23.75223064,75.47323617,-12.05151253,79.25235217,0,0,0,0.019883421,5.737870297,4.855589253,0,177.0396494
10,1,1,24.57710835,80.45121672,-12.05151253,79.30621879,0,0,0,0.018507517,5.741770241,5.178808458,0,183.2221175
10,1,2,25.9335322,85.28594861,-12.05151253,82.6091049,0,0,0,0.018131684,5.980899195,5.523655832,0,193.2997599
10,1,3,25.45744236,83.98333438,-12.05151253,80.61903032,0,0,0,0.017901402,5.836817795,5.424582017,0,189.2875957
10,1,4,24.25531351,78.62943875,-12.05151253,78.18351407,0,0,0,0.018768132,5.660486418,5.059411453,0,179.7554198
10,1,5,26.23024618,84.84936675,-12.05151253,85.19675903,0,0,0,0.020031875,6.168245354,5.515865192,0,195.9290018
10,1,6,20.95162296,67.26299569,-12.05151253,67.24280042,0,0,0,0.01668669,4.86837875,4.242285011,0,152.533257
10,1,7,15.7536387,48.50802182,-12.05151253,53.35023416,0,0,0,0.015121532,3.862556953,2.908105242,0,112.3461659
10,1,8,13.12113956,38.89417051,-12.05151253,46.69884602,0,0,0,0.014838686,3.380996452,2.225983523,0,92.28446222
10,1,9,11.26282659,31.46244857,-12.05151253,41.75257013,0,0,0,0.014588597,3.022886078,1.708528578,0,77.17233602
10,1,10,11.19714332,31.20038557,-12.05151253,41.54088429,0,0,0,0.014485676,3.007560022,1.690273111,0,76.59921945
10,1,11,8.758176212,20.9378799,-12.05151253,34.13074097,0,0,0,0.014205623,2.471065646,0.982801077,0,55.2433569
10,1,12,7.497170097,15.76246286,-12.05151253,30.23852138,0,0,0,0.013916033,2.189268948,0.624292308,0,44.27411909
10,1,13,7.336272332,15.17707847,-12.05151253,29.91717147,0,0,0,0.014229534,2.166003214,0.582724392,0,43.14196688
10,1,14,8.995325497,22.16902296,-12.05151253,35.22533959,0,0,0,0.014932805,2.550314587,1.064584961,0,57.96800787
10,1,15,12.63069582,34.66758105,-12.05151253,46.86897445,0,0,0,0.017789824,3.39331375,1.963244774,0,87.49008714
10,1,16,26.73761773,83.95745392,-12.05151253,88.59250476,0,0,0,0.023362474,6.414097345,5.494446242,0,199.1679699
10,1,17,24.46136889,73.32484775,-12.05151253,140.4928675,0,0,0,0.117927683,10.17168361,4.775423019,0,241.2926059
10,1,18,26.80710196,82.06553767,-12.05151253,119.3259186,0,0,0,0.077071765,8.639196505,5.392936779,0,230.2562507
10,1,19,25.58010337,79.65627832,-12.05151253,93.76534465,0,0,0,0.043667979,6.788610952,5.190397212,0,198.9728899
10,1,20,24.28467478,77.09618715,-12.05151253,79.40089063,0,0,0,0.022011388,5.748624481,4.975644762,0,179.4765207
10,1,21,26.10458438,82.18470407,-12.05151253,85.3856083,0,0,0,0.0250679,6.181918041,5.360444118,0,193.1908143
10,1,22,27.91716853,88.40171231,-12.05151253,93.78533077,0,0,0,0.023233865,6.790057948,5.807692414,0,210.6736833
10,1,23,27.59504755,89.26080399,-12.05151253,91.6355197,0,0,0,0.022540381,6.634411626,5.837601683,0,208.9344124
10,2,0,24.49117236,77.09165825,-12.05151253,81.05351753,0,0,0,0.021100411,5.868274669,4.986894417,0,181.4611051
10,2,1,25.31918564,81.63376477,-12.05151253,82.36728318,0,0,0,0.018704057,5.963391302,5.286010089,0,188.5368265
10,2,2,24.59622273,79.94123055,-12.05151253,79.03193327,0,0,0,0.018047737,5.721911969,5.1514669,0,182.4093006
10,2,3,24.8796971,80.94064547,-12.05151253,79.22758583,0,0,0,0.017529603,5.736077214,5.222923833,0,183.9729465
10,2,4,23.00980988,73.11925616,-12.05151253,75.90538255,0,0,0,0.01824957,5.495549696,4.68311973,0,170.1798551
10,2,5,22.92577106,74.03139158,-12.05151253,76.92806858,0,0,0,0.01800262,5.569592165,4.729244711,0,172.1505582
10,2,6,20.70974021,67.34985787,-12.05151253,67.23130514,0,0,0,0.016156861,4.867546492,4.233650365,0,152.3567444
10,2,7,15.07533776,47.00227268,-12.05151253,51.79904023,0,0,0,0.014799459,3.750250513,2.786453654,0,108.3766418
10,2,8,15.80076751,50.04442064,-12.05151253,53.28169121,0,0,0,0.014400119,3.857594444,2.996307732,0,113.9436691
10,2,9,14.59832134,43.60576919,-12.05151253,49.32755929,0,0,0,0.014289474,3.571315293,2.570698594,0,101.6364406
10,2,10,13.6363194,41.44980407,-12.05151253,47.77657227,0,0,0,0.01411377,3.459023832,2.397027829,0,96.68134863
10,2,11,11.82855669,34.72969414,-12.05151253,43.23692172,0,0,0,0.014144491,3.130353132,1.922025323,0,82.81018295
10,2,12,11.68334182,34.0528583,-12.05151253,42.77839671,0,0,0,0.014131372,3.097155922,1.876237098,0,81.45060869
10,2,13,11.78041817,33.98562284,-12.05151253,43.12104982,0,0,0,0.014443015,3.121964007,1.877899236,0,81.84988455
10,2,14,11.55684697,32.38151981,-12.05151253,42.64227953,0,0,0,0.014946909,3.087301038,1.776097781,0,79.40747949
10,2,15,13.36863888,38.51787756,-12.05151253,49.05370382,0,0,0,0.017216185,3.551488157,2.218809718,0,94.67622179
10,2,16,27.35239511,86.84652834,-12.05151253,90.26276908,0,0,0,0.023489601,6.535024481,5.689610788,0,204.6583049
10,2,17,23.76961523,72.50894698,-12.05151253,85.14313622,0,0,0,0.025800437,6.164363062,4.691446667,0,180.2517961
10,2,18,28.1544311,86.9784649,-12.05151253,97.80300121,0,0,0,0.03092619,7.080937287,5.741633059,0,213.7378812
10,2,19,26.34075663,81.90759178,-12.05151253,85.62558733,0,0,0,0.023617868,6.199292523,5.358163758,0,193.4034974
10,2,20,25.43235867,80.15218036,-12.05151253,82.46704517,0,0,0,0.021131354,5.970614071,5.209789576,0,187.2016067
10,2,21,25.44757142,78.3102742,-12.05151253,83.32774808,0,0,0,0.022488177,6.032928961,5.108042753,0,186.1975411
10,2,22,25.46094089,79.14791765,-12.05151253,83.01999593,0,0,0,0.021984698,6.010647706,5.155444172,0,186.7654185
10,2,23,27.55489295,90.87302086,-12.05151253,97.59142172,0,0,0,0.021236171,7.065618932,5.925165551,0,216.9798436
10,3,0,24.38510688,78.13069833,-12.05151253,80.07678649,0,0,0,0.020285041,5.797559342,5.038861102,0,181.3977846
10,3,1,25.83605227,84.6201994,-12.05151253,82.94325288,0,0,0,0.01809386,6.005091509,5.48114397,0,192.8523214
10,3,2,22.63731592,73.63506551,-12.05151253,73.53981218,0,0,0,0.017212059,5.324282402,4.691102397,0,167.7932779
10,3,3,23.21056928,75.59107,-12.05151253,74.48839894,0,0,0,0.016980003,5.392960083,4.83198206,0,171.4804478
10,3,4,25.22855291,83.58292906,-12.05151253,80.5390967,0,0,0,0.017354495,5.831030601,5.389530297,0,188.5369815
10,3,5,25.67538924,86.96030542,-12.05151253,81.27351051,0,0,0,0.016271412,5.884202161,5.602538945,0,193.3607052
10,3,6,21.8148562,72.00522543,-12.05151253,69.24768557,0,0,0,0.015594111,5.013532435,4.554509298,0,160.5998905
10,3,7,17.39597223,55.77745863,-12.05151253,57.22723264,0,0,0,0.014520111,4.143251643,3.404490851,0,125.9114136
10,3,8,15.96186197,50.5265122,-12.05151253,53.50194723,0,0,0,0.014157663,3.87354098,3.032133193,0,114.8586407
10,3,9,11.70011135,34.76356922,-12.05151253,42.66312821,0,0,0,0.013889309,3.088810482,1.91675776,0,82.0947538
10,3,10,11.70364856,34.60275142,-12.05151253,42.61378077,0,0,0,0.013876289,3.085237728,1.90799723,0,81.87577946
10,3,11,11.7869844,34.96357864,-12.05151253,42.78866661,0,0,0,0.01385673,3.097899463,1.932737113,0,82.53221043
10,3,12,11.54249607,33.84828014,-12.05151253,42.10764046,0,0,0,0.014073354,3.048593169,1.856996987,0,80.36656765
10,3,13,11.70542837,34.37273174,-12.05151253,42.69060524,0,0,0,0.014201488,3.090799819,1.89528427,0,81.71753839
10,3,14,11.94530859,35.13696484,-12.05151253,43.5692719,0,0,0,0.014828312,3.154415286,1.951213382,0,83.72048978
10,3,15,13.58788591,39.35767466,-12.05151253,49.53020177,0,0,0,0.017216122,3.585986608,2.277798475,0,96.305251
10,3,16,17.59405095,48.96094242,-12.05151253,72.63079376,0,0,0,0.025402973,5.258469469,3.035843883,0,135.4539909
10,3,17,25.20542999,78.84690005,-12.05151253,85.0889375,0,0,0,0.025471862,6.160439075,5.124445535,0,188.4001115
10,3,18,25.79832612,76.52694217,-12.05151253,95.33816221,0,0,0,0.039282781,6.902482944,5.028248196,0,197.5819319
10,3,19,25.46328441,79.07495531,-12.05151253,83.43530187,0,0,0,0.024411827,6.040715856,5.151510704,0,187.1386674
10,3,20,24.87833949,76.99103372,-12.05151253,82.03548689,0,0,0,0.024582461,5.939369251,5.00285484,0,182.8201541
10,3,21,25.67888889,78.50367152,-12.05151253,84.05623028,0,0,0,0.023361069,6.085671072,5.131699367,0,187.4280097
10,3,22,24.54136945,75.91576656,-12.05151253,80.16704477,0,0,0,0.020730106,5.804094042,4.924193228,0,179.3216856
10,3,23,23.59397301,73.65268616,-12.05151253,76.85914188,0,0,0,0.019732508,5.564601872,4.745369668,0,172.3839926
10,4,0,23.93893199,74.99812348,-12.05151253,77.18880363,0,0,0,0.019362436,5.588469383,4.839524742,0,174.5217031
10,4,1,23.8263497,75.90207568,-12.05151253,76.50321825,0,0,0,0.018947815,5.538833001,4.883604046,0,174.621516
10,4,2,24.11324722,77.72132069,-12.05151253,76.08009863,0,0,0,0.017899778,5.508199141,5.000916184,0,176.3901691
10,4,3,24.17799021,78.42042801,-12.05151253,76.20621732,0,0,0,0.017312843,5.517330134,5.043462647,0,177.3312286
10,4,4,23.30397279,76.53717357,-12.05151253,73.54729242,0,0,0,0.017091109,5.324823971,4.889882604,0,171.5687239
10,4,5,22.67778682,75.81092487,-12.05151253,72.27871573,0,0,0,0.015938955,5.232979019,4.814551993,0,168.7793849
10,4,6,19.42291953,63.00546316,-12.05151253,62.15948448,0,0,0,0.01497926,4.500346677,3.919991668,0,140.9716723
10,4,7,15.5683108,48.11832522,-12.05151253,51.44232896,0,0,0,0.014021018,3.724424617,2.876076378,0,109.6919745
10,4,8,13.40113744,40.15668059,-12.05151253,44.74933998,0,0,0,0.013105584,3.239852214,2.311901216,0,91.82050448
10,4,9,10.45517433,29.97192575,-12.05151253,37.83532403,0,0,0,0.012807093,2.73927746,1.580520227,0,70.54351636
10,4,10,8.637249518,22.58388096,-12.05151253,32.49840446,0,0,0,0.012791535,2.352884483,1.067747719,0,55.10144613
10,4,11,9.429978961,25.43830127,-12.05151253,34.54908998,0,0,0,0.012665276,2.501354115,1.270893961,0,61.15077103
10,4,12,9.378676241,25.41730881,-12.05151253,34.61023544,0,0,0,0.012617257,2.505781046,1.266867119,0,61.13997338
10,4,13,8.938618614,22.9711159,-12.05151253,33.21986146,0,0,0,0.012891823,2.40511797,1.106102965,0,56.6021962
10,4,14,5.508754852,8.713757482,-12.05151253,23.29380848,0,0,0,0.013163183,1.686471734,0.120924689,0,27.28536789
10,4,15,6.172927081,10.7307494,-12.05151253,25.62538679,0,0,0,0.013868104,1.855278003,0.270265532,0,32.61696237
10,4,16,21.35493574,65.99671357,-12.05151253,71.14923226,0,0,0,0.018912517,5.151204416,4.194217619,0,155.8137036
10,4,17,19.40105578,58.55666839,-12.05151253,68.25175139,0,0,0,0.021735468,4.9414268,3.670975988,0,142.7921013
10,4,18,24.11913149,76.38615805,-12.05151253,78.67487602,0,0,0,0.021197605,5.696061024,4.926875379,0,177.772787
10,4,19,22.97729886,73.31037396,-12.05151253,75.22450578,0,0,0,0.018401307,5.446254219,4.691954128,0,169.6172757
10,4,20,23.71373056,75.68308287,-12.05151253,76.69186925,0,0,0,0.018493261,5.552491334,4.86513326,0,174.473288
10,4,21,26.88495233,88.32369556,-12.05151253,87.2098313,0,0,0,0.021606231,6.313991786,5.745852439,0,202.4484171
10,4,22,26.83415615,88.86068703,-12.05151253,86.57580915,0,0,0,0.021158019,6.268088583,5.772933517,0,202.2813199
10,4,23,22.54655688,71.69390157,-12.05151253,73.40995128,0,0,0,0.020150108,5.314880473,4.577924288,0,165.5118521
10,5,0,22.564007,70.85542535,-12.05151253,72.75366958,0,0,0,0.019734623,5.267365678,4.532193134,0,163.9408828
10,5,1,21.56834579,67.7081746,-12.05151253,69.51237345,0,0,0,0.017431361,5.032695838,4.301432937,0,156.0889414
10,5,2,21.29329587,67.41081359,-12.05151253,68.56306916,0,0,0,0.016730387,4.963966207,4.269549649,0,154.4659123
10,5,3,23.50233923,75.43612499,-12.05151253,74.23315787,0,0,0,0.016827575,5.37448063,4.839603209,0,171.351021
10,5,4,22.55713367,71.86754493,-12.05151253,71.32700205,0,0,0,0.016746912,5.164074948,4.58818535,0,163.4691753
10,5,5,22.96531034,73.55730382,-12.05151253,72.80183416,0,0,0,0.017258169,5.270852793,4.70504036,0,167.2660871
10,5,6,17.50872855,55.27194512,-12.05151253,58.05247713,0,0,0,0.015319179,4.202999344,3.382614275,0,126.3825711
10,5,7,16.47208566,52.17676326,-12.05151253,54.30980975,0,0,0,0.014160864,3.932030226,3.152471637,0,118.0058089
10,5,8,15.37789887,48.11781361,-12.05151253,51.32208216,0,0,0,0.0141119,3.715718748,2.865441937,0,109.3615547
10,5,9,9.997000531,26.27499517,-12.05151253,36.92047487,0,0,0,0.013310099,2.67304238,1.349080913,0,65.17639143
10,5,10,10.68718058,29.92212844,-12.05151253,39.15616028,0,0,0,0.013444073,2.834906004,1.590669264,0,72.15297611
10,5,11,11.04326436,31.89414379,-12.05151253,40.30503346,0,0,0,0.013472685,2.918084422,1.720344386,0,75.84283057
10,5,12,15.20996951,47.17655302,-12.05151253,50.14490048,0,0,0,0.013210314,3.630490795,2.803660057,0,106.9272716
10,5,13,13.47770722,40.43948569,-12.05151253,46.28158371,0,0,0,0.013783447,3.350786661,2.331918397,0,93.8437526
10,5,14,10.71960154,29.92898056,-12.05151253,39.57053504,0,0,0,0.014092983,2.864906737,1.592856775,0,72.6394611
10,5,15,11.26911752,31.89981842,-12.05151253,41.46697098,0,0,0,0.014311048,3.002208699,1.733240484,0,77.33415462
10,5,16,22.83353641,72.2676898,-12.05151253,76.59947999,0,0,0,0.019621698,5.545802351,4.625869052,0,169.8404868
10,5,17,23.09739463,74.60748621,-12.05151253,74.21663298,0,0,0,0.018179152,5.373284228,4.770892615,0,170.0323573
10,5,18,23.7071558,76.90214353,-12.05151253,75.95572775,0,0,0,0.018114672,5.499194689,4.932668724,0,174.9634926
10,5,19,22.64866041,73.25401188,-12.05151253,72.94189085,0,0,0,0.01735258,5.280992898,4.670509598,0,166.7619057
10,5,20,20.55976697,65.26042095,-12.05151253,66.50014636,0,0,0,0.01708611,4.814610596,4.108915219,0,149.2094337
10,5,21,26.49727215,85.18535412,-12.05151253,87.00148844,0,0,0,0.020307842,6.298907763,5.549453035,0,198.5012708
10,5,22,22.24709524,70.39731469,-12.05151253,72.78914406,0,0,0,0.018244639,5.26993403,4.489024385,0,163.1592445
10,5,23,19.69207931,63.31436218,-12.05151253,63.73488107,0,0,0,0.01627921,4.61440539,3.952189543,0,143.2726842
10,6,0,19.48353324,60.38970316,-12.05151253,63.30156509,0,0,0,0.017277636,4.583033313,3.777670019,0,139.5012699
10,6,1,18.3744115,56.73919728,-12.05151253,59.73547621,0,0,0,0.01533206,4.324848478,3.512558761,0,130.6503118
10,6,2,17.84044908,53.29019616,-12.05151253,58.8023955,0,0,0,0.015370226,4.257293434,3.290707692,0,125.4448996
10,6,3,19.44910741,61.218446,-12.05151253,63.673525,0,0,0,0.015109822,4.60996321,3.821913477,0,140.7365524
10,6,4,16.60913018,49.87089289,-12.05151253,55.3204706,0,0,0,0.015134744,4.005202071,3.031668037,0,116.800986
10,6,5,16.22934733,49.28480465,-12.05151253,54.05230697,0,0,0,0.01517896,3.913387025,2.977869017,0,114.4213814
10,6,6,17.5506705,54.36664696,-12.05151253,57.4163347,0,0,0,0.015169358,4.156942632,3.334525335,0,124.788777
10,6,7,7.542816662,15.80777527,-12.05151253,29.013287,0,0,0,0.012747629,2.100561979,0.629358722,0,43.05503472
10,6,8,6.243919072,11.07534525,-12.05151253,24.29941457,0,0,0,0.011464664,1.759277615,0.293413775,0,31.63132241
10,6,9,6.071411747,10.66103123,-12.05151253,23.87334779,0,0,0,0.011521976,1.72843038,0.260727826,0,30.55495842
10,6,10,4.782867634,6.12915386,-12.05151253,19.6311451,0,0,0,0.010635863,1.421294905,-0.063469651,0,19.86011518
10,6,11,4.313553306,4.128286229,-12.05151253,18.3460288,0,0,0,0.010644842,1.328252485,-0.201058786,0,15.87419434
10,6,12,4.16827331,3.604409677,-12.05151253,18.21699041,0,0,0,0.010673357,1.318910106,-0.238330806,0,15.02941352
10,6,13,4.40743438,4.479703693,-12.05151253,19.22149873,0,0,0,0.011175192,1.391636508,-0.176255658,0,17.28368031
10,6,14,4.854500015,5.551547115,-12.05151253,20.45464455,0,0,0,0.01159074,1.480916265,-0.091652423,0,20.21003373
10,6,15,4.676597708,4.19076682,-12.05151253,20.21138221,0,0,0,0.012361276,1.463304072,-0.177357044,0,18.32554251
10,6,16,22.26367689,68.52953299,-12.05151253,74.52008346,0,0,0,0.02093668,5.395254042,4.385912542,0,163.0638841
10,6,17,27.71310623,91.35570004,-12.05151253,88.89476903,0,0,0,0.02086682,6.435981278,5.960863261,0,208.3297741
10,6,18,25.73565965,83.19477477,-12.05151253,84.12820607,0,0,0,0.020397595,6.090882119,5.396155949,0,192.5145636
10,6,19,24.49137224,78.34892482,-12.05151253,80.18034766,0,0,0,0.020413892,5.80505717,5.056935298,0,181.8515385
10,6,20,20.44699335,63.53222025,-12.05151253,67.81415546,0,0,0,0.018927787,4.909744856,4.00637295,0,148.6769021
10,6,21,23.7376501,70.16755722,-12.05151253,78.36516018,0,0,0,0.021507368,5.673637597,4.559250799,0,170.4732507
10,6,22,22.77719877,73.4028269,-12.05151253,75.31383226,0,0,0,0.020760674,5.452721456,4.685958182,0,169.6017857
10,6,23,22.3541549,70.06087451,-12.05151253,73.50988581,0,0,0,0.019752926,5.322115733,4.47624789,0,163.6915192
10,7,0,19.89455681,59.98444604,-12.05151253,65.864639,0,0,0,0.018476849,4.768599864,3.77799121,0,142.2571972
10,7,1,19.44472318,60.2742265,-12.05151253,63.9085873,0,0,0,0.016781188,4.62698172,3.769076249,0,139.9888636
10,7,2,18.0502555,55.51118744,-12.05151253,59.99969351,0,0,0,0.015856131,4.34397781,3.426103123,0,129.295561
10,7,3,17.90276596,55.00705943,-12.05151253,59.34950063,0,0,0,0.015428255,4.296903846,3.389808027,0,127.9099536
10,7,4,18.22449705,56.44276911,-12.05151253,60.23127677,0,0,0,0.015519368,4.360744438,3.487697477,0,130.7109917
10,7,5,18.51829866,57.82443567,-12.05151253,61.02207592,0,0,0,0.015500498,4.417998297,3.581021054,0,133.3278176
10,7,6,14.22777088,42.46065467,-12.05151253,48.37682451,0,0,0,0.014301932,3.502482095,2.486276055,0,99.01679761
10,7,7,2.803961992,4.725495857,-12.05151253,10.67237,0,0,0,0.003720962,0.772679588,-0.251878446,0,6.674837415
10,7,8,1.498591921,3.121191451,-12.05151253,6.354687494,0,0,0,0.003044204,0.460079375,-0.413947314,0,-1.027865403
10,7,9,1.798208607,3.715142957,-12.05151253,7.391070762,0,0,0,0.003093545,0.535113523,-0.364175566,0,1.026941293
10,7,10,1.696732301,3.355639672,-12.05151253,7.203185794,0,0,0,0.003020566,0.521510652,-0.389852129,0,0.338724321
10,7,11,0.484071666,0.005648445,-12.05151253,2.418974477,0,0,0,0.001602532,0.175133752,-0.643991838,0,-9.6100735
10,7,12,0.473931708,0.015468704,-12.05151253,2.339390601,0,0,0,0.001339574,0.169371879,-0.644009645,0,-9.696019714
10,7,13,0.73652464,1.04134E-08,-12.05151253,3.509153164,0,0,0,0.002800625,0.254062689,-0.630244825,0,-8.179216231
10,7,14,0.8795584,0.025625136,-12.05151253,4.087325496,0,0,0,0.001923837,0.295922366,-0.620850525,0,-7.382007826
10,7,15,3.246674351,0.549467512,-12.05151253,14.48441447,0,0,0,0.010788529,1.048671607,-0.459824146,0,6.828679786
10,7,16,12.74752678,33.85364589,-12.05151253,48.26857849,0,0,0,0.017849707,3.494645082,1.92441607,0,88.25514948
10,7,17,28.0735192,93.25475608,-12.05151253,89.78059809,0,0,0,0.020697076,6.500115302,6.086715685,0,211.6648889
10,7,18,27.2849006,88.54699789,-12.05151253,86.55424407,0,0,0,0.020796387,6.266527271,5.780567498,0,202.4025212
10,7,19,23.72092,74.7224324,-12.05151253,76.70826683,0,0,0,0.019851958,5.553678518,4.81202548,0,173.4856626
10,7,20,18.56996035,56.54440162,-12.05151253,63.10792076,0,0,0,0.019496657,4.569013463,3.512600714,0,134.271881
10,7,21,19.88134408,54.30214661,-12.05151253,69.96953053,0,0,0,0.023153693,5.06579401,3.460751183,0,140.6512076
10,7,22,19.23531196,56.70629076,-12.05151253,65.96165279,0,0,0,0.021281457,4.775623662,3.558678023,0,138.2073261
10,7,23,18.55426403,53.94311344,-12.05151253,63.32089238,0,0,0,0.020243875,4.584432609,3.366834677,0,131.7382685
10,8,0,24.49372513,77.13142485,-12.05151253,81.69427662,0,0,0,0.020949205,5.914665627,4.989251606,0,182.1927805
10,8,1,27.19477745,88.68060967,-12.05151253,87.99136755,0,0,0,0.018316458,6.370575011,5.782989815,0,203.9871234
10,8,2,24.23498058,78.2984177,-12.05151253,77.11180868,0,0,0,0.017060159,5.582894948,5.039841036,0,178.2334906
10,8,3,23.64667931,76.15421059,-12.05151253,75.47682782,0,0,0,0.017276434,5.464522335,4.887640319,0,173.5956443
10,8,4,26.00749944,83.79797359,-12.05151253,83.05642105,0,0,0,0.018865561,6.013284884,5.4448956,0,192.2874276
10,8,5,20.37609682,60.22318883,-12.05151253,69.55638974,0,0,0,0.022096067,5.035882617,3.818110963,0,146.9802525
10,8,6,16.27380667,49.92940219,-12.05151253,55.59630284,0,0,0,0.015862761,4.025172325,3.016249485,0,116.8052837
10,8,7,7.156070634,14.79334029,-12.05151253,28.62573466,0,0,0,0.013770909,2.072503189,0.55131294,0,41.16122009
10,8,8,4.834725357,6.230195752,-12.05151253,20.68188899,0,0,0,0.012624486,1.497368763,-0.054953142,0,21.15033767
10,8,9,4.570772331,5.638083078,-12.05151253,19.54083945,0,0,0,0.011830766,1.414756776,-0.102636002,0,19.02213386
10,8,10,3.292137485,0.573031793,-12.05151253,14.758326,0,0,0,0.01121605,1.068502802,-0.455979319,0,7.195722272
10,8,11,3.118670479,0.299947916,-12.05151253,14.20199286,0,0,0,0.010818331,1.028224283,-0.480852204,0,6.127289128
10,8,12,2.883059077,0.040835834,-12.05151253,12.98733059,0,0,0,0.010159415,0.940282735,-0.508408302,0,4.301746816
10,8,13,2.597439245,0.02906926,-12.05151253,11.8157908,0,0,0,0.009905091,0.855463254,-0.524972724,0,2.731182388
10,8,14,2.81892835,0.028845164,-12.05151253,12.79692312,0,0,0,0.011059003,0.926497234,-0.512648263,0,4.018092079
10,8,15,4.030584373,3.018708617,-12.05151253,17.68565456,0,0,0,0.012281282,1.28044139,-0.278623629,0,13.69753405
10,8,16,22.86882038,72.56235162,-12.05151253,77.56122654,0,0,0,0.021239448,5.615432802,4.644247032,0,171.2218053
10,8,17,26.65414667,85.51511474,-12.05151253,91.37036013,0,0,0,0.021144143,6.615214073,5.576558612,0,203.7010258
10,8,18,25.07276897,80.20754208,-12.05151253,81.73187924,0,0,0,0.020506051,5.917388057,5.192844077,0,186.0914159
10,8,19,25.10147683,80.30479971,-12.05151253,81.89184613,0,0,0,0.02014225,5.92896966,5.199860355,0,186.3955824
10,8,20,22.54706073,71.10107655,-12.05151253,74.79429661,0,0,0,0.019764871,5.415107074,4.544931998,0,166.3707253
10,8,21,22.76676504,71.51195191,-12.05151253,74.34722119,0,0,0,0.019705533,5.382738814,4.580055286,0,166.5569252
10,8,22,21.0506346,66.00614425,-12.05151253,69.5507099,0,0,0,0.019473403,5.035471397,4.177793333,0,153.7887143
10,8,23,20.67110355,65.01012631,-12.05151253,68.19583121,0,0,0,0.017968012,4.93737818,4.101175255,0,150.88207
10,9,0,19.77876586,60.5662639,-12.05151253,65.7980698,0,0,0,0.020299892,4.763780254,3.803948909,0,142.6796161
10,9,1,19.77146945,57.5427767,-12.05151253,66.65934324,0,0,0,0.01903124,4.826136451,3.635134263,0,140.4023788
10,9,2,25.30960038,82.05755241,-12.05151253,80.33001321,0,0,0,0.018019213,5.815892956,5.309081162,0,186.7886468
10,9,3,24.16772715,77.13120398,-12.05151253,77.10716517,0,0,0,0.018597414,5.582558758,4.971081216,0,176.9268212
10,9,4,24.94212877,82.69630907,-12.05151253,78.92354073,0,0,0,0.01918233,5.714064349,5.324191739,0,185.5679045
10,9,5,18.92170917,58.58847771,-12.05151253,62.4899396,0,0,0,0.017056563,4.524271627,3.646048161,0,136.1359903
10,9,6,22.15718517,70.81133037,-12.05151253,71.14439299,0,0,0,0.017357805,5.150854052,4.507077067,0,161.7366849
10,9,7,14.82999338,45.99196604,-12.05151253,49.81845801,0,0,0,0.014137875,3.60685636,2.716513892,0,104.926413
10,9,8,6.796855512,13.48608929,-12.05151253,26.28577895,0,0,0,0.012402501,1.903090396,0.458490777,0,36.89119489
10,9,9,4.847066825,5.664207202,-12.05151253,19.95598223,0,0,0,0.01194466,1.444813113,-0.085791285,0,19.78671021
10,9,10,5.031260337,6.557897458,-12.05151253,20.53611985,0,0,0,0.011959973,1.486815077,-0.025753159,0,21.546787
10,9,11,4.838409725,6.417804512,-12.05151253,19.7980306,0,0,0,0.011745055,1.433377416,-0.044298115,0,20.40355666
10,9,12,3.853070925,3.20400055,-12.05151253,17.04430026,0,0,0,0.011321937,1.234007339,-0.278190367,0,13.01699811
10,9,13,3.462651828,1.564563374,-12.05151253,15.63637702,0,0,0,0.011500607,1.132073696,-0.391253361,0,9.364400631
10,9,14,3.795670092,2.8303031,-12.05151253,16.88710557,0,0,0,0.01164231,1.222626443,-0.302202541,0,12.39363244
10,9,15,5.741396923,9.42259044,-12.05151253,24.22884223,0,0,0,0.013237065,1.754168178,0.173364848,0,29.28208715
10,9,16,24.85562639,78.68792737,-12.05151253,80.64687578,0,0,0,0.021182941,5.838833806,5.096106696,0,183.0950404
10,9,17,27.07020157,89.63644618,-12.05151253,89.34563807,0,0,0,0.02057636,6.468624196,5.829291032,0,206.3192649
10,9,18,26.21003934,85.38352312,-12.05151253,88.19731451,0,0,0,0.019355987,6.385485571,5.544492181,0,199.6886982
10,9,19,20.35677809,63.46674543,-12.05151253,70.51245167,0,0,0,0.020005561,5.105101501,3.997701012,0,151.4072707
10,9,20,24.58471997,79.92585672,-12.05151253,78.74723844,0,0,0,0.019945112,5.701300063,5.149969874,0,182.0775176
10,9,21,24.53165456,72.7498932,-12.05151253,81.24511589,0,0,0,0.022094557,5.88214639,4.747312962,0,177.126705
10,9,22,23.22959772,71.05275285,-12.05151253,75.95230476,0,0,0,0.021729698,5.498946864,4.580257679,0,168.284077
10,9,23,22.55842216,69.89518115,-12.05151253,73.63686535,0,0,0,0.019914343,5.331309052,4.478396456,0,163.868576
10,10,0,23.04659465,71.03626258,-12.05151253,75.5688373,0,0,0,0.020893261,5.471183821,4.569145899,0,167.661405
10,10,1,26.98209131,86.86475962,-12.05151253,86.42254225,0,0,0,0.01962461,6.256992059,5.670000349,0,200.1644977
10,10,2,25.18510469,82.22611016,-12.05151253,79.79444394,0,0,0,0.018141376,5.777117741,5.311535419,0,186.2609408
10,10,3,24.39856186,78.35318746,-12.05151253,77.7382961,0,0,0,0.018489638,5.628252638,5.052003189,0,179.1372784
10,10,4,26.62246359,84.34190055,-12.05151253,86.09530791,0,0,0,0.022321193,6.233300293,5.509445835,0,196.7732268
10,10,5,21.86784569,68.41967334,-12.05151253,76.00015355,0,0,0,0.019785587,5.502411117,4.357745562,0,164.1161023
10,10,6,21.96005075,69.81741415,-12.05151253,72.11751281,0,0,0,0.018776346,5.221307927,4.440735547,0,161.524285
10,10,7,17.31948228,55.02809757,-12.05151253,56.72590614,0,0,0,0.014628636,4.106955604,3.358490949,0,124.5020486
10,10,8,12.09886413,36.26334563,-12.05151253,42.47698263,0,0,0,0.013285584,3.075333543,2.022505835,0,83.89880482
10,10,9,10.6902265,30.84243434,-12.05151253,38.6972279,0,0,0,0.013136402,2.8016793,1.64209996,0,72.63529186
10,10,10,8.52970853,21.17193029,-12.05151253,31.86368515,0,0,0,0.012328948,2.306930805,0.983112034,0,52.81618323
10,10,11,10.05288212,28.607376,-12.05151253,37.04481562,0,0,0,0.013072181,2.682044651,1.482107129,0,67.83078516
10,10,12,8.248699952,19.5353455,-12.05151253,31.17764583,0,0,0,0.01280299,2.257261558,0.876302084,0,50.05654538
10,10,13,8.345587866,20.91784108,-12.05151253,31.6545506,0,0,0,0.012928375,2.291789464,0.958703744,0,52.1298886
10,10,14,7.728387487,17.30826508,-12.05151253,29.74710901,0,0,0,0.013057569,2.153690692,0.7232723,0,45.62226961
10,10,15,5.287156766,7.008546073,-12.05151253,22.46816881,0,0,0,0.013005407,1.626695422,0.0136014,0,24.36566134
10,10,16,21.5584891,66.64157809,-12.05151253,73.29414995,0,0,0,0.021519906,5.306496457,4.241474494,0,159.0121955
10,10,17,22.77503606,75.26976459,-12.05151253,78.77003187,0,0,0,0.019501018,5.702950308,4.789826148,0,175.2755975
10,10,18,23.44443233,75.91375074,-12.05151253,77.02526386,0,0,0,0.019554131,5.576629103,4.862981549,0,174.7910992
10,10,19,23.69267595,75.82811223,-12.05151253,76.33726923,0,0,0,0.018946984,5.526818293,4.872038654,0,174.2243488
10,10,20,23.96967378,76.99148944,-12.05151253,76.74690874,0,0,0,0.018736433,5.556476193,4.952267543,0,176.1840396
10,10,21,23.86778445,74.28733394,-12.05151253,77.57961154,0,0,0,0.022896614,5.616763876,4.795970846,0,174.1188487
10,10,22,27.01346902,83.3553954,-12.05151253,89.49042445,0,0,0,0.023235059,6.47910673,5.4762765,0,199.7863946
10,10,23,25.9550897,82.41227589,-12.05151253,85.72812631,0,0,0,0.021975776,6.206716345,5.364793015,0,193.6374645
10,11,0,27.3299545,88.00556691,-12.05151253,92.98535508,0,0,0,0.021279436,6.732139708,5.752919294,0,208.7757024
10,11,1,24.7452096,78.50530079,-12.05151253,80.54995143,0,0,0,0.020613206,5.831816483,5.079784181,0,182.6811632
10,11,2,24.77273127,78.94220012,-12.05151253,79.90023879,0,0,0,0.021407863,5.784777289,5.10565243,0,182.4754952
10,11,3,25.26185053,81.43688921,-12.05151253,80.38070191,0,0,0,0.01946574,5.819562819,5.271850556,0,186.1388082
10,11,4,25.7901521,81.57774832,-12.05151253,82.97621731,0,0,0,0.021167801,6.007478133,5.309122805,0,189.6303739
10,11,5,27.65990239,88.78750776,-12.05151253,89.61061697,0,0,0,0.021604027,6.487808669,5.814851497,0,206.3307788
10,11,6,26.38002548,82.92159597,-12.05151253,85.20043719,0,0,0,0.021390657,6.168511653,5.416831067,0,194.0572795
10,11,7,20.56111642,63.67230408,-12.05151253,67.78381627,0,0,0,0.017710197,4.907548298,4.020532274,0,148.911515
10,11,8,19.4727051,60.33461787,-12.05151253,64.51053106,0,0,0,0.017080351,4.670562448,3.773998641,0,140.7279829
10,11,9,18.77022036,57.74720788,-12.05151253,62.61833367,0,0,0,0.016903563,4.533567358,3.590751505,0,135.2254718
10,11,10,18.4094367,56.16376844,-12.05151253,62.05758207,0,0,0,0.01641834,4.492968942,3.482458278,0,132.5711202
10,11,11,19.69176767,60.02647541,-12.05151253,65.75118831,0,0,0,0.016952684,4.760386034,3.769036891,0,141.9642945
10,11,12,21.15090319,65.92644507,-12.05151253,70.5305038,0,0,0,0.018601838,5.106408475,4.17893905,0,154.8602889
10,11,13,20.32949784,61.94008233,-12.05151253,68.54006959,0,0,0,0.019272767,4.962301038,3.911146368,0,147.6508574
10,11,14,18.63794637,57.10838721,-12.05151253,63.09721399,0,0,0,0.018116226,4.568238293,3.547801533,0,134.9261911
10,11,15,21.1719727,65.52311807,-12.05151253,71.16389511,0,0,0,0.019087367,5.152266006,4.157647308,0,155.136474
10,11,16,26.33973081,83.66512596,-12.05151253,85.33770003,0,0,0,0.020448481,6.178449482,5.456001274,0,194.9459435
10,11,17,27.42899727,86.11543526,-12.05151253,92.96946798,0,0,0,0.025408904,6.730989481,5.653155644,0,206.871942
10,11,18,28.11425293,91.28798991,-12.05151253,100.9062575,0,0,0,0.024208781,7.305613046,5.979435678,0,221.5662454
10,11,19,27.41220355,89.30176717,-12.05151253,89.15270825,0,0,0,0.021037101,6.454656077,5.829698921,0,206.1205585
10,11,20,26.9678591,86.16337388,-12.05151253,87.09839483,0,0,0,0.020528221,6.305923785,5.630140429,0,200.1347077
10,11,21,25.97619293,82.19007345,-12.05151253,83.89333242,0,0,0,0.022235367,6.073877267,5.353591789,0,191.4577907
10,11,22,25.63055745,81.31026321,-12.05151253,81.86041868,0,0,0,0.021111424,5.926694312,5.285334463,0,187.982867
10,11,23,24.05953254,75.2096214,-12.05151253,78.13958856,0,0,0,0.021487678,5.657306211,4.858022626,0,175.8940465
10,12,0,24.55867663,78.23778384,-12.05151253,79.15297782,0,0,0,0.019336503,5.730675594,5.0544936,0,180.7024315
10,12,1,24.66713225,80.16856814,-12.05151253,79.34774359,0,0,0,0.017536515,5.744776636,5.168079264,0,183.0623239
10,12,2,24.91831619,81.08582518,-12.05151253,78.63059824,0,0,0,0.017284345,5.692855313,5.233161426,0,183.5265282
10,12,3,24.78741162,79.91264345,-12.05151253,78.45947681,0,0,0,0.017110618,5.680466121,5.160523819,0,181.9661199
10,12,4,21.02441078,66.81325077,-12.05151253,68.07970864,0,0,0,0.017588725,4.928970906,4.2212885,0,153.0337058
10,12,5,21.94106232,70.4674511,-12.05151253,69.96854791,0,0,0,0.015916694,5.065722869,4.475884949,0,159.8830733
10,12,6,23.97161231,77.86329201,-12.05151253,77.24443189,0,0,0,0.017024455,5.592496869,5.000934922,0,177.6382799
10,12,7,15.92885759,49.72988559,-12.05151253,52.78028951,0,0,0,0.014350485,3.82129296,2.985922747,0,113.2090863
10,12,8,13.90510992,42.45316113,-12.05151253,47.8658745,0,0,0,0.014136871,3.465489314,2.467886449,0,98.12014565
10,12,9,9.259613264,24.18787387,-12.05151253,35.21837889,0,0,0,0.013371112,2.549810631,1.191755785,0,60.36929102
10,12,10,8.582309138,19.93617095,-12.05151253,32.544124,0,0,0,0.013417625,2.356194577,0.917210093,0,52.29791385
10,12,11,13.21322697,39.95334092,-12.05151253,45.69870052,0,0,0,0.013519736,3.308585918,2.290108583,0,92.42597011
10,12,12,5.333141777,5.989506714,-12.05151253,22.71352193,0,0,0,0.012975271,1.644458988,-0.040597727,0,23.60149442
10,12,13,7.585798484,16.64759115,-12.05151253,30.3209118,0,0,0,0.013607544,2.195234014,0.678530555,0,45.39016101
10,12,14,9.543322705,25.72866258,-12.05151253,36.35849953,0,0,0,0.01384944,2.632355366,1.293380332,0,63.51855741
10,12,15,6.343238106,11.32091411,-12.05151253,26.30066832,0,0,0,0.013164088,1.904168387,0.31262403,0,34.14326451
10,12,16,12.65034479,36.94220907,-12.05151253,45.25262007,0,0,0,0.014620025,3.276289693,2.091036002,0,88.17560711
10,12,17,26.30555711,84.30100495,-12.05151253,84.4921298,0,0,0,0.020719981,6.117230197,5.489516259,0,194.6746458
10,12,18,27.6280609,88.72206687,-12.05151253,91.10390182,0,0,0,0.022717656,6.595922491,5.809432869,0,207.8305901
10,12,19,26.75233314,89.09425229,-12.05151253,87.74019791,0,0,0,0.022219755,6.352390329,5.781385561,0,203.6912665
10,12,20,23.23945296,76.43810541,-12.05151253,79.56651584,0,0,0,0.021618189,5.760615747,4.880770753,0,177.8555664
10,12,21,22.33676456,72.44683349,-12.05151253,71.50569575,0,0,0,0.016091435,5.177012372,4.608177163,0,164.0390622
10,12,22,19.50021812,61.57187121,-12.05151253,63.47659938,0,0,0,0.015427642,4.595705795,3.844446128,0,140.9527557
10,12,23,18.68907262,58.52551199,-12.05151253,61.34899491,0,0,0,0.015099209,4.441667231,3.629583114,0,134.5984165
10,13,0,20.10032319,63.06769701,-12.05151253,66.05936034,0,0,0,0.017337415,4.782697688,3.961189477,0,145.9370926
10,13,1,20.08793011,63.15399207,-12.05151253,66.13675238,0,0,0,0.017744338,4.788300872,3.965305817,0,146.0985131
10,13,2,20.68112497,65.79054649,-12.05151253,67.50432551,0,0,0,0.017466078,4.887313167,4.145202852,0,150.9744665
10,13,3,20.33841327,65.00452136,-12.05151253,66.2561807,0,0,0,0.016801186,4.796947483,4.082332211,0,148.4436837
10,13,4,20.82337183,66.61540486,-12.05151253,67.4001026,0,0,0,0.017613831,4.879767429,4.199070614,0,151.8838186
10,13,5,18.28492372,57.36182359,-12.05151253,61.46719486,0,0,0,0.018090053,4.450224908,3.542254577,0,133.0729992
10,13,6,15.19535916,46.53066181,-12.05151253,51.01126587,0,0,0,0.015142933,3.693215649,2.76687012,0,107.161003
10,13,7,2.104086341,1.972178083,-12.05151253,9.522539971,0,0,0,0.009247861,0.689431894,-0.44422132,0,1.801750295
10,13,8,0.24336407,0.040633986,-12.05151253,1.027742815,0,0,0,0.000146917,0.07440858,-0.655450556,0,-11.32066672
10,13,9,0.179758503,6.23001E-10,-12.05151253,0.903111683,0,0,0,0.000129818,0.065385286,-0.6612567,0,-11.56438394
10,13,10,0,0,-12.05151253,0,0,0,0,0,0,-0.671269248,0,-12.72278178
10,13,11,0.288983427,3.38405E-10,-12.05151253,1.499539903,0,0,0,0.002350049,0.108566689,-0.655172871,0,-10.80724534
10,13,12,0,0,-12.05151253,0,0,0,0,0,0,-0.671269248,0,-12.72278178
10,13,13,0,0,-12.05151253,0,0,0,0,0,0,-0.671269248,0,-12.72278178
10,13,14,0,0,-12.05151253,0,0,0,0,0,0,-0.671269248,0,-12.72278178
10,13,15,0.402356053,3.43226E-09,-12.05151253,2.047860832,0,0,0,0.001940272,0.148265124,-0.648858016,0,-10.09994827
10,13,16,8.460808805,20.78488693,-12.05151253,32.95452057,0,0,0,0.01386153,2.385907289,0.957716005,0,53.5061886
10,13,17,25.81352772,83.32185318,-12.05151253,83.00239954,0,0,0,0.022045828,6.009373727,5.407571468,0,191.5252589
10,13,18,25.74594421,86.52901699,-12.05151253,81.85827082,0,0,0,0.018425406,5.926538807,5.582446091,0,193.6091298
10,13,19,21.56611431,69.71865441,-12.05151253,70.85399136,0,0,0,0.018537878,5.129828975,4.413292369,0,159.6489068
10,13,20,21.09899232,68.16191297,-12.05151253,69.47373124,0,0,0,0.018236508,5.029898142,4.300563177,0,156.0318218
10,13,21,20.07437842,64.81272799,-12.05151253,65.6273496,0,0,0,0.016541394,4.751420111,4.056942579,0,147.2878476
10,13,22,19.9692316,65.03506825,-12.05151253,65.169958,0,0,0,0.016307717,4.718304959,4.063470254,0,146.9208283
10,13,23,21.71906834,66.20732916,-12.05151253,72.42608494,0,0,0,0.019725531,5.243648549,4.226231092,0,157.7905751
10,14,0,21.47408347,66.2719751,-12.05151253,71.48868391,0,0,0,0.019191189,5.175780715,4.216186214,0,156.5943881
10,14,1,25.64942581,83.35758693,-12.05151253,83.37691745,0,0,0,0.018810957,6.036488823,5.400421362,0,191.7881388
10,14,2,26.26302316,86.0764944,-12.05151253,83.40410835,0,0,0,0.018063559,6.038457445,5.58604188,0,195.3346763
10,14,3,24.26450933,79.34984248,-12.05151253,77.46651495,0,0,0,0.017470832,5.608575682,5.100050148,0,179.7554509
10,14,4,24.69546073,79.61667059,-12.05151253,79.13902697,0,0,0,0.018003607,5.729665552,5.138916466,0,182.2862314
10,14,5,21.09679529,70.00804419,-12.05151253,74.8908685,0,0,0,0.018304565,5.422098879,4.403270311,0,163.7878692
10,14,6,16.58738395,51.40855488,-12.05151253,55.36437912,0,0,0,0.014884669,4.008381048,3.116104544,0,118.4481757
10,14,7,2.004635574,4.781893895,-12.05151253,8.059991184,0,0,0,0.002021106,0.583543362,-0.293259557,0,3.087313029
10,14,8,0.362667256,0.050254632,-12.05151253,1.581227648,0,0,0,0.000224262,0.114480882,-0.648269499,0,-10.59092735
10,14,9,0.208170587,7.04169E-10,-12.05151253,1.246838953,0,0,0,0.00136806,0.09027114,-0.659674146,0,-11.16453794
10,14,10,0.224086369,1.19711E-09,-12.05151253,1.261645299,0,0,0,0.00154171,0.09134312,-0.658787637,0,-11.13168367
10,14,11,0,0,-12.05151253,0,0,0,0,0,0,-0.671269248,0,-12.72278178
10,14,12,0,0,-12.05151253,0,0,0,0,0,0,-0.671269248,0,-12.72278178
10,14,13,0,0,-12.05151253,0,0,0,0,0,0,-0.671269248,0,-12.72278178
10,14,14,0,0,-12.05151253,0,0,0,0,0,0,-0.671269248,0,-12.72278178
10,14,15,0.555051813,3.20679E-09,-12.05151253,2.778640549,0,0,0,0.002451045,0.201173576,-0.640352862,0,-9.154548411
10,14,16,11.5883099,32.791465,-12.05151253,42.88461846,0,0,0,0.014935455,3.104846376,1.800684214,0,80.13334687
10,14,17,28.37207673,91.64659675,-12.05151253,91.97812649,0,0,0,0.022517502,6.659216358,6.013770865,0,212.6407922
10,14,18,28.99433954,95.06759558,-12.05151253,94.27537104,0,0,0,0.021409223,6.825536863,6.238980538,0,219.3717203
10,14,19,26.95014075,87.02703738,-12.05151253,87.8705682,0,0,0,0.020844213,6.361829138,5.677259574,0,201.8561667
10,14,20,24.63005295,78.72448489,-12.05151253,80.2544795,0,0,0,0.020610831,5.810424316,5.085578509,0,182.4741185
10,14,21,23.75773156,77.0065764,-12.05151253,76.81876457,0,0,0,0.018462115,5.561678555,4.941302706,0,176.0530034
10,14,22,21.67536256,69.67316535,-12.05151253,70.77013353,0,0,0,0.018169721,5.123757668,4.416843756,0,159.6259201
10,14,23,21.37424187,65.57278665,-12.05151253,71.13894288,0,0,0,0.01901394,5.150459464,4.17168024,0,155.3756125
10,15,0,21.31945881,66.59423552,-12.05151253,70.86457819,0,0,0,0.017877275,5.130595461,4.225523526,0,156.1007562
10,15,1,25.42628551,83.89361644,-12.05151253,80.33052029,0,0,0,0.016703383,5.815929669,5.41784929,0,188.849392
10,15,2,24.06269282,79.15184095,-12.05151253,75.89463765,0,0,0,0.016213694,5.494771766,5.077780283,0,177.6464246
10,15,3,23.38962963,75.92580848,-12.05151253,74.27598549,0,0,0,0.016743227,5.377581349,4.860600655,0,171.7948363
10,15,4,24.9859791,80.30894603,-12.05151253,79.32291201,0,0,0,0.018294758,5.74297883,5.193658082,0,183.5212563
10,15,5,24.13051891,75.08743623,-12.05151253,80.65239371,0,0,0,0.022379686,5.839233305,4.855170853,0,178.5356202
10,15,6,23.52833313,75.99618421,-12.05151253,78.04149238,0,0,0,0.017714417,5.650204048,4.872246368,0,176.054662
10,15,7,9.935686764,24.10692579,-12.05151253,37.761765,0,0,0,0.01531594,2.733951786,1.224904271,0,63.72703701
10,15,8,4.711285644,3.468952976,-12.05151253,20.43028692,0,0,0,0.013315945,1.479152773,-0.215629957,0,17.83585176
10,15,9,3.563998725,0.114612887,-12.05151253,15.77692529,0,0,0,0.011481778,1.142249391,-0.466370581,0,8.091384952
10,15,10,3.192839029,0.108143963,-12.05151253,14.23968425,0,0,0,0.011066806,1.03095314,-0.487404496,0,6.043770158
10,15,11,2.76537997,0.046558743,-12.05151253,12.52534533,0,0,0,0.010588005,0.906835002,-0.514644262,0,3.688550256
10,15,12,2.695956406,0.012835144,-12.05151253,12.2521736,0,0,0,0.010325337,0.887057369,-0.520389559,0,3.28644576
10,15,13,2.503921483,6.64565E-09,-12.05151253,11.40253988,0,0,0,0.010313965,0.825543887,-0.531800821,0,2.159005863
10,15,14,4.309177306,2.249085048,-12.05151253,18.7902334,0,0,0,0.012172432,1.360412898,-0.305974035,0,14.36359452
10,15,15,6.571626872,11.80937126,-12.05151253,27.22365883,0,0,0,0.013983224,1.970992899,0.352552348,0,35.8906729
10,15,16,25.74534901,82.16448133,-12.05151253,84.96606454,0,0,0,0.02220928,6.151543072,5.339308302,0,192.337443
10,15,17,24.0002447,74.70882294,-12.05151253,78.50053474,0,0,0,0.022725339,5.683438715,4.826825819,0,175.6910797
10,15,18,26.01072981,83.53382899,-12.05151253,96.31241785,0,0,0,0.020397591,6.973019052,5.430362677,0,206.2292434
10,15,19,21.84165666,68.00402652,-12.05151253,72.84844676,0,0,0,0.020161987,5.274227546,4.333135305,0,160.2701423
10,15,20,21.37608465,67.21023845,-12.05151253,70.64286152,0,0,0,0.018554839,5.114543174,4.262988948,0,156.573759
10,15,21,22.67452404,70.27195635,-12.05151253,74.61114129,0,0,0,0.022439923,5.401846629,4.50584971,0,165.4362454
10,15,22,27.8088967,89.76045375,-12.05151253,92.6320467,0,0,0,0.022974839,6.706560181,5.877343572,0,210.7567632
10,15,23,26.48391305,85.12860529,-12.05151253,87.18742814,0,0,0,0.022091269,6.312369797,5.545548023,0,198.628443
10,16,0,25.2740667,81.41710568,-12.05151253,82.26784631,0,0,0,0.019501779,5.956192073,5.271429053,0,188.1546291
10,16,1,24.36964739,79.70698281,-12.05151253,77.25751236,0,0,0,0.016349612,5.593443895,5.125799054,0,180.0182226
10,16,2,22.24965398,73.62544105,-12.05151253,70.46212667,0,0,0,0.015470813,5.101457971,4.668973545,0,164.0716115
10,16,3,21.5794586,70.41370181,-12.05151253,69.00243284,0,0,0,0.015901994,4.995776137,4.452749787,0,158.4085086
10,16,4,22.6570536,73.34877913,-12.05151253,72.58496457,0,0,0,0.01700686,5.255151435,4.676255635,0,166.4876987
10,16,5,21.0911883,63.10961737,-12.05151253,70.73832448,0,0,0,0.018523596,5.121454693,4.018715627,0,152.0463115
10,16,6,17.0393569,52.49949127,-12.05151253,56.72588942,0,0,0,0.015558017,4.106954394,3.202044594,0,121.5377821
10,16,7,10.01982358,26.66988385,-12.05151253,37.82246092,0,0,0,0.014172783,2.73834617,1.372347456,0,66.58552222
10,16,8,6.617884903,11.99155496,-12.05151253,27.42443754,0,0,0,0.013913959,1.985529278,0.365276552,0,36.34708466
10,16,9,5.768238688,8.977999296,-12.05151253,24.14175457,0,0,0,0.012767802,1.747863031,0.150096208,0,28.74720706
10,16,10,5.435894747,7.432080155,-12.05151253,22.92798767,0,0,0,0.012705645,1.659986307,0.045476954,0,25.46261894
10,16,11,5.587023597,8.614737905,-12.05151253,23.33386994,0,0,0,0.012515104,1.689372183,0.119768868,0,27.30577506
10,16,12,4.999419245,6.015724509,-12.05151253,21.30310373,0,0,0,0.012327842,1.54234471,-0.057725741,0,21.76368176
10,16,13,4.955008457,5.454551047,-12.05151253,21.02351582,0,0,0,0.012371679,1.522102546,-0.091456784,0,20.82458023
10,16,14,4.137433294,1.814529324,-12.05151253,18.08925547,0,0,0,0.012349249,1.309662096,-0.33974493,0,12.97197197
10,16,15,6.050320785,10.50240362,-12.05151253,25.2324289,0,0,0,0.01386169,1.826827852,0.250717501,0,31.82504781
10,16,16,22.26207713,70.62358361,-12.05151253,73.9718369,0,0,0,0.020762265,5.355560992,4.502462055,0,164.6847704
10,16,17,28.74786717,91.3439319,-12.05151253,96.34356066,0,0,0,0.025790606,6.975273791,6.01784396,0,217.4027555
10,16,18,26.46984645,81.61618968,-12.05151253,88.71044184,0,0,0,0.022680763,6.422635989,5.349122964,0,196.5394052
10,16,19,21.00187297,64.10401191,-12.05151253,70.76843839,0,0,0,0.021234094,5.12363494,4.06912854,0,153.0368083
10,16,20,23.73353031,74.36865634,-12.05151253,77.39582983,0,0,0,0.020589519,5.603458079,4.793022548,0,173.8635741
10,16,21,23.84880983,76.50690103,-12.05151253,76.61905539,0,0,0,0.018946337,5.54721961,4.918543847,0,175.4079635
10,16,22,25.15330651,78.10006886,-12.05151253,83.16891066,0,0,0,0.023620462,6.021429132,5.07994376,0,185.4957669
10,16,23,26.10339657,83.58981437,-12.05151253,85.83918745,0,0,0,0.022226364,6.214757171,5.438642601,0,195.156512
10,17,0,25.90085413,82.58567845,-12.05151253,84.70354592,0,0,0,0.021930557,6.132536725,5.371430616,0,192.6644639
10,17,1,24.18845537,77.27739078,-12.05151253,78.0192942,0,0,0,0.020283339,5.6485969,4.980378382,0,178.0828864
10,17,2,22.45276303,73.0084382,-12.05151253,71.3078905,0,0,0,0.017320879,5.162691272,4.64591966,0,164.543511
10,17,3,22.08805973,71.48194184,-12.05151253,70.44209501,0,0,0,0.01743292,5.100007679,4.540579839,0,161.6186045
10,17,4,22.8753689,73.06734211,-12.05151253,73.16384457,0,0,0,0.018674312,5.297062347,4.672739755,0,167.0435195
10,17,5,23.30350514,73.51270348,-12.05151253,77.00566709,0,0,0,0.022371039,5.575210298,4.721393572,0,172.0893381
10,17,6,16.31941483,50.81354063,-12.05151253,54.87419465,0,0,0,0.015616304,3.972891692,3.068036371,0,117.0121819
10,17,7,6.882557982,12.77127049,-12.05151253,27.67950152,0,0,0,0.013751832,2.00399591,0.423448997,0,37.7230142
10,17,8,4.471476176,6.2257481,-12.05151253,18.83574529,0,0,0,0.01273381,1.363707959,-0.075433856,0,18.78246495
10,17,9,3.720229494,3.418479521,-12.05151253,16.00687597,0,0,0,0.012038945,1.15889782,-0.273643156,0,11.99136606
10,17,10,2.879226513,7.82816E-09,-12.05151253,13.06701511,0,0,0,0.011926766,0.946051894,-0.510896331,0,4.341811429
10,17,11,2.80076807,7.14895E-09,-12.05151253,12.73027696,0,0,0,0.011771355,0.921672052,-0.515266466,0,3.897709438
10,17,12,2.761540688,6.91192E-09,-12.05151253,12.56104105,0,0,0,0.011710952,0.909419372,-0.517451431,0,3.674748109
10,17,13,2.904994531,0.017370324,-12.05151253,13.21211978,0,0,0,0.012039198,0.956557472,-0.508493526,0,4.543075245
10,17,14,3.810250597,1.429363429,-12.05151253,16.79142001,0,0,0,0.012510137,1.215698808,-0.379422747,0,10.8283077
10,17,15,6.452142316,10.98767044,-12.05151253,26.82924889,0,0,0,0.014861978,1.94243762,0.300128322,0,34.47497703
10,17,16,23.7804412,74.59987065,-12.05151253,79.24286343,0,0,0,0.023221427,5.737183312,4.808514122,0,176.1405816
10,17,17,30.04441201,94.4228399,-12.05151253,99.7071661,0,0,0,0.026525985,7.218798825,6.261556684,0,225.629787
10,17,18,23.75517604,74.52293589,-12.05151253,77.20369017,0,0,0,0.021915306,5.589547168,4.802821586,0,173.8445736
10,17,19,24.43862235,77.13706833,-12.05151253,79.55103011,0,0,0,0.021055688,5.75949458,4.986496723,0,179.8422552
10,17,20,21.79113148,67.65797434,-12.05151253,72.53206922,0,0,0,0.019944689,5.251321812,4.311045946,0,159.5119749
10,17,21,22.86776477,73.18864472,-12.05151253,74.04190113,0,0,0,0.018717999,5.360633642,4.67907276,0,168.1052225
10,17,22,22.1419503,69.10262792,-12.05151253,72.48852097,0,0,0,0.021312323,5.248168918,4.411053759,0,161.3621217
10,17,23,22.47912328,69.88446528,-12.05151253,73.2074147,0,0,0,0.02114569,5.300216824,4.473382635,0,163.3142359
10,18,0,21.84582875,68.01159441,-12.05151253,71.04286869,0,0,0,0.020547039,5.143503693,4.333789222,0,158.3466193
10,18,1,21.5624965,67.1625716,-12.05151253,69.44741837,0,0,0,0.01964936,5.02799309,4.270717045,0,155.4393334
10,18,2,20.80526696,65.30531598,-12.05151253,66.86717425,0,0,0,0.017816474,4.841183416,4.125090222,0,149.9103348
10,18,3,20.38031598,63.59718667,-12.05151253,65.86731406,0,0,0,0.017995867,4.768793538,4.006277649,0,146.5863712
10,18,4,20.44868351,63.60779349,-12.05151253,66.10717392,0,0,0,0.017701283,4.786159392,4.010676521,0,146.9266756
10,18,5,21.0963827,66.26200717,-12.05151253,67.68414613,0,0,0,0.017346797,4.90033218,4.194593068,0,152.1032955
10,18,6,16.21893287,48.91890268,-12.05151253,55.00586097,0,0,0,0.016265972,3.982424335,2.956908192,0,115.0477825
10,18,7,13.8215996,40.53940191,-12.05151253,46.33767976,0,0,0,0.014239314,3.354848015,2.356638536,0,94.3728946
10,18,8,11.95276492,32.28109877,-12.05151253,41.28756423,0,0,0,0.01404183,2.98921965,1.792556959,0,78.26573382
10,18,9,11.440778,31.96855774,-12.05151253,41.32773788,0,0,0,0.014188646,2.992128223,1.746630752,0,77.4385087
10,18,10,8.577894096,20.2702405,-12.05151253,32.8453131,0,0,0,0.013545753,2.378000669,0.935571849,0,52.96905344
10,18,11,8.621383433,19.70355538,-12.05151253,32.66404821,0,0,0,0.013689021,2.36487709,0.906429844,0,52.22247043
10,18,12,8.03284078,17.13305064,-12.05151253,30.8699562,0,0,0,0.013535031,2.234984829,0.730470904,0,46.96332585
10,18,13,6.356794668,10.46264756,-12.05151253,26.1212079,0,0,0,0.013632289,1.891175452,0.265573684,0,33.05951902
10,18,14,6.597504265,11.34437965,-12.05151253,26.87671639,0,0,0,0.01373336,1.945874267,0.328093686,0,35.05478908
10,18,15,9.383779267,20.20885055,-12.05151253,36.02483821,0,0,0,0.016493905,2.608198286,0.977040233,0,57.16768791
10,18,16,28.46161932,90.61338619,-12.05151253,92.58656246,0,2501.097285,0,0.02314518,6.703267122,5.961208559,0,2713.394961
10,18,17,17.90141254,51.43841383,-12.05151253,64.93720637,0,2531.290802,0,0.023977298,4.701453741,3.190959081,0,2661.432713
10,18,18,17.85408346,52.27404919,-12.05151253,64.54155366,0,0,0,0.023093866,4.672808485,3.23486774,0,130.5489439
10,18,19,26.29949187,85.15115501,-12.05151253,91.3143578,0,0,0,0.020621779,6.611159505,5.536531783,0,202.8818052
10,18,20,24.51126215,78.76229527,-12.05151253,79.13230908,0,0,0,0.019953399,5.729179177,5.0810679,0,181.1845544
10,18,21,25.36890923,75.90553702,-12.05151253,84.09756317,0,0,0,0.025342536,6.088663573,4.969717408,0,184.4042204
10,18,22,25.30861226,76.95216537,-12.05151253,82.72565104,0,0,0,0.023419575,5.989337135,5.024656066,0,183.9723289
10,18,23,23.36542279,72.99739067,-12.05151253,76.12360077,0,0,0,0.021222818,5.511348696,4.696139462,0,170.6636127
10,19,0,22.29375331,69.82822676,-12.05151253,77.85664529,0,0,0,0.021878327,5.636821119,4.459925042,0,168.0457373
10,19,1,25.58467973,82.42432315,-12.05151253,82.95910397,0,0,0,0.019410349,6.006239127,5.344832212,0,190.287076
10,19,2,26.25936496,84.77359951,-12.05151253,84.58664163,0,0,0,0.018713537,6.124072854,5.513266873,0,195.2241468
10,19,3,25.56531301,82.28466244,-12.05151253,81.5261174,0,0,0,0.01850701,5.9024909,5.335974384,0,188.5815526
10,19,4,25.23100809,80.34273605,-12.05151253,80.93746522,0,0,0,0.019865157,5.859872482,5.2091883,0,185.5486228
10,19,5,27.65674221,89.24108209,-12.05151253,89.13422649,0,0,0,0.021548258,6.453317998,5.839939566,0,206.2953441
10,19,6,21.04187706,66.85483308,-12.05151253,68.88812822,0,0,0,0.018677645,4.987500483,4.224577507,0,153.9640815
10,19,7,15.06319691,45.437054,-12.05151253,50.23610396,0,0,0,0.014576476,3.637093927,2.698594728,0,105.0351075
10,19,8,10.3674085,27.78588379,-12.05151253,38.65052976,0,0,0,0.014301411,2.798298355,1.453869133,0,69.01877842
10,19,9,10.04896771,26.74765409,-12.05151253,37.34641176,0,0,0,0.013779013,2.703880212,1.378302586,0,66.18748284
10,19,10,9.591649615,25.02904542,-12.05151253,35.91008661,0,0,0,0.013421513,2.59989027,1.257103465,0,62.34968436
10,19,11,9.067364547,22.793232,-12.05151253,34.23920084,0,0,0,0.013176147,2.47891814,1.103365979,0,57.64374511
10,19,12,8.132305244,18.40998184,-12.05151253,31.21771972,0,0,0,0.013166682,2.260162907,0.807136142,0,48.78896
10,19,13,7.500469682,15.4166118,-12.05151253,29.10925233,0,0,0,0.01310541,2.107509869,0.60521219,0,42.70064875
10,19,14,7.756933989,16.30127272,-12.05151253,30.02627848,0,0,0,0.013344162,2.173902562,0.668772866,0,44.88899225
10,19,15,8.81862262,20.36975678,-12.05151253,33.65874033,0,0,0,0.014240611,2.4368928,0.954523485,0,54.20126409
10,19,16,24.7336691,78.31500548,-12.05151253,82.69055163,0,0,0,0.021125887,5.986795938,5.068541926,0,184.7641774
10,19,17,18.00522991,51.40256882,-12.05151253,65.31086853,0,0,0,0.023894623,4.728506881,3.194745141,0,130.6143014
10,19,18,22.68533717,69.72227296,-12.05151253,76.30576048,0,0,0,0.023060024,5.524537059,4.475834636,0,166.6852898
10,19,19,22.99310685,71.7500481,-12.05151253,76.51925384,0,0,0,0.021173531,5.539993978,4.605924482,0,169.3779882
10,19,20,22.49618573,70.70748657,-12.05151253,74.18814309,0,0,0,0.020754496,5.37122156,4.520175299,0,165.2524542
10,19,21,21.37122381,66.11860534,-12.05151253,70.76335165,0,0,0,0.020515598,5.123266659,4.201914235,0,155.5473648
10,19,22,20.84335446,64.78405182,-12.05151253,68.96432069,0,0,0,0.018968639,4.993016818,4.098177282,0,151.6503772
10,19,23,20.5400965,63.51256388,-12.05151253,68.3110852,0,0,0,0.019543077,4.945722568,4.010463935,0,149.2879626
10,20,0,23.79226328,76.5949784,-12.05151253,78.40599034,0,0,0,0.019840777,5.676593701,4.920300113,0,177.3584541
10,20,1,24.06574924,77.58757981,-12.05151253,78.25637907,0,0,0,0.019164431,5.665761845,4.99082118,0,178.533943
10,20,2,23.29924256,74.81026409,-12.05151253,74.97460286,0,0,0,0.018654193,5.428161247,4.793430272,0,171.2728427
10,20,3,22.87110823,72.78495823,-12.05151253,73.6599431,0,0,0,0.018108197,5.33297988,4.656773654,0,167.2723588
10,20,4,23.48416492,74.66079128,-12.05151253,75.33331632,0,0,0,0.01957678,5.454132101,4.795404812,0,171.6958737
10,20,5,23.89599992,76.19160864,-12.05151253,76.64233676,0,0,0,0.019615572,5.548905181,4.903610548,0,175.1505641
10,20,6,16.77217719,52.19613344,-12.05151253,56.32681016,0,0,0,0.01576173,4.078061056,3.170265654,0,120.5076967
10,20,7,6.716861489,14.41729918,-12.05151253,26.2545917,0,0,0,0.012050078,1.900832439,0.505903501,0,37.75602586
10,20,8,4.870487106,6.193870501,-12.05151253,20.74885315,0,0,0,0.011819646,1.502216968,-0.054984529,0,21.2207503
10,20,9,4.60695969,4.636380206,-12.05151253,19.89528106,0,0,0,0.011805597,1.440418349,-0.156415216,0,18.38291715
10,20,10,4.746398681,5.807855656,-12.05151253,20.29731048,0,0,0,0.011780235,1.469525278,-0.083397282,0,20.19796051
10,20,11,4.613235964,5.306406574,-12.05151253,19.78887927,0,0,0,0.01161079,1.432714859,-0.118745159,0,18.98258977
10,20,12,3.968352173,2.995328541,-12.05151253,17.63006855,0,0,0,0.011255461,1.276416963,-0.283392232,0,13.54651692
10,20,13,3.657829625,2.952683467,-12.05151253,16.38921876,0,0,0,0.010929467,1.186579438,-0.303063669,0,11.84266455
10,20,14,4.810276332,6.035678278,-12.05151253,20.41390726,0,0,0,0.011988215,1.477966886,-0.067149576,0,20.63115486
10,20,15,5.999731698,9.528503664,-12.05151253,25.34498412,0,0,0,0.013969666,1.83497685,0.193653462,0,30.86430692
10,20,16,24.03225381,75.62915096,-12.05151253,80.01934654,0,0,0,0.021616807,5.793400689,4.879870998,0,178.3241273
10,20,17,24.71618188,75.77329217,-12.05151253,79.58929618,0,0,0,0.024817764,5.762265043,4.925994457,0,178.740335
10,20,18,24.54789754,78.90153688,-12.05151253,79.24247025,0,0,0,0.019682187,5.737154846,5.090864249,0,181.4880934
10,20,19,24.40559398,79.12806402,-12.05151253,77.14367866,0,0,0,0.018640852,5.585202335,5.095555502,0,179.3252228
10,20,20,23.31150204,74.8702908,-12.05151253,75.46549874,0,0,0,0.01937883,5.463702109,4.797456613,0,171.8763166
10,20,21,22.12914383,69.99079795,-12.05151253,72.20186994,0,0,0,0.019675497,5.227415383,4.459811509,0,161.9772016
10,20,22,21.917337,68.86173178,-12.05151253,71.79905857,0,0,0,0.019717618,5.198251841,4.385124883,0,160.1297092
10,20,23,21.17299887,66.5101398,-12.05151253,69.85756596,0,0,0,0.019056321,5.057687775,4.212681576,0,154.7786178
10,21,0,20.43446886,63.69102844,-12.05151253,67.60850632,0,0,0,0.018480823,4.894855857,4.014520951,0,148.6103487
10,21,1,20.1949243,63.28009019,-12.05151253,66.43358581,0,0,0,0.017296252,4.809791613,3.978289059,0,146.6624647
10,21,2,19.24027832,60.00310221,-12.05151253,64.07941866,0,0,0,0.016619842,4.639349911,3.742587048,0,139.6698435
10,21,3,18.78683305,58.84150896,-12.05151253,62.45623896,0,0,0,0.015497927,4.521831701,3.652629402,0,136.2230275
10,21,4,18.47518131,57.44228515,-12.05151253,61.39959964,0,0,0,0.015796965,4.445331014,3.557333633,0,133.2840152
10,21,5,19.08106192,59.46910698,-12.05151253,63.14396097,0,0,0,0.016423154,4.571622775,3.70397516,0,137.9346384
10,21,6,12.97882683,37.94012861,-12.05151253,45.84511499,0,0,0,0.014565575,3.319186326,2.16491657,0,90.21122637
10,21,7,4.106760603,2.872324107,-12.05151253,17.79722058,0,0,0,0.011281958,1.28851877,-0.28253423,0,13.74205926
10,21,8,0.42436715,0.946863662,-12.05151253,2.249881458,0,0,0,0.000739694,0.162891418,-0.594891692,0,-8.861660845
10,21,9,0.852595529,2.787337413,-12.05151253,3.701635492,0,0,0,0.000964218,0.26799841,-0.468524983,0,-4.909506456
10,21,10,0.36439805,0.718212043,-12.05151253,1.939437567,0,0,0,0.000533615,0.14041528,-0.610967866,0,-9.499483845
10,21,11,0.463340159,1.433027371,-12.05151253,2.347608049,0,0,0,0.000587939,0.169966823,-0.565641577,0,-8.202623771
10,21,12,0.141503623,0.006009059,-12.05151253,0.9634117,0,0,0,0.000376731,0.069751007,-0.663052792,0,-11.53351321
10,21,13,0.20390595,6.94854E-10,-12.05151253,1.184997757,0,0,0,0.000660517,0.085793838,-0.659911687,0,-11.23606616
10,21,14,0.417655398,0.019185032,-12.05151253,2.043799447,0,0,0,0.000371995,0.14797108,-0.646937236,0,-10.06946682
10,21,15,2.599833607,2.180345783,-12.05151253,11.6048821,0,0,0,0.009696579,0.840193464,-0.405013256,0,4.778425745
10,21,16,13.2660519,37.82989536,-12.05151253,49.93643271,0,0,0,0.018353963,3.615397728,2.174775014,0,94.78939414
10,21,17,25.22602001,83.03320946,-12.05151253,79.57498337,0,0,0,0.018627847,5.761228796,5.358769833,0,186.9213268
10,21,18,22.79704628,73.0014039,-12.05151253,72.81862353,0,0,0,0.018404101,5.272068344,4.664704427,0,166.5207381
10,21,19,22.82851321,73.41693112,-12.05151253,73.183292,0,0,0,0.017823303,5.298470341,4.689602001,0,167.3831194
10,21,20,23.50200951,76.53077789,-12.05151253,75.0053706,0,0,0,0.017904958,5.430388831,4.90055701,0,173.3354963
10,21,21,22.42897582,71.14265048,-12.05151253,72.8288057,0,0,0,0.0188333,5.272805533,4.540670337,0,164.1812286
10,21,22,22.97297251,72.4483039,-12.05151253,75.15785523,0,0,0,0.020205242,5.441428719,4.643695848,0,168.6329489
10,21,23,20.6957447,64.18902329,-12.05151253,68.61058995,0,0,0,0.019125587,4.967406712,4.056812329,0,150.48719
10,22,0,19.76203941,60.97757984,-12.05151253,65.74828647,0,0,0,0.018423727,4.760175941,3.825927544,0,143.0409204
10,22,1,20.23652745,63.36795768,-12.05151253,66.24178873,0,0,0,0.017241765,4.795905504,3.985500574,0,146.5934092
10,22,2,20.06296018,63.50675425,-12.05151253,65.18633643,0,0,0,0.016031018,4.719490758,3.983563846,0,145.423624
10,22,3,20.41012708,64.73979096,-12.05151253,65.82527215,0,0,0,0.016018397,4.765749703,4.071581186,0,147.7770269
10,22,4,21.43563383,68.37073688,-12.05151253,69.01715066,0,0,0,0.017770641,4.996841708,4.3309456,0,156.1175668
10,22,5,16.87808234,51.95385903,-12.05151253,56.8815747,0,0,0,0.016276112,4.118226009,3.162669886,0,120.9591755
10,22,6,17.15150029,54.11489701,-12.05151253,56.36531634,0,0,0,0.014868087,4.080848903,3.298269082,0,122.9741872
10,22,7,13.56763691,39.64692045,-12.05151253,46.70588064,0,0,0,0.014405978,3.381505758,2.292781597,0,93.5576188
10,22,8,9.480622123,23.74096497,-12.05151253,36.49815643,0,0,0,0.014261879,2.642466525,1.179173153,0,61.50413255
10,22,9,7.636094854,14.31599709,-12.05151253,30.28246669,0,0,0,0.013932786,2.192450589,0.551462273,0,42.94089175
10,22,10,4.450882943,1.152704223,-12.05151253,19.50732588,0,0,0,0.013271078,1.412330393,-0.359149443,0,14.12585254
10,22,11,4.610274889,1.965266478,-12.05151253,20.10806774,0,0,0,0.013199897,1.455824105,-0.305011594,0,15.79610898
10,22,12,3.717685339,0.070055681,-12.05151253,16.57881641,0,0,0,0.012784046,1.200306308,-0.460292073,0,9.067843182
10,22,13,3.459571622,0.042122129,-12.05151253,15.52610003,0,0,0,0.012575174,1.124089642,-0.476224906,0,7.636721162
10,22,14,3.486482876,0.049913778,-12.05151253,15.62083267,0,0,0,0.012497487,1.130948285,-0.474291954,0,7.774870607
10,22,15,3.883843679,0.121204883,-12.05151253,17.16955664,0,0,0,0.01259171,1.243075901,-0.448188043,0,9.93057224
10,22,16,13.93737776,40.13580586,-12.05151253,51.35768581,0,0,0,0.017199814,3.718296452,2.34060708,0,99.45546024
10,22,17,25.19060446,84.00492503,-12.05151253,79.06145591,0,0,2984.773891,0.017504346,5.724049408,5.410921744,0,3172.13184
10,22,18,25.35001783,84.78939216,-12.05151253,80.18353179,0,0,2952.055347,0.017416594,5.805287702,5.463495888,0,3141.612977
10,22,19,24.94115848,82.90019914,-12.05151253,78.62357201,0,0,2922.901173,0.017848633,5.692346614,5.335494371,0,3108.360279
10,22,20,18.73181564,58.35204742,-12.05151253,61.98770779,0,0,0,0.017769077,4.487910044,3.622301924,0,135.1480394
10,22,21,20.87582996,64.55213554,-12.05151253,68.11790698,0,0,0,0.018659183,4.931736465,4.08706843,0,150.531824
10,22,22,20.28977352,62.60820946,-12.05151253,66.793677,0,0,0,0.018014924,4.835862215,3.946148404,0,146.440173
10,22,23,19.3057825,59.4991446,-12.05151253,63.85280091,0,0,0,0.017053048,4.622942786,3.718165191,0,138.9643765
10,23,0,18.63978971,58.30804814,-12.05151253,61.77312191,0,0,0,0.017606981,4.472374026,3.61472532,0,134.7741536
10,23,1,17.02919891,52.16566107,-12.05151253,57.07653855,0,0,0,0.01685705,4.132341391,3.182884453,0,121.5519689
10,23,2,22.08221452,69.54887864,-12.05151253,70.61146817,0,0,0,0.017682959,5.112270296,4.432582641,0,159.7535847
10,23,3,16.17113938,48.76905043,-12.05151253,54.05101573,0,0,0,0.016126803,3.913293539,2.945899325,0,113.8150127
10,23,4,14.58532614,42.24792389,-12.05151253,49.48775712,0,0,0,0.01623152,3.582913615,2.494342778,0,100.3629825
10,23,5,15.66121005,48.02335305,-12.05151253,52.43177714,0,0,0,0.016530927,3.796060665,2.875960917,0,110.7533802
10,23,6,12.25215145,34.54269294,-12.05151253,42.88392861,0,0,0,0.015058869,3.104796431,1.935203584,0,82.68231935
10,23,7,5.050517825,6.693865427,-12.05151253,20.49527196,0,0,0,0.012592519,1.48385769,-0.017107101,0,21.66748579
10,23,8,3.528955496,3.529527462,-12.05151253,15.35952373,0,0,0,0.01104806,1.112029518,-0.278111747,0,11.21145998
10,23,9,3.396421195,2.515578268,-12.05151253,15.24547952,0,0,0,0.011097374,1.103772717,-0.341970878,0,9.878865662
10,23,10,3.859206614,5.673385713,-12.05151253,15.81797515,0,0,0,0.01075164,1.145221401,-0.140303856,0,14.31472413
10,23,11,2.571803354,1.590993076,-12.05151253,11.64684581,0,0,0,0.010456419,0.843231637,-0.439401487,0,4.172416274
10,23,12,2.537158708,0.45398953,-12.05151253,11.51753793,0,0,0,0.010480384,0.833869746,-0.504662291,0,2.796861472
10,23,13,2.090619154,5.87835E-09,-12.05151253,9.662758061,0,0,0,0.010266435,0.699583684,-0.554821761,0,-0.143106955
10,23,14,1.478520866,7.16127E-10,-12.05151253,6.982060447,0,0,0,0.009138341,0.505501176,-0.588915636,0,-3.66520734
10,23,15,1.535563737,-1.49041E-10,-12.05151253,7.278619855,0,0,0,0.009117604,0.526972078,-0.585738348,0,-3.286977608
10,23,16,14.44728594,43.50534171,-12.05151253,53.09244613,0,0,0,0.017966212,3.8438931,2.556692112,0,105.4121127
10,23,17,26.09537892,89.39563403,-12.05151253,82.80133382,0,0,0,0.018636735,5.994816569,5.761580173,0,198.0158677
10,23,18,23.69697296,77.7539493,-12.05151253,75.90868734,0,0,0,0.018378247,5.495788963,4.979547122,0,175.8018114
10,23,19,24.98712781,84.54824184,-12.05151253,80.49563371,0,0,0,0.018482929,5.82788388,5.429850842,0,189.2557085
10,23,20,20.96190796,66.80362685,-12.05151253,67.74871645,0,0,0,0.018467071,4.905007071,4.217271041,0,152.6034839
10,23,21,21.66338542,64.52076275,-12.05151253,71.53547461,0,0,0,0.021870326,5.179168362,4.129187805,0,154.9983367
10,23,22,21.82226166,65.37598529,-12.05151253,72.18493236,0,0,0,0.020585428,5.226189103,4.185673107,0,156.7641144
10,23,23,19.9429705,62.4594166,-12.05151253,65.00665425,0,0,0,0.01827987,4.706481768,3.918543714,0,144.0008342
10,24,0,18.72831201,59.21102392,-12.05151253,61.32299479,0,0,0,0.016761163,4.439784823,3.669951763,0,135.3373159
10,24,1,17.41224534,55.16463923,-12.05151253,57.22663929,0,0,0,0.01576315,4.143208685,3.371263222,0,125.2822464
10,24,2,17.893487,52.83451675,-12.05151253,60.11036501,0,0,0,0.018509858,4.351990427,3.26828056,0,126.4256371
10,24,3,23.06089271,77.72824907,-12.05151253,71.76408371,0,0,0,0.01627073,5.19571966,4.942685949,0,170.6563893
10,24,4,18.90545347,60.39522179,-12.05151253,61.29591198,0,0,0,0.016567476,4.437824028,3.745778363,0,136.7452446
10,24,5,19.26689875,60.31478985,-12.05151253,62.86890957,0,0,0,0.018444124,4.551709053,3.761430807,0,138.7306696
10,24,6,17.2515505,54.49081291,-12.05151253,56.39619724,0,0,0,0.015695851,4.08308468,3.324780393,0,123.510609
10,24,7,11.85924536,33.11114108,-12.05151253,39.840257,0,0,0,0.013066373,2.884434607,1.833581276,0,77.49021315
10,24,8,2.434707123,4.19087879,-12.05151253,9.671288801,0,0,0,0.005296336,0.700201309,-0.302224113,0,4.648635713
10,24,9,1.618379057,2.606091835,-12.05151253,7.434800749,0,0,0,0.002646811,0.538279574,-0.43596622,0,-0.287280729
10,24,10,1.510698067,1.939466301,-12.05151253,6.994177143,0,0,0,0.004738192,0.506378425,-0.479095093,0,-1.575149499
10,24,11,0.792241613,0.188396134,-12.05151253,3.874114168,0,0,0,0.002294296,0.280485866,-0.616647726,0,-7.530628183
10,24,12,0.082796914,-7.76941E-11,-12.05151253,0.617738088,0,0,0,0.000758272,0.044724238,-0.66665746,0,-11.97215248
10,24,13,0.320235055,2.5316E-09,-12.05151253,1.67266352,0,0,0,0.001472466,0.121100839,-0.653432155,0,-10.58947281
10,24,14,0.01952906,-2.28225E-10,-12.05151253,0.176281082,0,0,0,0.000367238,0.01276275,-0.67018148,0,-12.51275388
10,24,15,0.364907918,3.1878E-10,-12.05151253,1.741540117,0,0,0,0.000604073,0.126087504,-0.650943877,0,-10.4693168
10,24,16,12.31020481,35.97037038,-12.05151253,45.06926779,0,0,0,0.015897726,3.263014988,2.01795879,0,86.59520195
10,24,17,25.65499718,85.44902079,-12.05151253,83.13470341,0,0,0,0.018627755,6.018952527,5.517224553,0,193.7420137
10,24,18,20.99399373,66.96670519,-12.05151253,67.24282514,0,0,0,0.017898177,4.86838054,4.228141682,0,152.2664319
10,24,19,20.71512881,65.32673579,-12.05151253,66.59941368,0,0,0,0.018028259,4.821797551,4.12126261,0,149.5508542
10,24,20,19.59039549,61.0591157,-12.05151253,63.44733276,0,0,0,0.01794492,4.593586892,3.820908525,0,140.4777717
10,24,21,20.18040617,61.23963756,-12.05151253,66.0894745,0,0,0,0.020986416,4.784877954,3.863827187,0,144.1276973
10,24,22,22.43799002,70.2678345,-12.05151253,74.92345056,0,0,0,0.02104874,5.42445782,4.492445177,0,165.5157143
10,24,23,18.57542486,56.77712335,-12.05151253,61.04063518,0,0,0,0.017985632,4.419341987,3.525867687,0,132.3048662
10,25,0,19.89080784,62.34270415,-12.05151253,64.45851162,0,0,0,0.016854013,4.666796241,3.90913737,0,143.2332987
10,25,1,18.35354764,56.44874299,-12.05151253,60.27802176,0,0,0,0.016829796,4.364128775,3.49521834,0,130.9049768
10,25,2,17.45299481,53.10073734,-12.05151253,58.10356166,0,0,0,0.017206774,4.206697864,3.258573633,0,124.0882595
10,25,3,24.64300873,81.6542982,-12.05151253,77.60095896,0,0,0,0.01693478,5.618309428,5.249490748,0,182.7314883
10,25,4,20.26030736,65.16889402,-12.05151253,65.53665293,0,0,0,0.016308973,4.744853672,4.087137269,0,147.7626417
10,25,5,20.46673043,65.50024102,-12.05151253,66.32346007,0,0,0,0.01659399,4.801818509,4.117091061,0,149.1744225
10,25,6,18.24464274,59.35613574,-12.05151253,59.69916914,0,0,0,0.014730808,4.322219846,3.651094113,0,133.2364798
10,25,7,12.08827684,35.74280739,-12.05151253,40.1630523,0,0,0,0.011800228,2.907804986,1.992922143,0,80.85515135
10,25,8,4.658964475,8.431700539,-12.05151253,18.16208583,0,0,0,0.00631992,1.314935014,0.057880793,0,20.58037403
10,25,9,5.086758147,11.36679942,-12.05151253,18.77161004,0,0,0,0.003979457,1.359064567,0.245193908,0,24.781893
10,25,10,4.093796972,8.406884152,-12.05151253,15.60091033,0,0,0,0.004202757,1.129505908,0.02501869,0,17.20880628
10,25,11,2.724895542,4.397772113,-12.05151253,11.31705468,0,0,0,0.00403093,0.819354759,-0.27453666,0,6.937058829
10,25,12,1.806250912,0.383674226,-12.05151253,8.138002876,0,0,0,0.003985314,0.589191408,-0.549290418,0,-1.679698216
10,25,13,1.322810136,0.262147989,-12.05151253,6.134981394,0,0,0,0.003273219,0.444172653,-0.582987081,0,-4.467114225
10,25,14,1.464153936,0.007214391,-12.05151253,6.871306952,0,0,0,0.006187734,0.497482623,-0.589314032,0,-3.794480931
10,25,15,2.31653136,0.725763434,-12.05151253,10.24370459,0,0,0,0.006040363,0.741644213,-0.501813428,0,1.480358001
10,25,16,20.52616582,66.02344973,-12.05151253,68.14863175,0,0,0,0.017205951,4.933960939,4.149544338,0,151.747446
10,25,17,27.56953249,89.50700001,-12.05151253,91.75271701,0,0,0,0.019274969,6.642896711,5.849893612,0,209.2898023
10,25,18,22.95776348,74.1915201,-12.05151253,76.90969056,0,0,0,0.019715341,5.568261597,4.739945847,0,172.3353844
10,25,19,26.89502634,90.91336398,-12.05151253,88.76287432,0,0,0,0.020095706,6.426432101,5.890658093,0,206.856938
10,25,20,17.43473966,52.03326936,-12.05151253,61.14502591,0,0,0,0.019751244,4.426899876,3.198098854,0,126.2062724
10,25,21,22.67821226,71.80244056,-12.05151253,73.07344617,0,0,0,0.018857752,5.290517503,4.591303114,0,165.4032648
10,25,22,22.34053995,70.8547231,-12.05151253,71.81125872,0,0,0,0.018784438,5.199135131,4.519706904,0,162.6926357
10,25,23,22.22146269,70.34957332,-12.05151253,71.61584752,0,0,0,0.018908742,5.18498736,4.484937458,0,161.8242046
10,26,0,19.39080387,60.0931876,-12.05151253,63.80509687,0,0,0,0.017026921,4.619489014,3.755989077,0,139.6300808
10,26,1,18.79055082,58.23092749,-12.05151253,61.94705545,0,0,0,0.015919458,4.484966814,3.618827093,0,135.0367346
10,26,2,25.58257412,84.04816954,-12.05151253,81.56053481,0,0,0,0.01720895,5.90498272,5.435163174,0,190.4971208
10,26,3,24.63084449,80.74396479,-12.05151253,78.36875862,0,0,0,0.017170462,5.673898124,5.198107629,0,182.5812316
10,26,4,19.49635461,59.75874836,-12.05151253,63.65032868,0,0,0,0.016848419,4.608283797,3.743239987,0,139.2222913
10,26,5,19.44019019,59.49063922,-12.05151253,64.3253427,0,0,0,0.018979256,4.657154811,3.72517795,0,139.6059716
10,26,6,17.96912605,56.15460807,-12.05151253,59.16418759,0,0,0,0.016259452,4.283487181,3.457422742,0,128.9935785
10,26,7,12.09299662,34.4853328,-12.05151253,40.8141134,0,0,0,0.012731557,2.95494181,1.923143701,0,80.23174736
10,26,8,4.502055096,6.53801604,-12.05151253,18.65093017,0,0,0,0.010949893,1.350327345,-0.056337286,0,18.94442873
10,26,9,3.830515689,4.479642618,-12.05151253,16.27282876,0,0,0,0.010571416,1.178152802,-0.20839343,0,13.51180532
10,26,10,3.22800663,2.513679519,-12.05151253,14.59636373,0,0,0,0.010457759,1.056776734,-0.35145733,0,9.002314511
10,26,11,3.342892396,3.779915311,-12.05151253,14.71585701,0,0,0,0.00974613,1.065428048,-0.274528859,0,10.5877975
10,26,12,2.757312731,2.563842665,-12.05151253,12.47963883,0,0,0,0.009551787,0.903525851,-0.374880893,0,6.287478434
10,26,13,2.188098608,0.112379837,-12.05151253,10.14880973,0,0,0,0.00964989,0.734773825,-0.543132599,0,0.599066762
10,26,14,2.280190556,0.037469699,-12.05151253,10.56844226,0,0,0,0.010112629,0.76515522,-0.542175572,0,1.067682261
10,26,15,2.782414239,1.711177303,-12.05151253,12.64778261,0,0,0,0.011116343,0.915699461,-0.420976199,0,5.595701224
10,26,16,22.99093437,73.13326775,-12.05151253,76.4884023,0,0,0,0.019931333,5.537760326,4.68284881,0,170.8016323
10,26,17,23.58244934,75.10843781,-12.05151253,75.01378973,0,0,0,0.018479544,5.430998377,4.825813166,0,171.9284554
10,26,18,17.950314,54.88869287,-12.05151253,60.80798092,0,0,0,0.017727092,4.402497819,3.385863434,0,129.4015636
10,26,19,22.24279475,71.06104657,-12.05151253,71.25870703,0,0,0,0.017150753,5.159130389,4.525754714,0,162.2130717
10,26,20,20.12521416,63.57954037,-12.05151253,65.63287319,0,0,0,0.0171571,4.751820019,3.991085579,0,146.0461779
10,26,21,19.2568594,58.99343193,-12.05151253,64.13316701,0,0,0,0.019246477,4.643241292,3.687271979,0,138.6817055
10,26,22,17.50363285,53.79809898,-12.05151253,58.92892508,0,0,0,0.015987724,4.266454176,3.300237215,0,125.7618235
10,26,23,16.94499394,51.61101328,-12.05151253,57.06713663,0,0,0,0.015655821,4.131660692,3.147300354,0,120.8662482
10,27,0,18.76484417,58.57026157,-12.05151253,62.35189644,0,0,0,0.016260595,4.514277302,3.636296142,0,135.8023237
10,27,1,17.86643422,55.49337885,-12.05151253,59.47006404,0,0,0,0.016020787,4.305632637,3.41487234,0,128.5148904
10,27,2,16.77884325,51.93466212,-12.05151253,55.9782258,0,0,0,0.015117918,4.052823548,3.156073001,0,119.8642331
10,27,3,17.6027622,54.72491618,-12.05151253,58.01240103,0,0,0,0.015235794,4.200097834,3.357382438,0,125.8612829
10,27,4,17.92579549,55.62161686,-12.05151253,59.25266771,0,0,0,0.01570387,4.289893142,3.42532162,0,128.4794862
10,27,5,17.57517082,55.63936312,-12.05151253,58.47044116,0,0,0,0.017238904,4.23325994,3.406780293,0,127.2907417
10,27,6,12.77932584,37.23076483,-12.05151253,44.85862064,0,0,0,0.014375396,3.247764134,2.114292802,0,88.19363111
10,27,7,3.104817285,1.345472277,-12.05151253,13.92883896,0,0,0,0.00735063,1.008447941,-0.42338812,0,6.92002644
10,27,8,0.242491582,0.497150257,-12.05151253,1.470785936,0,0,0,0.000677407,0.106484902,-0.630071198,0,-10.36399365
10,27,9,0.207421764,0.003565033,-12.05151253,1.257987224,0,0,0,0.000685404,0.091078275,-0.659517284,0,-11.15029212
10,27,10,0.238427201,0.018523809,-12.05151253,1.272476285,0,0,0,0.000324883,0.092127283,-0.656957077,0,-11.08659015
10,27,11,0.235496036,0.015612721,-12.05151253,1.263512213,0,0,0,0.000323277,0.091478284,-0.65728249,0,-11.10237249
10,27,12,0.131526673,-6.47171E-10,-12.05151253,0.847293007,0,0,0,0.001236493,0.061344014,-0.663943213,0,-11.67405556
10,27,13,0.183986154,1.47136E-09,-12.05151253,0.966030475,0,0,0,0.000503105,0.069940606,-0.661021219,0,-11.49207341
10,27,14,0,0,-12.05151253,0,0,0,0,0,0,-0.671269248,0,-12.72278178
10,27,15,2.944272306,0.304325308,-12.05151253,13.02736725,0,0,0,0.007371401,0.943181389,-0.490322361,0,4.684682762
10,27,16,15.60445594,43.22426889,-12.05151253,56.17671076,0,0,0,0.020546511,4.067193859,2.605490725,0,109.6471542
10,27,17,25.71081607,85.13605593,-12.05151253,81.75266958,0,0,0,0.019070654,5.918893277,5.502901522,0,191.9888945
10,27,18,25.34401898,82.34557122,-12.05151253,80.36392162,0,0,0,0.01879229,5.818347925,5.327040926,0,187.1661804
10,27,19,22.58899552,71.5271419,-12.05151253,73.43686209,0,0,0,0.019588817,5.316828815,4.570999606,0,165.4089042
10,27,20,21.7776202,69.97000892,-12.05151253,70.07149285,0,0,0,0.017788602,5.073176083,4.439073694,0,159.2976478
10,27,21,22.02961443,66.29840925,-12.05151253,72.69861614,0,0,0,0.022025013,5.263379809,4.248601671,0,158.5091338
10,27,22,23.25896426,73.51634936,-12.05151253,76.46224322,0,0,0,0.018416203,5.535866409,4.71911572,0,171.4594426
10,27,23,22.07828124,69.8218531,-12.05151253,71.18597804,0,0,0,0.017385113,5.15386481,4.447568235,0,160.653418
10,28,0,21.87906796,68.99014942,-12.05151253,70.57114018,0,0,0,0.017195642,5.109350549,4.39014616,0,158.9055374
10,28,1,21.72505319,68.96093203,-12.05151253,69.73347898,0,0,0,0.016761739,5.048703878,4.379940129,0,157.8133574
10,28,2,20.68704689,64.47086139,-12.05151253,66.5397669,0,0,0,0.016569313,4.817479124,4.072026243,0,148.5522373
10,28,3,20.93510569,64.4245033,-12.05151253,67.61650731,0,0,0,0.016503131,4.89543513,4.083260972,0,149.919803
10,28,4,20.8897995,67.61442235,-12.05151253,66.83936545,0,0,0,0.015812732,4.839170058,4.258415909,0,152.4054735
10,28,5,20.63152067,65.02729206,-12.05151253,66.03380543,0,0,0,0.015889811,4.780847513,4.099926621,0,148.5377696
10,28,6,18.52854487,58.25699903,-12.05151253,60.05568194,0,0,0,0.015488094,4.348031373,3.605685547,0,132.7589183
10,28,7,4.869328864,6.681759281,-12.05151253,19.61019189,0,0,0,0.007829485,1.419777893,-0.027873638,0,20.50950124
10,28,8,2.609795261,4.899827106,-12.05151253,11.16285482,0,0,0,0.005905846,0.808190689,-0.252983282,0,7.182077901
10,28,9,1.443939281,0.045697241,-12.05151253,6.600718823,0,0,0,0.003091852,0.477892043,-0.588296494,0,-4.068469789
10,28,10,0.96914445,0.052700793,-12.05151253,4.654821886,0,0,0,0.001908284,0.337009105,-0.614352468,0,-6.650280485
10,28,11,1.030289174,0.098341486,-12.05151253,4.7743719,0,0,0,0.001025431,0.345664526,-0.60840452,0,-6.410224539
10,28,12,0.832514147,0.027672472,-12.05151253,3.914701637,0,0,0,0.001088352,0.283424398,-0.623356853,0,-7.615468381
10,28,13,0.811670001,7.30185E-10,-12.05151253,3.815215773,0,0,0,0.001544937,0.276221622,-0.626059229,0,-7.772919429
10,28,14,0.642709917,0.009438972,-12.05151253,3.174979624,0,0,0,0.001841678,0.229868525,-0.634944555,0,-8.627618374
10,28,15,4.857888107,5.288842771,-12.05151253,20.75738387,0,0,0,0.012067304,1.502834592,-0.106096338,0,20.26140777
10,28,16,22.71653145,70.46239216,-12.05151253,76.53088522,0,0,0,0.022042946,5.54083609,4.518796797,0,167.7399721
10,28,17,24.801937,80.12445241,-12.05151253,77.86142394,0,0,0,0.017886459,5.637167093,5.173130642,0,181.564485
10,28,18,24.94516891,80.36975381,-12.05151253,78.88522487,0,0,0,0.017856918,5.71129028,5.194771947,0,183.0725542
10,28,19,25.18194126,80.86037733,-12.05151253,80.35160702,0,0,0,0.017623647,5.817456348,5.235287898,0,185.412781
10,28,20,19.67007621,60.31551879,-12.05151253,64.394556,0,0,0,0.017621591,4.662165854,3.783928393,0,140.7923543
10,28,21,22.57081096,67.09366199,-12.05151253,75.44862037,0,0,0,0.022747821,5.462480115,4.323041895,0,162.8698506
10,28,22,25.42532644,80.4183826,-12.05151253,83.48535026,0,0,0,0.02216829,6.044339359,5.224225345,0,188.5682798
10,28,23,22.61226588,69.7512824,-12.05151253,74.75420379,0,0,0,0.019990954,5.412204354,4.473380391,0,164.9718152
10,29,0,23.6310134,75.39618697,-12.05151253,77.33492704,0,0,0,0.019330676,5.599048718,4.844545812,0,174.7735401
10,29,1,26.17169164,86.41148937,-12.05151253,83.4248999,0,0,0,0.017808056,6.039962753,5.599613934,0,195.6139531
10,29,2,23.72555652,77.02196457,-12.05151253,75.20156881,0,0,0,0.016878859,5.444593582,4.940367676,0,174.2994175
10,29,3,22.63419482,73.28691713,-12.05151253,71.80480914,0,0,0,0.016448453,5.198668182,4.671536688,0,165.5610619
10,29,4,24.74436362,79.03846077,-12.05151253,79.28831845,0,0,0,0.019333125,5.740474256,5.10943407,0,181.8888718
10,29,5,26.60756205,84.57705359,-12.05151253,85.86916773,0,0,0,0.020889315,6.216927744,5.521713843,0,196.7618017
10,29,6,19.95033163,62.6917935,-12.05151253,65.43758102,0,0,0,0.016399424,4.737680865,3.931897122,0,144.714171
10,29,7,16.11378792,49.46950833,-12.05151253,54.26225297,0,0,0,0.014814941,3.928587115,2.981720353,0,114.7191591
10,29,8,9.89489471,24.70568214,-12.05151253,37.67677397,0,0,0,0.014534972,2.727798435,1.255982883,0,64.22415458
10,29,9,7.120432895,15.05469207,-12.05151253,28.89426034,0,0,0,0.013728128,2.091944449,0.563885212,0,41.68743056
10,29,10,7.013279687,14.20723463,-12.05151253,28.23153179,0,0,0,0.013496734,2.043962902,0.510713399,0,39.9687066
10,29,11,6.123048069,10.20675352,-12.05151253,25.15287096,0,0,0,0.013231579,1.821067858,0.2383007,0,31.50376016
10,29,12,5.672559286,8.049757089,-12.05151253,23.50218989,0,0,0,0.012982144,1.701558548,0.093063774,0,26.98059819
10,29,13,4.548371608,3.610967854,-12.05151253,19.55500241,0,0,0,0.01265929,1.415782175,-0.21679404,0,16.87447677
10,29,14,4.288620342,2.433170781,-12.05151253,18.71978168,0,0,0,0.01266232,1.355312194,-0.296865483,0,14.46116931
10,29,15,8.580145228,20.81188317,-12.05151253,33.70200542,0,0,0,0.014443322,2.440025192,0.965866733,0,54.46285653
10,29,16,29.17132428,93.49155906,-12.05151253,94.08953041,0,0,0,0.023296796,6.812082002,6.161053354,0,217.6973334
10,29,17,22.58744388,63.85254805,-12.05151253,79.18351943,0,0,0,0.026088613,5.732886807,4.143438302,0,163.4744126
10,29,18,17.14938084,50.0935153,-12.05151253,61.56688993,0,0,0,0.021120518,4.457442831,3.074160067,0,124.310997
10,29,19,17.47336583,51.43406842,-12.05151253,62.62836019,0,0,0,0.020625285,4.534293278,3.16687484,0,127.2060753
10,29,20,17.27101537,50.7800986,-12.05151253,61.32739591,0,0,0,0.020246688,4.440103464,3.1191778,0,124.9065253
10,29,21,24.64685943,74.78053563,-12.05151253,80.28882263,0,0,0,0.022140146,5.812910758,4.866836657,0,178.3665927
10,29,22,25.91773768,83.26010701,-12.05151253,85.44814526,0,0,0,0.021995352,6.186445716,5.409936701,0,194.1928552
10,29,23,25.51522358,81.77298267,-12.05151253,83.93785083,0,0,0,0.021648593,6.0771004,5.30468384,0,190.5779774
10,30,0,26.88218749,86.99114116,-12.05151253,88.02676585,0,0,0,0.020677057,6.373137847,5.671475158,0,201.913872
10,30,1,24.79086594,79.56495957,-12.05151253,80.59467797,0,0,0,0.019882483,5.835054685,5.141350233,0,183.8952783
10,30,2,23.7231954,76.54365792,-12.05151253,76.91529098,0,0,0,0.019052414,5.568667067,4.913594482,0,175.6319457
10,30,3,25.21275088,81.72788237,-12.05151253,80.21109181,0,0,0,0.01848201,5.807283047,5.285324024,0,186.2113016
10,30,4,26.0776677,83.42559874,-12.05151253,83.93554323,0,0,0,0.021526748,6.07693333,5.428062692,0,192.9138199
10,30,5,27.58866856,89.27345306,-12.05151253,89.22714069,0,0,0,0.02075647,6.460044986,5.837950926,0,206.3565021
10,30,6,21.95821429,69.48916651,-12.05151253,71.314218,0,0,0,0.018079919,5.163149383,4.422349862,0,160.3136654
10,30,7,16.96946438,52.41269697,-12.05151253,57.00073012,0,0,0,0.015406416,4.12685286,3.193317139,0,121.6669553
10,30,8,11.48515663,31.1634322,-12.05151253,42.17516309,0,0,0,0.01439818,3.053481808,1.70425715,0,77.54437652
10,30,9,9.492019032,25.10812066,-12.05151253,35.23735686,0,0,0,0.013066793,2.551184637,1.255958533,0,61.60619398
10,30,10,8.86301376,22.39875151,-12.05151253,32.99513531,0,0,0,0.012711864,2.388847797,1.070011077,0,55.67695878
10,30,11,9.022218793,22.95378825,-12.05151253,33.49688861,0,0,0,0.01280499,2.425174735,1.109794344,0,56.96915718
10,30,12,8.623848137,21.30306709,-12.05151253,32.15250167,0,0,0,0.012595605,2.327841121,0.99565993,0,53.36400101
10,30,13,7.467383442,16.02733495,-12.05151253,28.29508892,0,0,0,0.012449787,2.048564437,0.637386566,0,42.43669556
10,30,14,8.538793937,21.17262696,-12.05151253,31.97526406,0,0,0,0.012776799,2.315009118,0.983656896,0,52.94661523
10,30,15,10.88571744,30.68048904,-12.05151253,40.35594394,0,0,0,0.014418492,2.921770341,1.643968453,0,74.45079517
10,30,16,28.47430788,92.14786626,-12.05151253,92.92550507,0,0,0,0.023000242,6.727806567,6.047385852,0,214.2943593
10,30,17,22.64195688,68.0009283,-12.05151253,82.76939148,0,0,0,0.025744622,5.992503943,4.377539456,0,171.7565521
10,30,18,24.56491,74.59503956,-12.05151253,97.37384768,0,0,0,0.026187285,7.049866572,4.851939942,0,196.4102785
10,30,19,22.25869804,64.9144622,-12.05151253,80.1284762,0,0,0,0.024609635,5.801301677,4.184275777,0,165.260311
10,30,20,20.40705233,62.40801361,-12.05151253,70.51742886,0,0,0,0.021925009,5.105461849,3.941529925,0,150.3498991
10,30,21,22.77336743,70.02809884,-12.05151253,79.81949766,0,0,0,0.021428523,5.778931631,4.497772423,0,170.867584
10,30,22,22.10431542,69.43681844,-12.05151253,76.50477371,0,0,0,0.020238503,5.538945616,4.427571908,0,165.9811511
10,30,23,23.56491937,75.39341633,-12.05151253,79.21223109,0,0,0,0.020013632,5.734965531,4.84071005,0,176.7147435
10,31,0,21.15537669,65.12015818,-12.05151253,72.72019336,0,0,0,0.019962921,5.264941999,4.134278044,0,156.3633987
10,31,1,26.03780509,84.72774872,-12.05151253,82.88268808,0,0,0,0.01863252,6.000706617,5.498372099,0,193.1144406
10,31,2,25.3004483,82.0603166,-12.05151253,80.66192955,0,0,0,0.018115059,5.839923699,5.308725357,0,187.137946
10,31,3,25.14810626,81.09220894,-12.05151253,80.10385856,0,0,0,0.019153626,5.79951936,5.246316308,0,185.3576505
10,31,4,25.85788336,81.4461767,-12.05151253,83.4349638,0,0,0,0.021669047,6.040691379,5.305566897,0,190.0554386
10,31,5,24.71094576,79.83148453,-12.05151253,78.68494946,0,0,0,0.017918711,5.696790341,5.151744119,0,182.0423204
10,31,6,17.74752382,54.60731893,-12.05151253,60.38947014,0,0,0,0.016254571,4.372197638,3.358895493,0,128.4401481
10,31,7,19.2033804,60.73247263,-12.05151253,61.78951372,0,0,0,0.015014822,4.473560793,3.781157766,0,137.9435876
10,31,8,11.10132697,30.07184349,-12.05151253,39.36285145,0,0,0,0.013571225,2.849870445,1.622076346,0,72.97002739
10,31,9,5.544734005,7.248910091,-12.05151253,23.60770801,0,0,0,0.013087342,1.70919806,0.041336728,0,26.1134617
10,31,10,4.718083519,3.407625108,-12.05151253,19.90671891,0,0,0,0.012428177,1.441246449,-0.218667278,0,17.21592235
10,31,11,3.87436222,0.279639547,-12.05151253,17.15714176,0,0,0,0.012483783,1.242177064,-0.43989135,0,10.07440049
10,31,12,3.857773437,0.128341173,-12.05151253,17.0390033,0,0,0,0.012391245,1.233623839,-0.449242664,0,9.770377793
10,31,13,3.838317068,0.128341173,-12.05151253,16.96096976,0,0,0,0.012470412,1.227974211,-0.450326384,0,9.666233708
10,31,14,9.094281508,22.19847752,-12.05151253,34.51159303,0,0,0,0.013992338,2.498639335,1.07173743,0,57.33720862
10,31,15,12.98807159,37.6311486,-12.05151253,46.56317112,0,0,0,0.015550301,3.371173589,2.148221316,0,90.66582398
10,31,16,26.46942223,86.82287671,-12.05151253,86.35049609,0,0,0,0.019498204,6.251775917,5.639111802,0,199.5016684
10,31,17,21.77793576,66.50873047,-12.05151253,78.95522673,0,0,0,0.02339709,5.716358415,4.246298061,0,165.176434
10,31,18,24.14704245,72.97853118,-12.05151253,87.09498729,0,0,0,0.02519158,6.30567708,4.738625203,0,183.2385423
10,31,19,21.4614043,63.08062768,-12.05151253,78.83036171,0,0,0,0.024653664,5.707318187,4.037721933,0,161.0905749
10,31,20,19.76304143,59.5354188,-12.05151253,70.87927569,0,0,0,0.02155734,5.13165956,3.745654987,0,147.0250953
10,31,21,20.72770037,64.11197474,-12.05151253,71.10822863,0,0,0,0.020126426,5.148235753,4.054300655,0,153.119054
10,31,22,23.4594331,72.24112506,-12.05151253,81.92711176,0,0,0,0.022237687,5.931522892,4.659251841,0,176.1891698
10,31,23,29.3051231,95.52602408,-12.05151253,94.57857668,0,0,0,0.021472772,6.847488951,6.28182565,0,220.5089987
11,1,0,24.64782129,80.85416342,-12.05151253,82.62053903,0,0,0,0.020187033,5.981727026,5.2051913,0,187.2781166
11,1,1,24.05513324,79.01317756,-12.05151253,78.58769396,0,0,0,0.017519903,5.689749042,5.069635663,0,180.3813968
11,1,2,21.1773367,69.23636296,-12.05151253,69.44299217,0,0,0,0.01616197,5.027672633,4.364773823,0,157.2137877
11,1,3,20.4525758,66.25829575,-12.05151253,67.31710267,0,0,0,0.016067091,4.873758233,4.158526297,0,151.0248133
11,1,4,21.95430934,70.76967419,-12.05151253,72.55331108,0,0,0,0.017517579,5.252859723,4.493456634,0,162.989616
11,1,5,25.70288109,83.48843161,-12.05151253,85.00569524,0,0,0,0.021278072,6.154412335,5.410686869,0,193.7318727
11,1,6,18.90879273,58.44785665,-12.05151253,64.40360905,0,0,0,0.019439769,4.662821295,3.637496122,0,138.0285031
11,1,7,13.72264261,41.61709681,-12.05151253,48.21375688,0,0,0,0.014254973,3.490675998,2.411154237,0,97.41806897
11,1,8,8.256253796,19.69286881,-12.05151253,32.76585171,0,0,0,0.013637942,2.372247664,0.885496881,0,51.93484427
11,1,9,8.731807435,21.47564247,-12.05151253,34.4878106,0,0,0,0.013943794,2.496917487,1.011285711,0,56.16589496
11,1,10,8.303158411,19.32615033,-12.05151253,32.76292958,0,0,0,0.013694741,2.372036102,0.867683249,0,51.59413988
11,1,11,8.275316814,20.05229776,-12.05151253,32.62543107,0,0,0,0.013107421,2.362081209,0.906578883,0,52.18330062
11,1,12,7.647823826,17.14221853,-12.05151253,30.36676749,0,0,0,0.013243617,2.198553966,0.709536111,0,46.02663101
11,1,13,7.26627576,16.11262492,-12.05151253,29.25747026,0,0,0,0.012951836,2.118240847,0.63093552,0,43.34698661
11,1,14,6.605486534,12.74664283,-12.05151253,27.07885958,0,0,0,0.012998879,1.960509433,0.406644357,0,36.75962907
11,1,15,10.38708391,27.68424746,-12.05151253,40.39920685,0,0,0,0.015618219,2.924902576,1.449303909,0,70.80885039
11,1,16,29.12414955,93.15313587,-12.05151253,99.06601869,0,0,0,0.024798836,7.172379753,6.13957555,0,222.6285457
11,1,17,20.10373211,60.13855081,-12.05151253,70.60714177,0,0,0,0.021534111,5.111957064,3.79822591,0,147.7296292
11,1,18,22.55578336,70.39571293,-12.05151253,76.76152391,0,0,0,0.020891715,5.557534331,4.506129095,0,167.7460628
11,1,19,20.30990906,61.90601341,-12.05151253,71.31971031,0,0,0,0.021206152,5.163547026,3.908157634,0,150.5770311
11,1,20,22.50525585,71.51750045,-12.05151253,75.53028834,0,0,0,0.019895846,5.468392876,4.565798278,0,167.5556191
11,1,21,23.36274459,74.3275156,-12.05151253,77.98901298,0,0,0,0.021677122,5.64640454,4.770078244,0,174.0659205
11,1,22,22.98171836,73.34048397,-12.05151253,76.48432524,0,0,0,0.020453323,5.537465148,4.693877422,0,171.0068109
11,1,23,22.77297185,72.54861302,-12.05151253,76.10135119,0,0,0,0.020464312,5.509737826,4.638143029,0,169.5397687
11,2,0,27.35780036,89.33019059,-12.05151253,91.33442293,0,0,0,0.021763812,6.61261222,5.828251848,0,208.4335292
11,2,1,24.23503468,78.44779027,-12.05151253,81.41528693,0,0,0,0.019535073,5.894466774,5.048164101,0,183.0087653
11,2,2,23.52706252,76.16747483,-12.05151253,78.37924461,0,0,0,0.018785803,5.67465731,4.881716482,0,176.597429
11,2,3,23.94407806,77.58882556,-12.05151253,79.10538115,0,0,0,0.018404893,5.727229596,4.984113483,0,179.3165202
11,2,4,22.72390235,73.26478481,-12.05151253,76.47358194,0,0,0,0.018797617,5.536687332,4.675300626,0,170.6415421
11,2,5,24.33292418,78.44612692,-12.05151253,81.80787856,0,0,0,0.021279374,5.922890408,5.053523898,0,183.5331108
11,2,6,27.12788026,89.22257093,-12.05151253,93.06604474,0,0,0,0.020383359,6.737981639,5.809450883,0,209.9327993
11,2,7,24.67114949,80.75251057,-12.05151253,81.93907473,0,0,0,0.018639476,5.932389011,5.200828617,0,186.4630794
11,2,8,14.83788727,44.62090629,-12.05151253,52.32647,0,0,0,0.014845371,3.788436428,2.640585553,0,106.1776184
11,2,9,11.75237498,33.75782186,-12.05151253,44.73491743,0,0,0,0.014720796,3.238808022,1.863648716,0,83.31077926
11,2,10,11.20181919,32.38990024,-12.05151253,42.67157469,0,0,0,0.014423289,3.089422008,1.756789524,0,79.07241641
11,2,11,10.95633252,30.95548366,-12.05151253,41.99525932,0,0,0,0.0147042,3.040456775,1.663218914,0,76.57394286
11,2,12,10.87451269,30.61645779,-12.05151253,41.70618907,0,0,0,0.014784685,3.019528089,1.639777807,0,75.8197376
11,2,13,10.45928574,28.83561252,-12.05151253,40.41329097,0,0,0,0.014863083,2.925922267,1.517456585,0,72.11491864
11,2,14,10.71312863,29.06223959,-12.05151253,41.42918431,0,0,0,0.015361988,2.999472944,1.544218762,0,73.7120937
11,2,15,14.41979408,43.29845602,-12.05151253,51.25883693,0,0,0,0.015385548,3.711139794,2.543637282,0,103.1957371
11,2,16,22.79022403,73.27098694,-12.05151253,76.5141802,0,0,0,0.019096162,5.539626647,4.679340203,0,170.7619416
11,2,17,24.10806976,79.42473148,-12.05151253,80.03585441,0,0,0,0.018236258,5.79459586,5.095507781,0,182.425483
11,2,18,20.90452758,67.42309847,-12.05151253,69.67907278,0,0,0,0.016865669,5.044764869,4.248579522,0,155.2653964
11,2,19,23.29884111,76.76317199,-12.05151253,76.83888543,0,0,0,0.016881575,5.563135305,4.902184882,0,175.3315878
11,2,20,20.7243091,66.32072496,-12.05151253,69.36065453,0,0,0,0.017109821,5.021711388,4.177139149,0,153.5701364
11,2,21,20.34893171,64.84325624,-12.05151253,68.16746347,0,0,0,0.017001653,4.935324355,4.073935621,0,150.3344005
11,2,22,20.49492345,64.98509257,-12.05151253,69.15202096,0,0,0,0.017846909,5.006606318,4.089967644,0,151.6949453
11,2,23,19.45722821,61.42698602,-12.05151253,65.78682108,0,0,0,0.016775806,4.762965846,3.833981485,0,143.2332459
11,3,0,19.11928062,59.75230333,-12.05151253,64.43388067,0,0,0,0.016225252,4.665012961,3.721877978,0,139.6570683
11,3,1,18.95367795,59.43165724,-12.05151253,63.83620576,0,0,0,0.016102292,4.621741297,3.694793922,0,138.5026659
11,3,2,18.78016498,58.67883151,-12.05151253,63.20200891,0,0,0,0.016044363,4.575825445,3.643196856,0,136.8445595
11,3,3,19.23765299,60.63085157,-12.05151253,64.4700496,0,0,0,0.015939169,4.667631591,3.777406456,0,140.7480188
11,3,4,18.29809654,57.03727443,-12.05151253,62.47054483,0,0,0,0.016030461,4.522867446,3.524910915,0,133.8182121
11,3,5,18.27528658,56.79761294,-12.05151253,62.45996824,0,0,0,0.016632297,4.5221017,3.510291255,0,133.5303805
11,3,6,19.2989255,60.08858344,-12.05151253,65.06343469,0,0,0,0.016999412,4.710592671,3.750615,0,140.8776382
11,3,7,7.906257117,16.82609933,-12.05151253,31.53673655,0,0,0,0.014157343,2.283259726,0.706323006,0,47.22132053
11,3,8,3.399302574,1.520835956,-12.05151253,15.35170359,0,0,0,0.01107458,1.11146334,-0.397217532,0,8.945649968
11,3,9,1.805604779,2.722013152,-12.05151253,8.195811818,0,0,0,0.007446349,0.593376776,-0.419080929,0,0.85365941
11,3,10,0.270142567,0.610107538,-12.05151253,1.56165129,0,0,0,0.000683703,0.113063553,-0.622239317,0,-10.1181032
11,3,11,0.132740148,0.011387909,-12.05151253,0.958766034,0,0,0,0.000644107,0.069414661,-0.663241315,0,-11.54180099
11,3,12,0.127836205,0.007606944,-12.05151253,0.937965371,0,0,0,0.00056959,0.067908693,-0.663725065,0,-11.5733508
11,3,13,0.171909462,4.8923E-10,-12.05151253,1.062248532,0,0,0,0.00058408,0.076906794,-0.661693891,0,-11.40155756
11,3,14,0.477464425,-7.45021E-10,-12.05151253,2.534399011,0,0,0,0.003998705,0.183490488,-0.64467448,0,-9.496834385
11,3,15,0.33548015,8.40661E-10,-12.05151253,1.630978248,0,0,0,0.000240631,0.118082825,-0.652583004,0,-10.61931368
11,3,16,14.79718632,44.25717973,-12.05151253,52.86938115,0,0,0,0.016524925,3.827743196,2.618058941,0,106.3345617
11,3,17,24.24099084,82.48487498,-12.05151253,77.88351315,0,0,0,0.01559502,5.638766352,5.273361478,0,183.4855893
11,3,18,21.84045248,72.00624816,-12.05151253,70.68467104,0,0,0,0.015426926,5.117570183,4.555991978,0,162.1688482
11,3,19,23.27548778,77.56383194,-12.05151253,75.03144751,0,0,0,0.015511788,5.4322768,4.94548086,0,174.2125241
11,3,20,19.22255405,62.37032001,-12.05151253,63.78163762,0,0,0,0.015112673,4.617790563,3.873453837,0,141.8293562
11,3,21,20.81375984,62.37424774,-12.05151253,71.45147957,0,0,0,0.021315825,5.173087121,3.962302774,0,151.7446803
11,3,22,20.3872053,62.34015605,-12.05151253,70.67918433,0,0,0,0.019079408,5.117172946,3.936644779,0,150.4279303
11,3,23,17.8589967,52.13134249,-12.05151253,64.11016872,0,0,0,0.018156545,4.641576215,3.227192645,0,129.9359208
11,4,0,17.70077119,55.45960093,-12.05151253,60.29965864,0,0,0,0.015956877,4.365695286,3.403763479,0,129.1939339
11,4,1,15.04274361,45.765479,-12.05151253,53.39798208,0,0,0,0.014910409,3.866013903,2.715748751,0,108.7513652
11,4,2,15.09968125,46.45233702,-12.05151253,53.5770196,0,0,0,0.01482868,3.878976219,2.757178169,0,109.7285084
11,4,3,16.91203282,54.40907964,-12.05151253,56.81880743,0,0,0,0.014278535,4.113681658,3.301316716,0,123.5176843
11,4,4,18.42894976,60.50757287,-12.05151253,61.38961345,0,0,0,0.014407929,4.444608014,3.725495063,0,136.4591346
11,4,5,19.25348678,63.40139986,-12.05151253,63.83141484,0,0,0,0.014821136,4.621394434,3.932607938,0,143.0036125
11,4,6,15.19801422,47.32892707,-12.05151253,52.49372614,0,0,0,0.014451866,3.800545773,2.811481382,0,109.5956339
11,4,7,0.496497519,0.877137474,-12.05151253,2.812513287,0,0,0,0.003501784,0.203625962,-0.594757779,0,-8.252994287
11,4,8,0.063166065,-3.90754E-10,-12.05151253,0.612248267,0,0,0,0.000697339,0.044326775,-0.667750898,0,-11.99882499
11,4,9,0.24188449,0.02658543,-12.05151253,1.423846981,0,0,0,0.000887616,0.103086521,-0.656315474,0,-10.91153697
11,4,10,0.279444889,6.97201E-10,-12.05151253,1.533515297,0,0,0,0.000825349,0.111026507,-0.655704168,0,-10.78240466
11,4,11,0.535354788,3.33589E-09,-12.05151253,2.724886778,0,0,0,0.001628838,0.197281803,-0.641449986,0,-9.233810311
11,4,12,0.180055191,-2.39695E-10,-12.05151253,0.982919437,0,0,0,0.000685342,0.071163367,-0.661240174,0,-11.47792937
11,4,13,0.122628936,-1.43309E-09,-12.05151253,0.684111161,0,0,0,0.001425178,0.049529648,-0.664438817,0,-11.85825643
11,4,14,0,0,-12.05151253,0,0,0,0,0,0,-0.671269248,0,-12.72278178
11,4,15,0,0,-12.05151253,0,0,0,0,0,0,-0.671269248,0,-12.72278178
11,4,16,13.38339422,39.28978213,-12.05151253,48.75798468,0,0,0,0.015386065,3.530078091,2.262626674,0,95.18773932
11,4,17,22.78087196,74.13288795,-12.05151253,74.75556966,0,0,0,0.016161806,5.412303243,4.726827179,0,169.7731093
11,4,18,22.84700231,74.98038885,-12.05151253,73.41407543,0,0,0,0.015786401,5.315179061,4.77771644,0,169.298636
11,4,19,23.14265902,76.029337,-12.05151253,74.35883315,0,0,0,0.015923342,5.38357952,4.85261093,0,171.7314304
11,4,20,24.27345629,81.74032258,-12.05151253,78.57023137,0,0,0,0.015397554,5.688484751,5.233698235,0,183.4700782
11,4,21,21.35747489,69.18447561,-12.05151253,70.82339836,0,0,0,0.017018369,5.127614041,4.371917395,0,158.8303861
11,4,22,22.0169576,69.64523711,-12.05151253,74.28915137,0,0,0,0.017938257,5.378534559,4.434314997,0,163.7306214
11,4,23,21.03377198,70.19437849,-12.05151253,69.59414613,0,0,0,0.016017077,5.03861618,4.410138733,0,158.2355561
11,5,0,18.90160236,60.26281826,-12.05151253,63.0051895,0,0,0,0.016360796,4.56157572,3.73818898,0,138.4342231
11,5,1,18.99832412,60.25201684,-12.05151253,63.71839052,0,0,0,0.016150968,4.613211473,3.742974743,0,139.2895561
11,5,2,19.73668234,63.70199129,-12.05151253,64.68491843,0,0,0,0.01523611,4.683188094,3.976264873,0,144.7467686
11,5,3,20.74491271,67.13804599,-12.05151253,67.6466224,0,0,0,0.015473004,4.897615462,4.223811552,0,152.6149686
11,5,4,21.38611435,67.86730693,-12.05151253,70.11064713,0,0,0,0.016143433,5.076010853,4.300146317,0,156.7048565
11,5,5,19.79279014,64.04722838,-12.05151253,65.99177678,0,0,0,0.015567431,4.777804639,3.998619783,0,146.5722746
11,5,6,19.98960304,64.86041294,-12.05151253,66.01923885,0,0,0,0.015517695,4.779792893,4.054876642,0,147.6679295
11,5,7,8.393515988,20.3184785,-12.05151253,33.55898462,0,0,0,0.013894053,2.429670487,0.927988845,0,53.59101996
11,5,8,3.807672995,2.010388467,-12.05151253,17.55438774,0,0,0,0.011863574,1.270937672,-0.347203225,0,12.25653469
11,5,9,3.262170928,0.509673599,-12.05151253,15.16076857,0,0,0,0.011691264,1.097639644,-0.461177508,0,7.529253962
11,5,10,2.833257768,0.016279453,-12.05151253,13.33648549,0,0,0,0.011468879,0.96556155,-0.512550025,0,4.598990583
11,5,11,2.67022288,0.020314284,-12.05151253,12.61717378,0,0,0,0.011170326,0.913483382,-0.521406328,0,3.659445794
11,5,12,2.624688921,6.26344E-09,-12.05151253,12.40756939,0,0,0,0.011556525,0.898308024,-0.525074075,0,3.365536256
11,5,13,2.052795299,3.18549E-09,-12.05151253,9.895858653,0,0,0,0.010694235,0.716460166,-0.55692855,0,0.067367273
11,5,14,1.53615478,2.64228E-09,-12.05151253,7.504125741,0,0,0,0.009545022,0.543298704,-0.585705427,0,-3.044093713
11,5,15,4.183003063,2.908716965,-12.05151253,19.0364275,0,0,0,0.01270456,1.378237351,-0.276260443,0,15.19131646
11,5,16,25.73536405,82.09577521,-12.05151253,85.52160996,0,0,0,0.021787695,6.191764561,5.334925209,0,192.8497142
11,5,17,25.80525962,88.13981821,-12.05151253,85.9559145,0,0,0,0.018260565,6.22320821,5.675471587,0,199.7664202
11,5,18,23.54351205,76.42471435,-12.05151253,78.45951547,0,0,0,0.018334585,5.68046892,4.896960962,0,176.9719938
11,5,19,20.46428887,64.48149878,-12.05151253,70.1369151,0,0,0,0.018304474,5.077912653,4.060211124,0,152.1876185
11,5,20,23.32887245,75.0767477,-12.05151253,77.21388312,0,0,0,0.018433432,5.590285138,4.809923794,0,173.9866331
11,5,21,23.29597276,74.5559605,-12.05151253,76.43482552,0,0,0,0.018324413,5.533881368,4.779083435,0,172.5665355
11,5,22,22.74498815,68.295322,-12.05151253,78.30575996,0,0,0,0.022215257,5.669337021,4.399676027,0,167.3857859
11,5,23,24.12906733,75.29595246,-12.05151253,81.76794171,0,0,0,0.021712579,5.91999898,4.866704354,0,179.9498649
11,6,0,23.89221604,76.16454256,-12.05151253,80.7946451,0,0,0,0.020007375,5.849532305,4.901892206,0,179.571323
11,6,1,26.03910841,84.86014631,-12.05151253,86.20986961,0,0,0,0.018651327,6.24159456,5.505819239,0,196.8236769
11,6,2,24.90420824,80.91501085,-12.05151253,82.27007766,0,0,0,0.01811458,5.956353622,5.222861255,0,187.2351137
11,6,3,22.97196864,73.55506708,-12.05151253,75.88857633,0,0,0,0.018083947,5.494332926,4.705286642,0,170.581803
11,6,4,23.42952971,74.59001385,-12.05151253,77.81408551,0,0,0,0.018877376,5.633739791,4.788419328,0,174.223153
11,6,5,25.94216659,81.62875478,-12.05151253,86.40851524,0,0,0,0.021508175,6.255976503,5.320431072,0,193.5258398
11,6,6,26.77650253,85.05066703,-12.05151253,88.87229114,0,0,0,0.022148141,6.434353879,5.557504096,0,200.6619543
11,6,7,22.77024237,72.63183785,-12.05151253,75.17167342,0,0,0,0.018099064,5.442429156,4.64262662,0,168.6253959
11,6,8,17.83899094,56.13568522,-12.05151253,59.74355967,0,0,0,0.015340102,4.32543372,3.449120214,0,129.4566173
11,6,9,14.58820914,43.86509933,-12.05151253,51.77492478,0,0,0,0.015318664,3.748504554,2.584580034,0,104.525124
11,6,10,11.88821578,34.03853211,-12.05151253,44.77391595,0,0,0,0.015301227,3.241631515,1.886850609,0,83.79293466
11,6,11,11.10973259,31.25254672,-12.05151253,42.61065547,0,0,0,0.015169834,3.085011456,1.688309709,0,77.70991325
11,6,12,11.0742333,31.16525939,-12.05151253,42.47463131,0,0,0,0.015063182,3.075163307,1.681470495,0,77.43430845
11,6,13,10.93098085,30.42811532,-12.05151253,42.03149181,0,0,0,0.015058146,3.043080007,1.632432409,0,76.02964601
11,6,14,10.86134903,30.09134732,-12.05151253,41.83321182,0,0,0,0.015148428,3.028724536,1.609795939,0,75.38806454
11,6,15,16.64597099,51.3428184,-12.05151253,57.65367528,0,0,0,0.015933992,4.17412609,3.115706321,0,120.8967185
11,6,16,26.03599945,84.98928779,-12.05151253,87.90807075,0,0,0,0.021074274,6.364544322,5.512839251,0,198.7803033
11,6,17,23.06430421,68.69785239,-12.05151253,82.49054786,0,0,0,0.024516266,5.972315665,4.439882875,0,172.6379067
11,6,18,23.14543546,72.44044511,-12.05151253,79.28380924,0,0,0,0.021172358,5.740147789,4.652864299,0,173.2323617
11,6,19,23.38621737,73.69731766,-12.05151253,79.59717935,0,0,0,0.020695061,5.762835785,4.736283653,0,175.1490163
11,6,20,21.82250246,67.38108666,-12.05151253,75.39383126,0,0,0,0.02079017,5.458513383,4.297370666,0,162.3225821
11,6,21,25.31111058,79.27377252,-12.05151253,85.17021036,0,0,0,0.022042154,6.16632323,5.154108741,0,189.0460551
11,6,22,26.77786607,86.89285044,-12.05151253,89.50341365,0,0,0,0.021965415,6.480047148,5.660189661,0,203.2848198
11,6,23,25.99706313,83.67333529,-12.05151253,86.51316355,0,0,0,0.02077447,6.263553041,5.437371944,0,195.8537489
11,7,0,24.81288264,80.12854304,-12.05151253,82.51961017,0,0,0,0.018394354,5.974419776,5.173968162,0,186.5763056
11,7,1,23.86574647,77.98002036,-12.05151253,79.65150491,0,0,0,0.017610785,5.766768955,5.001539964,0,180.2316789
11,7,2,22.93436626,74.52518435,-12.05151253,76.30176376,0,0,0,0.016961642,5.524247696,4.757227721,0,172.0082389
11,7,3,23.52956495,76.88246806,-12.05151253,76.59311836,0,0,0,0.016761768,5.545341769,4.921680991,0,175.4374234
11,7,4,23.52022521,76.38081503,-12.05151253,76.72637863,0,0,0,0.016993507,5.554989813,4.893218693,0,175.0411084
11,7,5,26.14921519,82.8089812,-12.05151253,87.43584357,0,0,0,0.021352606,6.330355074,5.397702291,0,196.0919374
11,7,6,24.94983576,79.62875566,-12.05151253,84.32034126,0,0,0,0.022180055,6.104792708,5.153758294,0,188.1281512
11,7,7,23.16543235,75.06922472,-12.05151253,75.94551398,0,0,0,0.017005698,5.498455212,4.800401151,0,172.4445206
11,7,8,16.38106793,50.97981436,-12.05151253,56.66290569,0,0,0,0.01515602,4.102394372,3.080731896,0,119.1705577
11,7,9,10.99746043,31.03411875,-12.05151253,42.05540266,0,0,0,0.014580118,3.044811153,1.669889712,0,76.76475029
11,7,10,7.533630385,14.32805085,-12.05151253,30.47908223,0,0,0,0.014154317,2.206685553,0.546426397,0,43.05651719
11,7,11,5.394202291,4.96821614,-12.05151253,23.50181073,0,0,0,0.013738974,1.701531097,-0.094082542,0,23.43390416
11,7,12,7.738440053,15.46592286,-12.05151253,31.07855332,0,0,0,0.013842899,2.25008726,0.621213766,0,45.11654762
11,7,13,8.874337805,20.67242647,-12.05151253,34.72492837,0,0,0,0.014128341,2.514084814,0.974485522,0,55.72287878
11,7,14,5.281898021,5.039470832,-12.05151253,23.36726627,0,0,0,0.013797574,1.691790078,-0.096369003,0,23.24634124
11,7,15,14.42121042,44.0134794,-12.05151253,51.29585546,0,0,0,0.015055782,3.713819935,2.583542975,0,103.9914514
11,7,16,25.63343836,83.88678464,-12.05151253,86.82718623,0,0,0,0.020598379,6.286288283,5.429007173,0,196.0317905
11,7,17,22.16745145,66.83615126,-12.05151253,83.25590511,0,0,0,0.024935976,6.02772753,4.286231423,0,170.5468902
11,7,18,19.89134812,59.76655369,-12.05151253,71.62713959,0,0,0,0.022201695,5.185804907,3.765675883,0,148.2072114
11,7,19,24.10661321,75.58467153,-12.05151253,81.65710735,0,0,0,0.021938064,5.911974572,4.881535312,0,180.1123275
11,7,20,24.14977723,75.43663477,-12.05151253,81.93145284,0,0,0,0.021966943,5.931837185,4.8756939,0,180.2958503
11,7,21,26.02576732,83.3917851,-12.05151253,88.33625949,0,0,0,0.023155075,6.395545187,5.423288422,0,197.5442881
11,7,22,26.53953401,85.62719291,-12.05151253,89.0474382,0,0,0,0.021668646,6.447034526,5.576417441,0,201.2077732
11,7,23,26.16958749,85.21518473,-12.05151253,87.21521755,0,0,0,0.019960347,6.314381751,5.532862565,0,198.4156819
11,8,0,18.78248534,57.9277256,-12.05151253,68.21317302,0,0,0,0.020061924,4.938633727,3.601489501,0,141.4320566
11,8,1,23.84887642,77.32537057,-12.05151253,79.72857226,0,0,0,0.018588376,5.772348632,4.964136309,0,179.60638
11,8,2,23.14958786,73.85316763,-12.05151253,77.60165602,0,0,0,0.018562188,5.618359896,4.731784233,0,172.9216053
11,8,3,23.93042985,76.77974733,-12.05151253,79.17812101,0,0,0,0.018329484,5.732495961,4.938287621,0,178.5258987
11,8,4,24.3281513,78.26680932,-12.05151253,79.82055294,0,0,0,0.018591406,5.779008033,5.043270058,0,181.2048705
11,8,5,26.00620787,83.59671582,-12.05151253,85.82050905,0,0,0,0.021412974,6.213404855,5.433613601,0,195.0403516
11,8,6,25.76221948,80.14465898,-12.05151253,86.70949984,0,0,0,0.022703803,6.277767788,5.227743882,0,192.0930812
11,8,7,25.76566564,83.14861626,-12.05151253,85.36207995,0,0,0,0.019039552,6.180214588,5.395256253,0,193.8193597
11,8,8,18.02276701,56.0475246,-12.05151253,61.13683255,0,0,0,0.015652106,4.426306677,3.454445995,0,131.0520164
11,8,9,16.70006125,51.34582636,-12.05151253,56.88106586,0,0,0,0.015168022,4.118189168,3.118886692,0,120.1276848
11,8,10,15.35337177,47.43399455,-12.05151253,53.12665926,0,0,0,0.014897648,3.846370131,2.825987056,0,110.5497679
11,8,11,14.94296497,45.90370713,-12.05151253,52.12330241,0,0,0,0.014896445,3.773727095,2.717890387,0,107.4249759
11,8,12,14.75807565,45.19279026,-12.05151253,51.68883088,0,0,0,0.014904869,3.742271356,2.667993983,0,106.0133545
11,8,13,14.97322751,45.97806807,-12.05151253,52.16264558,0,0,0,0.014795172,3.77657554,2.723717916,0,107.5775173
11,8,14,18.7394453,59.43537956,-12.05151253,62.60395726,0,0,0,0.015885495,4.532526506,3.683068497,0,136.9587501
11,8,15,23.02787157,73.31879946,-12.05151253,75.98060636,0,0,0,0.019162875,5.5009959,4.695240328,0,170.491164
11,8,16,27.5480967,90.35559365,-12.05151253,93.15993507,0,0,0,0.021149528,6.744779299,5.895966305,0,211.674008
11,8,17,22.26062693,68.09286229,-12.05151253,81.11665903,0,0,0,0.023421419,5.872846114,4.361420101,0,169.6763233
11,8,18,22.76263935,69.02669521,-12.05151253,82.88793512,0,0,0,0.025123223,6.001086502,4.441396686,0,173.0933635
11,8,19,19.27460433,57.59055258,-12.05151253,69.34761953,0,0,0,0.021824624,5.020767654,3.610119992,0,142.8139762
11,8,20,20.09075789,61.14403657,-12.05151253,71.06503294,0,0,0,0.021667209,5.145108385,3.853508803,0,149.2685993
11,8,21,21.48362104,63.17785195,-12.05151253,76.90831518,0,0,0,0.023727256,5.568162019,4.044374797,0,159.1545397
11,8,22,21.34811316,63.23064267,-12.05151253,75.65658195,0,0,0,0.022945005,5.477536534,4.039767452,0,157.7240742
11,8,23,24.80361588,77.69531973,-12.05151253,83.334452,0,0,0,0.022709754,6.033414325,5.037921465,0,184.8759206
11,9,0,26.16453983,83.14251863,-12.05151253,87.78967733,0,0,0,0.021353431,6.355972639,5.417133908,0,196.8396832
11,9,1,25.61642567,81.90386627,-12.05151253,84.51562627,0,0,0,0.020661372,6.118931342,5.317611013,0,191.4416094
11,9,2,25.61180161,82.15123574,-12.05151253,84.44114493,0,0,0,0.020138933,6.113538893,5.331131932,0,191.6174795
11,9,3,24.93006037,78.83608467,-12.05151253,82.44061862,0,0,0,0.019977623,5.968700788,5.10850503,0,185.2524346
11,9,4,24.27797219,75.94693715,-12.05151253,81.04557538,0,0,0,0.0200401,5.867699657,4.911258202,0,180.0179701
11,9,5,26.42561832,83.01674316,-12.05151253,87.88698392,0,0,0,0.023100314,6.363017635,5.424670286,0,197.0886211
11,9,6,24.56107608,77.12749443,-12.05151253,82.39923644,0,0,0,0.021154993,5.965704718,4.992784129,0,183.0159382
11,9,7,24.64075033,78.82218311,-12.05151253,80.75696183,0,0,0,0.019046803,5.846804036,5.091616145,0,183.1258497
11,9,8,17.78385615,55.17189586,-12.05151253,60.44605652,0,0,0,0.016096593,4.376294492,3.392366139,0,129.1350532
11,9,9,11.06501928,31.39220602,-12.05151253,42.05793847,0,0,0,0.014513232,3.044994745,1.693598201,0,77.21675741
11,9,10,9.457700493,25.58267419,-12.05151253,37.54902739,0,0,0,0.014184012,2.718549583,1.280479621,0,64.55110275
11,9,11,9.692016868,26.11729696,-12.05151253,37.16297946,0,0,0,0.014015421,2.690599713,1.323309532,0,64.94870542
11,9,12,9.625333078,26.38737126,-12.05151253,37.27638039,0,0,0,0.013742282,2.69880994,1.334638384,0,65.2847628
11,9,13,10.39577906,28.9732254,-12.05151253,38.82489111,0,0,0,0.013734927,2.810922117,1.521584301,0,70.48862439
11,9,14,16.42271049,51.18664253,-12.05151253,55.51420199,0,0,0,0.014989983,4.019228224,3.094571715,0,118.2008324
11,9,15,17.41313133,53.82115085,-12.05151253,59.28387581,0,0,0,0.016197817,4.292152609,3.296480269,0,126.0714762
11,9,16,26.73206828,84.8014077,-12.05151253,89.87033106,0,0,0,0.023429238,6.506611969,5.541145363,0,201.4234811
11,9,17,23.27273957,72.42500208,-12.05151253,78.70054139,0,0,0,0.021005848,5.697919197,4.659094962,0,172.7247905
11,9,18,23.43195862,73.83862753,-12.05151253,78.91078125,0,0,0,0.02007844,5.713140563,4.7467024,0,174.6097763
11,9,19,23.59686864,74.31391212,-12.05151253,79.46321531,0,0,0,0.020530425,5.753136788,4.782361241,0,175.878512
11,9,20,22.77456026,71.57422126,-12.05151253,76.16091576,0,0,0,0.01977441,5.514050301,4.583957882,0,168.5759673
11,9,21,21.25708666,66.46996463,-12.05151253,71.80875045,0,0,0,0.018704807,5.198953533,4.215127509,0,156.9170751
11,9,22,22.26274622,69.75342549,-12.05151253,75.69253739,0,0,0,0.020474998,5.480139707,4.454031516,0,165.6118428
11,9,23,22.04442711,69.17477845,-12.05151253,74.8324488,0,0,0,0.019040885,5.417869293,4.409640502,0,163.8466925
11,10,0,22.93795225,73.36125836,-12.05151253,77.56388213,0,0,0,0.020001321,5.615625067,4.692596783,0,172.1398034
11,10,1,24.2103499,77.92257409,-12.05151253,81.22076683,0,0,0,0.019104723,5.880383518,5.017534618,0,182.2192011
11,10,2,23.4420823,75.24199758,-12.05151253,78.56124292,0,0,0,0.018598664,5.687833987,4.825434001,0,175.7256769
11,10,3,23.29522748,74.86494362,-12.05151253,76.89762143,0,0,0,0.018136399,5.567387792,4.796252282,0,173.3880565
11,10,4,22.56580822,72.07115132,-12.05151253,74.99183053,0,0,0,0.018130801,5.429408531,4.600009398,0,167.6248263
11,10,5,22.30227395,71.13538324,-12.05151253,74.41453842,0,0,0,0.017118319,5.387612582,4.533208257,0,165.7386222
11,10,6,21.47063813,66.635779,-12.05151253,70.99919356,0,0,0,0.017730154,5.140341614,4.236258186,0,156.4484281
11,10,7,18.98166945,58.9063024,-12.05151253,64.06064313,0,0,0,0.016203982,4.637990563,3.667090784,0,138.2183878
11,10,8,12.74791414,36.29675697,-12.05151253,46.39326796,0,0,0,0.014919582,3.3588726,2.060518933,0,88.82073765
11,10,9,9.798178342,25.79987738,-12.05151253,36.9925824,0,0,0,0.013497202,2.678262966,1.311542456,0,64.54242821
11,10,10,4.171252396,2.230400514,-12.05151253,19.25033531,0,0,0,0.012141773,1.393724276,-0.314697181,0,14.69164456
11,10,11,3.594664243,1.378970477,-12.05151253,16.66333431,0,0,0,0.012545122,1.206425404,-0.394237794,0,10.41018922
11,10,12,3.126030346,0.560447734,-12.05151253,14.81799319,0,0,0,0.012163796,1.072822707,-0.465932419,0,7.072012822
11,10,13,3.369717735,1.242550641,-12.05151253,15.5618971,0,0,0,0.011753294,1.12668135,-0.4143659,0,8.846721684
11,10,14,3.755865257,1.270836399,-12.05151253,17.21246654,0,0,0,0.01221207,1.246182577,-0.391281966,0,11.05476834
11,10,15,12.53517859,35.96838644,-12.05151253,45.74155679,0,0,0,0.01472334,3.311688712,2.030379324,0,87.55040066
11,10,16,25.64664988,81.52589015,-12.05151253,84.5178023,0,0,0,0.020809866,6.119088886,5.298241231,0,191.0769698
11,10,17,25.86916595,81.08897541,-12.05151253,88.09759112,0,0,0,0.022945319,6.378265597,5.286299225,0,194.6917301
11,10,18,26.78856743,86.45900679,-12.05151253,88.86564272,0,0,0,0.020677749,6.433872533,5.636620636,0,202.1528753
11,10,19,22.37213227,70.88178799,-12.05151253,73.50654573,0,0,0,0.017417536,5.321873911,4.52297411,0,164.571219
11,10,20,22.00473909,69.75438343,-12.05151253,72.18217004,0,0,0,0.017233874,5.225989111,4.439713876,0,161.5727169
11,10,21,18.70489474,58.47810066,-12.05151253,62.55164775,0,0,0,0.016044184,4.528739297,3.627823595,0,135.8557377
11,10,22,19.35666221,60.2354618,-12.05151253,64.65796545,0,0,0,0.017222822,4.681236698,3.76201206,0,140.6590485
11,10,23,21.62316175,69.88976445,-12.05151253,70.19394528,0,0,0,0.015749198,5.082041638,4.426000741,0,159.1791505
11,11,0,20.11978788,64.73587529,-12.05151253,65.35620157,0,0,0,0.015096171,4.731788994,4.05519119,0,146.9624286
11,11,1,18.60852117,59.48639233,-12.05151253,61.27476689,0,0,0,0.014720184,4.436293123,3.678617434,0,135.4477986
11,11,2,18.91978897,59.89484315,-12.05151253,62.47927387,0,0,0,0.014901753,4.523499428,3.718705761,0,137.4995004
11,11,3,18.58668121,59.08500594,-12.05151253,61.7838785,0,0,0,0.014688244,4.473152803,3.655043726,0,135.5469379
11,11,4,18.31878358,58.2765417,-12.05151253,61.11864392,0,0,0,0.015030079,4.424989819,3.59509037,0,133.6975669
11,11,5,18.19792685,58.24549669,-12.05151253,60.92068925,0,0,0,0.014859083,4.410657902,3.586629443,0,133.3247467
11,11,6,17.8426528,56.58004599,-12.05151253,59.62280295,0,0,0,0.014976906,4.316690933,3.474075074,0,129.7997321
11,11,7,5.529697943,9.162364611,-12.05151253,23.4693072,0,0,0,0.012555851,1.699177842,0.147078636,0,27.96866955
11,11,8,0.586676108,0.200810864,-12.05151253,3.001571073,0,0,0,0.001644535,0.217313746,-0.627406224,0,-8.670902433
11,11,9,0.358155111,0.977480929,-12.05151253,1.897577191,0,0,0,0.000628825,0.137384589,-0.596874321,0,-9.27716021
11,11,10,0.198975514,0.20279734,-12.05151253,1.277196838,0,0,0,0.000491226,0.092469051,-0.6488905,0,-10.92847307
11,11,11,0.341775856,0.887550847,-12.05151253,1.903882451,0,0,0,0.000635083,0.137841089,-0.602795751,0,-9.38262296
11,11,12,0.180601798,0.203291781,-12.05151253,1.202509726,0,0,0,0.000590781,0.087061704,-0.649886376,0,-11.02734312
11,11,13,0.201978455,0.273711997,-12.05151253,1.286273615,0,0,0,0.000597742,0.09312621,-0.64477329,0,-10.84059781
11,11,14,0.242528141,0.040177316,-12.05151253,1.142346117,0,0,0,0.00023518,0.082705859,-0.655522554,0,-11.19904248
11,11,15,1.7142505,0.204352636,-12.05151253,8.476332741,0,0,0,0.010386721,0.61368649,-0.564403053,0,-1.596906499
11,11,16,20.61462944,64.26201283,-12.05151253,68.50222921,0,0,0,0.018137945,4.959561394,4.056359726,0,150.361418
11,11,17,25.52792893,82.4572165,-12.05151253,84.31645013,0,0,0,0.019926244,6.10451099,5.343503352,0,191.7180236
11,11,18,25.10084252,80.72432578,-12.05151253,82.69443025,0,0,0,0.019145816,5.98707675,5.223192626,0,187.6975012
11,11,19,25.69809988,82.35396923,-12.05151253,84.90606151,0,0,0,0.020111135,6.147198853,5.347231001,0,192.4211591
11,11,20,25.58001771,82.67555412,-12.05151253,84.79337869,0,0,0,0.020495001,6.139040617,5.358566103,0,192.5155397
11,11,21,25.20038774,80.6780335,-12.05151253,83.40133192,0,0,0,0.020921139,6.038256431,5.226158815,0,188.513577
11,11,22,25.59765491,82.0700252,-12.05151253,84.61716655,0,0,0,0.020189283,6.126282858,5.325820534,0,191.7056268
11,11,23,24.79367422,79.79319603,-12.05151253,82.04775227,0,0,0,0.019010373,5.940257265,5.154219424,0,185.696597
11,12,0,23.80620423,76.88270303,-12.05151253,78.01299171,0,0,0,0.017807513,5.6481406,4.937102886,0,177.2534374
11,12,1,23.17704448,74.31663169,-12.05151253,76.38428577,0,0,0,0.018184027,5.53022229,4.759128514,0,172.1339842
11,12,2,23.18751395,74.91523665,-12.05151253,76.66871622,0,0,0,0.017635462,5.550815054,4.79305396,0,173.0814588
11,12,3,23.50586226,76.05780601,-12.05151253,77.23723697,0,0,0,0.017328032,5.591975956,4.874427075,0,175.2331238
11,12,4,23.82969488,76.56156134,-12.05151253,78.51610521,0,0,0,0.018057283,5.684566017,4.920523723,0,177.4789959
11,12,5,24.98663123,80.44950219,-12.05151253,85.72789498,0,0,0,0.01866787,6.206699597,5.201523383,0,190.5394067
11,12,6,24.77747062,78.43625778,-12.05151253,82.32577493,0,0,0,0.02073793,5.960386105,5.077735424,0,184.5468503
11,12,7,14.61949968,44.00727,-12.05151253,51.11659078,0,0,0,0.014515913,3.700841172,2.594241823,0,104.0014468
11,12,8,6.165004978,10.28179736,-12.05151253,26.6952177,0,0,0,0.013391804,1.932733761,0.244817642,0,33.28145071
11,12,9,4.329472938,1.669733926,-12.05151253,19.64363168,0,0,0,0.013172079,1.422198934,-0.337113426,0,14.6895836
11,12,10,3.309465559,0.12998166,-12.05151253,15.22748003,0,0,0,0.011015326,1.102469554,-0.479692038,0,7.249207557
11,12,11,2.896664568,0.083233605,-12.05151253,13.47086729,0,0,0,0.010148526,0.975290792,-0.50528892,0,4.879403326
11,12,12,2.204093393,0.052771605,-12.05151253,10.36528045,0,0,0,0.00752676,0.750446304,-0.545561868,0,0.783044108
11,12,13,1.079647084,2.5185E-09,-12.05151253,5.283735901,0,0,0,0.005433532,0.382542479,-0.611132905,0,-5.911286441
11,12,14,0.837547699,-1.53517E-09,-12.05151253,4.190049057,0,0,0,0.005241912,0.303359552,-0.624617841,0,-7.339932157
11,12,15,6.127048287,10.38776332,-12.05151253,26.32512573,0,0,0,0.01330157,1.905939103,0.248605758,0,32.95627123
11,12,16,26.82537077,86.6892484,-12.05151253,89.56112112,0,0,0,0.021756905,6.484225169,5.65149504,0,203.1817049
11,12,17,24.13135945,78.5747449,-12.05151253,80.13619767,0,0,0,0.018371184,5.801860712,5.049460764,0,181.6604821
11,12,18,18.12348947,56.13241094,-12.05151253,63.64571244,0,0,0,0.01756337,4.60794958,3.464784404,0,133.9403977
11,12,19,20.87015525,66.25053501,-12.05151253,70.64578317,0,0,0,0.017850182,5.114754702,4.181353199,0,155.028919
11,12,20,20.04351215,62.72699357,-12.05151253,68.59172179,0,0,0,0.018073062,4.966040658,3.939047921,0,148.2338766
11,12,21,21.88223675,69.4021732,-12.05151253,73.11614564,0,0,0,0.018434026,5.293608944,4.413272386,0,162.0743584
11,12,22,24.37866491,77.77850563,-12.05151253,83.0824344,0,0,0,0.022317795,6.01516825,5.018885151,0,184.2444636
11,12,23,24.97677609,79.93566209,-12.05151253,84.70165301,0,0,0,0.022273424,6.132399678,5.172353559,0,188.8896053
11,13,0,24.7760674,80.10279283,-12.05151253,83.83298791,0,0,0,0.020167351,6.069508325,5.170483267,0,187.9204946
11,13,1,25.32009928,81.77846886,-12.05151253,85.29415493,0,0,0,0.01988044,6.175296817,5.294120997,0,191.8305088
11,13,2,24.1425884,78.08025918,-12.05151253,80.9332632,0,0,0,0.019032616,5.859568255,5.022543362,0,182.0057425
11,13,3,24.10869982,77.72730146,-12.05151253,79.13013846,0,0,0,0.018407353,5.729022024,5.000996024,0,179.6630526
11,13,4,23.02158386,72.66997229,-12.05151253,76.64745626,0,0,0,0.019735092,5.549275833,4.658750429,0,170.5152612
11,13,5,26.11058215,84.74870637,-12.05151253,87.32782005,0,0,0,0.019342843,6.322534171,5.503593122,0,197.9810662
11,13,6,22.3548735,71.54553372,-12.05151253,73.39179586,0,0,0,0.017875548,5.31356602,4.558983434,0,165.1311155
11,13,7,15.87540077,49.02442519,-12.05151253,54.76293337,0,0,0,0.015139819,3.964836376,2.943651058,0,114.534874
11,13,8,6.922314092,13.84049086,-12.05151253,29.18782197,0,0,0,0.014569089,2.113198311,0.485218988,0,40.51210078
11,13,9,5.464199958,6.746378132,-12.05151253,24.05724956,0,0,0,0.014141913,1.741744868,0.008859951,0,25.98106184
11,13,10,4.99605066,4.605281084,-12.05151253,22.36975754,0,0,0,0.013959045,1.619570446,-0.13647507,0,21.41663117
11,13,11,5.158572766,5.343398321,-12.05151253,22.94346889,0,0,0,0.013895178,1.661107147,-0.086309459,0,22.98262031
11,13,12,4.606571655,4.51365194,-12.05151253,20.74357262,0,0,0,0.013851776,1.501834658,-0.163272794,0,19.16469732
11,13,13,3.232929022,0.539674482,-12.05151253,15.21811126,0,0,0,0.012897929,1.101791256,-0.461135233,0,7.592756186
11,13,14,3.753550673,0.833023582,-12.05151253,17.29350479,0,0,0,0.013331782,1.252049746,-0.415797062,0,10.67815097
11,13,15,10.41749332,28.69954564,-12.05151253,40.30535424,0,0,0,0.01497929,2.918107647,1.507549822,0,71.81151742
11,13,16,26.80290347,87.44300368,-12.05151253,88.32653409,0,0,0,0.020461621,6.394841068,5.692227781,0,202.6284592
11,13,17,27.24290663,86.48431614,-12.05151253,92.97413702,0,0,0,0.024334611,6.731327521,5.66333706,0,207.0688465
11,13,18,22.61592101,70.77713212,-12.05151253,76.50704559,0,0,0,0.020594122,5.539110101,4.530723811,0,167.9390142
11,13,19,22.83123331,72.59646683,-12.05151253,76.66378399,0,0,0,0.019325823,5.550457961,4.64405365,0,170.253809
11,13,20,22.68043835,72.08232074,-12.05151253,76.17218851,0,0,0,0.019569975,5.514866448,4.607016433,0,169.0248879
11,13,21,22.40738725,71.55206454,-12.05151253,75.1962222,0,0,0,0.019775008,5.444206487,4.562272216,0,167.1304152
11,13,22,21.61184953,68.83318645,-12.05151253,72.67089967,0,0,0,0.018985693,5.261373136,4.366519256,0,160.7113012
11,13,23,21.70258862,65.44225535,-12.05151253,74.15153239,0,0,0,0.0219073,5.368570945,4.182698561,0,158.8180406
11,14,0,25.21134818,80.59974145,-12.05151253,85.05299573,0,0,0,0.022450943,6.157836891,5.222408444,0,190.2152691
11,14,1,25.18608435,81.42856987,-12.05151253,84.77172815,0,0,0,0.020325863,6.137473118,5.267166992,0,190.7598358
11,14,2,24.23439758,78.19669741,-12.05151253,80.3286543,0,0,0,0.019511027,5.815794571,5.034142743,0,181.5776851
11,14,3,23.05878417,73.67459206,-12.05151253,76.55915473,0,0,0,0.019419629,5.542882802,4.716779808,0,171.5201007
11,14,4,23.51931056,74.54127697,-12.05151253,78.44208777,0,0,0,0.021054536,5.679207154,4.790705478,0,174.9421299
11,14,5,25.85835571,82.9419739,-12.05151253,85.88783266,0,0,0,0.021371467,6.218279084,5.388909111,0,194.2652094
11,14,6,20.37935893,64.15027258,-12.05151253,68.13476628,0,0,0,0.019668116,4.932957079,4.037031227,0,149.6025417
11,14,7,9.360405787,24.26029975,-12.05151253,36.71757818,0,0,0,0.014771251,2.65835266,1.20140405,0,62.16129914
11,14,8,8.733929181,23.03244604,-12.05151253,34.38509058,0,0,0,0.014032074,2.489480558,1.098117851,0,57.70158374
11,14,9,4.107815836,2.370730938,-12.05151253,19.02265172,0,0,0,0.012998231,1.377239985,-0.310414193,0,14.52950999
11,14,10,4.661445277,4.77599395,-12.05151253,20.97959602,0,0,0,0.013185746,1.518922752,-0.145603883,0,19.75202733
11,14,11,4.404752192,4.480807226,-12.05151253,19.80189419,0,0,0,0.013058503,1.433657139,-0.176343589,0,17.90631313
11,14,12,3.671055525,2.058972405,-12.05151253,16.91136448,0,0,0,0.012762552,1.224382788,-0.352106692,0,11.47491852
11,14,13,3.251432826,0.628290899,-12.05151253,15.20189391,0,0,0,0.012347244,1.100617119,-0.455168637,0,7.687900823
11,14,14,3.308005728,1.517109228,-12.05151253,15.35178621,0,0,0,0.01242952,1.111469321,-0.402510345,0,8.846777127
11,14,15,9.778804073,26.27001948,-12.05151253,38.27029117,0,0,0,0.014980954,2.770769081,1.336650224,0,66.39000246
11,14,16,27.44730145,87.13632617,-12.05151253,91.76736583,0,0,0,0.023031135,6.643957286,5.71103881,0,206.6775081
11,14,17,23.8625161,77.94532112,-12.05151253,79.2910624,0,0,0,0.018337955,5.740672918,4.999427285,0,179.8058252
11,14,18,19.39813298,60.50421816,-12.05151253,66.50772276,0,0,0,0.017825445,4.815159128,3.779291711,0,142.9708377
11,14,19,19.45016168,60.7665789,-12.05151253,66.54277281,0,0,0,0.017582317,4.817696752,3.796803202,0,143.3400831
11,14,20,19.09362277,60.10651912,-12.05151253,64.88921297,0,0,0,0.017134649,4.697979019,3.740178655,0,140.4931347
11,14,21,19.93222989,62.73486303,-12.05151253,66.82743046,0,0,0,0.017830643,4.838305966,3.933287828,0,146.2324353
11,14,22,20.38388421,64.8795195,-12.05151253,67.2097944,0,0,0,0.016980716,4.865989115,4.077902338,0,149.3825577
11,14,23,19.24327479,61.00960888,-12.05151253,63.9853905,0,0,0,0.016519074,4.632542273,3.798816372,0,140.6346394
11,15,0,20.21112728,64.46477347,-12.05151253,66.15845813,0,0,0,0.016213683,4.789872368,4.045178423,0,147.6341108
11,15,1,19.85938108,63.6052633,-12.05151253,64.9694813,0,0,0,0.01583751,4.703790446,3.977711444,0,145.0799526
11,15,2,18.74955124,59.40339235,-12.05151253,61.9815984,0,0,0,0.015683328,4.487467724,3.681849709,0,136.2680302
11,15,3,17.7983083,55.75902731,-12.05151253,60.05985046,0,0,0,0.015176901,4.348333173,3.425874346,0,129.355058
11,15,4,18.82916723,60.08852836,-12.05151253,62.48031787,0,0,0,0.015265363,4.523575014,3.724446396,0,137.6097877
11,15,5,19.33034997,61.67970052,-12.05151253,64.23322319,0,0,0,0.016124144,4.650485359,3.840990564,0,141.6993612
11,15,6,19.35910285,61.9182195,-12.05151253,64.31720347,0,0,0,0.016153535,4.656565531,3.855877606,0,142.0716099
11,15,7,4.160877036,3.440252937,-12.05151253,18.17873587,0,0,0,0.012427791,1.316140477,-0.247886309,0,14.80903526
11,15,8,3.517775129,0.910877652,-12.05151253,16.51202594,0,0,0,0.011284276,1.195470678,-0.424593288,0,9.671327853
11,15,9,4.157947921,4.083321603,-12.05151253,18.38483097,0,0,0,0.011269006,1.331061762,-0.212230536,0,15.70468819
11,15,10,2.871299538,1.065344945,-12.05151253,13.17488492,0,0,0,0.00967553,0.953861668,-0.45199815,0,5.57155592
11,15,11,2.492954142,0.363958526,-12.05151253,11.61649611,0,0,0,0.009246558,0.841034319,-0.512139213,0,2.760037912
11,15,12,0.985663692,0.003433396,-12.05151253,4.915680181,0,0,0,0.003379292,0.355895245,-0.61617654,0,-6.403637269
11,15,13,0.914955107,0.004547522,-12.05151253,4.667508038,0,0,0,0.005442176,0.337927582,-0.620052952,0,-6.74118506
11,15,14,1.207735938,-2.01637E-09,-12.05151253,5.995154016,0,0,0,0.007679417,0.434049151,-0.603998357,0,-5.010892371
11,15,15,3.355977194,2.307179561,-12.05151253,15.47620842,0,0,0,0.01245609,1.12047749,-0.355831417,0,9.864954805
11,15,16,24.1882902,76.79791327,-12.05151253,81.60875588,0,0,0,0.020718031,5.908473926,4.953662285,0,181.4263011
11,15,17,20.57802709,65.83230208,-12.05151253,68.01945236,0,0,0,0.016003822,4.924608351,4.141786086,0,151.4606672
11,15,18,19.31944436,60.7583666,-12.05151253,64.48494027,0,0,0,0.015980357,4.668709675,3.789064823,0,140.9849936
11,15,19,19.32867043,60.86568765,-12.05151253,64.58862015,0,0,0,0.015960278,4.676216099,3.795556497,0,141.2191986
11,15,20,21.1871104,67.82179102,-12.05151253,69.16128454,0,0,0,0.016420928,5.007277001,4.286526561,0,155.4288979
11,15,21,20.05496746,60.36689563,-12.05151253,71.17531554,0,0,0,0.021246006,5.153092845,3.808228526,0,148.5282335
11,15,22,21.22130932,65.27353515,-12.05151253,73.00106361,0,0,0,0.020772393,5.285277005,4.146493589,0,156.8969385
11,15,23,18.52702849,57.53438597,-12.05151253,62.67849924,0,0,0,0.016321588,4.537923345,3.565351537,0,134.8079976
11,16,0,18.38313776,57.63784916,-12.05151253,61.97831864,0,0,0,0.015762377,4.48723027,3.563099723,0,134.0138854
11,16,1,17.82561883,56.08643288,-12.05151253,59.98810465,0,0,0,0.015447503,4.343138777,3.445632032,0,129.6528621
11,16,2,17.52066229,55.16678711,-12.05151253,59.07270831,0,0,0,0.015325858,4.276864082,3.377421684,0,127.3782568
11,16,3,21.86298981,70.46597677,-12.05151253,71.5673469,0,0,0,0.015977275,5.181475916,4.47145419,0,161.5137083
11,16,4,22.72198546,72.99452686,-12.05151253,73.98341705,0,0,0,0.016413218,5.356399395,4.660140488,0,167.6813699
11,16,5,19.10667692,60.11087067,-12.05151253,63.46800424,0,0,0,0.016010166,4.595083507,3.741148152,0,138.9862811
11,16,6,20.25001173,64.39678462,-12.05151253,66.6673511,0,0,0,0.016836911,4.82671622,4.043557309,0,148.1497454
11,16,7,6.032782086,9.64087245,-12.05151253,24.61203814,0,0,0,0.01326732,1.781911561,0.20175331,0,30.23111233
11,16,8,3.186440626,1.758662778,-12.05151253,14.7762217,0,0,0,0.011582038,1.069798451,-0.395826989,0,8.355366067
11,16,9,3.150426925,3.17449788,-12.05151253,14.18947532,0,0,0,0.01121996,1.027318013,-0.318970936,0,9.182454626
11,16,10,2.572577687,1.636392218,-12.05151253,11.69352277,0,0,0,0.009902254,0.846611049,-0.436829624,0,4.270663818
11,16,11,1.937932808,0.003433392,-12.05151253,9.405784268,0,0,0,0.010244418,0.680978781,-0.563135151,0,-0.576274019
11,16,12,2.004942552,0.003433391,-12.05151253,9.733555682,0,0,0,0.010927249,0.704709431,-0.559402708,0,-0.153346937
11,16,13,1.253898384,0.006061488,-12.05151253,6.334749114,0,0,0,0.008655558,0.458635836,-0.601089483,0,-4.590601638
11,16,14,1.374194414,3.09517E-09,-12.05151253,6.83813026,0,0,0,0.009562316,0.495080631,-0.594726619,0,-3.929271531
11,16,15,4.523161633,5.378987632,-12.05151253,19.71788273,0,0,0,0.013214012,1.42757471,-0.119719534,0,18.88958865
11,16,16,25.08649415,80.63261899,-12.05151253,84.13551608,0,0,0,0.021319841,6.091411364,5.217285354,0,189.1331333
11,16,17,20.63067832,65.62565496,-12.05151253,68.58072025,0,0,0,0.01679371,4.965244146,4.133208515,0,151.9007874
11,16,18,19.7664121,61.9966398,-12.05151253,66.09363938,0,0,0,0.016945331,4.785179491,3.882932743,0,144.4902363
11,16,19,19.72138499,61.75646253,-12.05151253,66.11344466,0,0,0,0.017269271,4.786613394,3.867046859,0,144.2107092
11,16,20,19.913459,63.15669119,-12.05151253,66.34577929,0,0,0,0.016884014,4.80343442,3.955738118,0,146.1404735
11,16,21,24.46505821,79.90437148,-12.05151253,82.61725997,0,0,0,0.020865617,5.981489622,5.142107986,0,186.0796404
11,16,22,22.57677553,72.83330327,-12.05151253,76.53851327,0,0,0,0.019465495,5.541388361,4.643072141,0,170.1010055
11,16,23,19.27981027,58.71553319,-12.05151253,70.18685414,0,0,0,0.017713859,5.08152824,3.673071382,0,144.9029985
11,17,0,18.62921792,58.31412158,-12.05151253,62.94052025,0,0,0,0.015969152,4.556893666,3.614474762,0,136.0196848
11,17,1,17.8416467,55.76786521,-12.05151253,60.74552965,0,0,0,0.01583061,4.397976347,3.428780565,0,130.1461166
11,17,2,17.65031379,55.24088327,-12.05151253,60.08105954,0,0,0,0.015695399,4.349868711,3.388770428,0,128.6750786
11,17,3,18.25099838,54.91886432,-12.05151253,63.09488266,0,0,0,0.017122264,4.568069504,3.404292104,0,132.2027167
11,17,4,18.91635377,56.67269161,-12.05151253,66.06200421,0,0,0,0.017472613,4.782889105,3.53904058,0,137.9389394
11,17,5,24.3254433,79.63275181,-12.05151253,80.85972875,0,0,0,0.016502513,5.854244361,5.119202219,0,183.7563604
11,17,6,20.37471837,64.28363158,-12.05151253,67.79381954,0,0,0,0.016427375,4.908272534,4.044200844,0,149.3695577
11,17,7,5.211795283,6.483995356,-12.05151253,22.34022743,0,0,0,0.012017374,1.617432466,-0.01981371,0,23.59414167
11,17,8,1.862980458,2.964355354,-12.05151253,8.819074017,0,0,0,0.008984991,0.638500959,-0.402386643,0,1.839996601
11,17,9,1.217445109,1.119884396,-12.05151253,6.170102321,0,0,0,0.006808022,0.446715408,-0.541079995,0,-3.631637274
11,17,10,0.248897799,0.027626142,-12.05151253,1.441291458,0,0,0,0.000713836,0.104349502,-0.655866865,0,-10.88450066
11,17,11,0.045722565,1.02879E-10,-12.05151253,0.53043476,0,0,0,0.000583314,0.038403477,-0.668722501,0,-12.10509092
11,17,12,0.12027871,0.009307249,-12.05151253,0.907782502,0,0,0,0.000636819,0.065723453,-0.66405131,0,-11.61183511
11,17,13,0.041950823,9.09139E-11,-12.05151253,0.365349996,0,0,0,0.000559402,0.02645134,-0.668932587,0,-12.28613356
11,17,14,0.405748059,2.00736E-09,-12.05151253,2.082221039,0,0,0,0.001008069,0.150752803,-0.648669081,0,-10.06045164
11,17,15,3.559084229,0.924717284,-12.05151253,16.36760318,0,0,0,0.011945949,1.18501447,-0.421521504,0,9.575331072
11,17,16,25.05504397,79.01818828,-12.05151253,84.71954414,0,0,0,0.022139073,6.133694996,5.125609788,0,188.0227077
11,17,17,20.27360827,64.81345021,-12.05151253,66.66457266,0,0,0,0.015941459,4.826515061,4.068079909,0,148.610655
11,17,18,17.71286069,55.19393474,-12.05151253,60.71505191,0,0,0,0.016272086,4.395769758,3.389639258,0,129.3720159
11,17,19,17.77131159,55.46433544,-12.05151253,60.97529764,0,0,0,0.016062772,4.414611549,3.407956292,0,129.9980628
11,17,20,17.49034361,54.43582959,-12.05151253,59.99274827,0,0,0,0.016014243,4.343474974,3.335018599,0,127.5619167
11,17,21,19.7875743,63.33695351,-12.05151253,66.72558747,0,0,0,0.016081578,4.830932533,3.958766951,0,146.6043838
11,17,22,23.40531358,77.21113834,-12.05151253,76.28647945,0,0,0,0.015620363,5.523141112,4.933067124,0,175.3232474
11,17,23,17.59817971,56.19129522,-12.05151253,59.60958253,0,0,0,0.015315681,4.315733775,3.438804505,0,129.1173989
11,18,0,17.0698858,53.4531074,-12.05151253,57.76242867,0,0,0,0.015222165,4.181999836,3.256861473,0,123.6879928
11,18,1,16.45009962,50.95064794,-12.05151253,56.0921867,0,0,0,0.015139551,4.061074317,3.082952391,0,118.600588
11,18,2,16.25488714,50.60227997,-12.05151253,55.82637849,0,0,0,0.015158448,4.041829803,3.05267496,0,117.7416963
11,18,3,16.35179096,51.52050033,-12.05151253,55.95470808,0,0,0,0.014960582,4.051120865,3.109217376,0,118.9507856
11,18,4,17.27874454,55.04084257,-12.05151253,58.76802331,0,0,0,0.015014482,4.254804888,3.356931754,0,126.662849
11,18,5,19.8054189,63.57249419,-12.05151253,64.4654675,0,0,0,0.015253985,4.667299847,3.972880511,0,144.4473024
11,18,6,17.78916414,55.86153673,-12.05151253,59.81659579,0,0,0,0.015416138,4.330721536,3.43107479,0,129.1929966
11,18,7,3.16303672,1.074130895,-12.05151253,14.35480826,0,0,0,0.00967682,1.039288118,-0.435259012,0,7.154169262
11,18,8,0.264639326,1.330738858,-12.05151253,1.280094141,0,0,0,0.000442341,0.092678816,-0.582406683,0,-9.665325736
11,18,9,0.098386846,0.009423004,-12.05151253,0.665080652,0,0,0,0.000602249,0.048151839,-0.66526424,0,-11.89513218
11,18,10,0.119971786,1.89599E-10,-12.05151253,0.613268865,0,0,0,9.31096E-05,0.044400666,-0.66458682,0,-11.93836493
11,18,11,0.179130584,-1.70599E-09,-12.05151253,1.024547246,0,0,0,0.001734781,0.074177221,-0.661291675,0,-11.43321438
11,18,12,0.129687142,-1.51558E-09,-12.05151253,0.718635665,0,0,0,0.001497101,0.052029222,-0.664045674,0,-11.81370908
11,18,13,0.014629083,2.36014E-10,-12.05151253,0.148699947,0,0,0,0.000141318,0.010765876,-0.670454408,0,-12.54773072
11,18,14,0.048550999,7.83283E-10,-12.05151253,0.307715188,0,0,0,0.000292438,0.02227858,-0.668564957,0,-12.34124029
11,18,15,2.527126768,0.483613534,-12.05151253,12.01631738,0,0,0,0.01107361,0.869981378,-0.503571013,0,3.353029119
11,18,16,27.06604218,86.10271888,-12.05151253,89.74562054,0,0,0,0.022283361,6.497582927,5.632230743,0,203.0149661
11,18,17,24.93113665,80.72289754,-12.05151253,81.83381719,0,0,0,0.017134152,5.924768365,5.213660457,0,186.5919018
11,18,18,19.43964783,61.14025122,-12.05151253,65.74572232,0,0,0,0.016481728,4.759990296,3.817031129,0,142.867612
11,18,19,20.91553285,66.36587734,-12.05151253,69.89265011,0,0,0,0.016496066,5.060227868,4.190305299,0,154.389577
11,18,20,23.89129596,79.82296372,-12.05151253,78.85631626,0,0,0,0.01651188,5.709197297,5.105615016,0,181.3503876
11,18,21,26.40636613,84.23583322,-12.05151253,89.48900582,0,0,0,0.022902594,6.479004021,5.491501256,0,200.0731005
11,18,22,26.8376215,86.53801406,-12.05151253,88.91141719,0,0,0,0.020359481,6.437186604,5.643753652,0,202.3368399
11,18,23,23.43894958,73.69984507,-12.05151253,78.24835002,0,0,0,0.018469924,5.665180542,4.739361614,0,173.7586442
11,19,0,20.50392245,62.51401972,-12.05151253,69.35103801,0,0,0,0.017720987,5.021015152,3.952830131,0,149.3090339
11,19,1,20.37706603,62.18262329,-12.05151253,68.85391555,0,0,0,0.017561222,4.985023486,3.927305447,0,148.2919825
11,19,2,20.15097784,61.76999483,-12.05151253,68.03145698,0,0,0,0.017546291,4.925477485,3.891728929,0,146.7356698
11,19,3,20.78147705,65.50035616,-12.05151253,70.22806155,0,0,0,0.017734998,5.084511656,4.134628861,0,153.6952577
11,19,4,21.7204015,67.14331775,-12.05151253,73.59382695,0,0,0,0.019364051,5.328193071,4.278439914,0,160.0320307
11,19,5,22.49102495,70.64976021,-12.05151253,74.79709046,0,0,0,0.019674164,5.41530935,4.516672485,0,165.8380191
11,19,6,23.31642175,74.2377541,-12.05151253,76.7551749,0,0,0,0.017356764,5.557074663,4.762498347,0,172.594768
11,19,7,14.7805512,43.98432572,-12.05151253,51.1235727,0,0,0,0.015132572,3.701346663,2.601934396,0,104.1553507
11,19,8,8.817515577,21.412146,-12.05151253,34.34438847,0,0,0,0.013984821,2.486533725,1.012522902,0,56.03557896
11,19,9,7.161105064,14.19723564,-12.05151253,28.58813331,0,0,0,0.013506087,2.069780852,0.518390329,0,40.49663875
11,19,10,5.576473175,7.980217731,-12.05151253,22.9610982,0,0,0,0.013448146,1.66238351,0.083838435,0,26.22594666
11,19,11,3.364799193,1.077081365,-12.05151253,15.89102911,0,0,0,0.013263992,1.150510507,-0.423856501,0,9.021315127
11,19,12,3.563846991,3.364292972,-12.05151253,15.77310849,0,0,0,0.012483984,1.141973055,-0.285371852,0,11.51882111
11,19,13,2.188183691,5.44407E-09,-12.05151253,10.52888575,0,0,0,0.012042718,0.762291329,-0.549387416,0,0.890503546
11,19,14,2.277037346,0.02807923,-12.05151253,10.96125005,0,0,0,0.011522621,0.793594503,-0.542874255,0,1.477096956
11,19,15,7.333210987,14.13844674,-12.05151253,30.09286773,0,0,0,0.014797061,2.178723624,0.524702087,0,42.2312357
11,19,16,26.85389738,85.82110304,-12.05151253,90.46334259,0,0,0,0.02279451,6.549546004,5.604728275,0,203.2638993
11,19,17,26.54602938,87.20218303,-12.05151253,89.48791468,0,0,0,0.019962167,6.478925023,5.664506183,0,203.3480079
11,19,18,15.88364171,46.16198549,-12.05151253,58.71106128,0,0,0,0.018505658,4.250680837,2.784672187,0,115.7590346
11,19,19,20.41074812,62.52893534,-12.05151253,70.05666979,0,0,0,0.019132083,5.072102893,3.948471121,0,149.9845468
11,19,20,20.69370406,63.60233703,-12.05151253,70.45858722,0,0,0,0.019161174,5.101201715,4.02402024,0,151.8474989
11,19,21,21.82498835,66.92718751,-12.05151253,73.54494065,0,0,0,0.019927942,5.324653703,4.272226947,0,159.8624126
11,19,22,26.42819319,86.47231707,-12.05151253,88.53395536,0,0,0,0.019730081,6.409858368,5.617289173,0,201.4298307
11,19,23,22.25388191,70.20175542,-12.05151253,74.36166376,0,0,0,0.018465088,5.383784456,4.478509751,0,164.6465479
11,20,0,22.69759966,72.68515114,-12.05151253,74.92947304,0,0,0,0.017838718,5.424893848,4.641549971,0,168.3449938
11,20,1,21.21948447,67.14465909,-12.05151253,69.78866343,0,0,0,0.016906339,5.052699233,4.250613548,0,155.4215136
11,20,2,20.10615178,63.00789717,-12.05151253,66.49934409,0,0,0,0.016447947,4.814552512,3.958183278,0,146.3510642
11,20,3,19.70892639,61.07507957,-12.05151253,65.65374959,0,0,0,0.016720223,4.75333147,3.828399884,0,142.9846946
11,20,4,20.01233323,61.82265814,-12.05151253,66.7756308,0,0,0,0.017486647,4.83455567,3.886939771,0,145.2980917
11,20,5,21.35956774,65.58326612,-12.05151253,71.48072252,0,0,0,0.018855484,5.175204311,4.171446598,0,155.7375502
11,20,6,22.62812457,71.18380905,-12.05151253,75.04297595,0,0,0,0.018942763,5.433111459,4.554055455,0,166.8095067
11,20,7,11.65288312,31.91164143,-12.05151253,42.23164242,0,0,0,0.014602945,3.057570911,1.755274769,0,78.57210306
11,20,8,6.052263064,10.23170346,-12.05151253,25.07284438,0,0,0,0.013282263,1.815273933,0.235747687,0,31.36960225
11,20,9,4.833093333,4.991842494,-12.05151253,21.13829987,0,0,0,0.01282984,1.530412911,-0.124020323,0,20.33094559
11,20,10,4.488913441,3.393184207,-12.05151253,19.90527934,0,0,0,0.012908297,1.441142224,-0.232236409,0,16.95767857
11,20,11,3.891202076,1.364160396,-12.05151253,18.03733907,0,0,0,0.012923875,1.305903348,-0.378545559,0,12.18147067
11,20,12,4.096614349,2.771147869,-12.05151253,18.69117399,0,0,0,0.012342277,1.353240997,-0.288734893,0,14.58427206
11,20,13,3.924409989,2.442073525,-12.05151253,17.92559525,0,0,0,0.012670834,1.297813096,-0.316656116,0,13.23439405
11,20,14,3.324425884,0.46421616,-12.05151253,15.48370071,0,0,0,0.012329789,1.121019931,-0.460241886,0,7.893938054
11,20,15,8.335984442,19.58947849,-12.05151253,32.93589128,0,0,0,0.014294969,2.384558528,0.884179037,0,52.09287421
11,20,16,25.60166151,81.31498599,-12.05151253,87.58110124,0,0,0,0.022852206,6.340871729,5.283988018,0,194.0939482
11,20,17,21.85176633,69.39128735,-12.05151253,74.56261595,0,0,0,0.01925761,5.398333395,4.410968842,0,163.5827169
11,20,18,21.39890705,67.0175885,-12.05151253,71.45874725,0,0,0,0.018812968,5.173613301,4.253529554,0,157.2696861
11,20,19,21.3029587,66.47937529,-12.05151253,71.7899928,0,0,0,0.019111566,5.197595479,4.218206755,0,156.9557281
11,20,20,23.57791288,76.89298215,-12.05151253,78.66390858,0,0,0,0.018296683,5.695266982,4.924959605,0,177.7218143
11,20,21,23.51911753,70.85112254,-12.05151253,80.01183863,0,0,0,0.02280887,5.792857117,4.585153124,0,172.7313853
11,20,22,22.49624896,66.94103829,-12.05151253,77.38800128,0,0,0,0.022749524,5.602891293,4.310387652,0,164.7098045
11,20,23,20.75731858,64.53739959,-12.05151253,69.95564439,0,0,0,0.017968433,5.064788654,4.079646554,0,152.3612537
11,21,0,21.61405229,67.76303913,-12.05151253,72.31505597,0,0,0,0.018466661,5.235610052,4.307034744,0,159.2017463
11,21,1,23.62837255,73.86202969,-12.05151253,80.77041597,0,0,0,0.021172008,5.847778116,4.758946157,0,176.837202
11,21,2,26.60927498,86.64527906,-12.05151253,88.46485989,0,0,0,0.019209257,6.404855856,5.637009412,0,201.7289759
11,21,3,25.09485175,81.04501188,-12.05151253,82.76689124,0,0,0,0.018929047,5.992322926,5.240721157,0,188.1072155
11,21,4,25.5710474,81.5291929,-12.05151253,84.94527352,0,0,0,0.020261247,6.150037803,5.294214136,0,191.4585145
11,21,5,27.34773793,86.76485515,-12.05151253,91.18208221,0,0,0,0.023547099,6.601582752,5.684802186,0,205.5530948
11,21,6,23.56887638,76.08016399,-12.05151253,86.91494936,0,0,0,0.019133232,6.292642334,4.8791823,0,185.7034351
11,21,7,15.23379544,46.25356863,-12.05151253,53.03425571,0,0,0,0.01526067,3.839680114,2.753576931,0,109.078625
11,21,8,7.121508444,12.67182701,-12.05151253,28.8069649,0,0,0,0.013885091,2.085624259,0.431219537,0,39.07951671
11,21,9,6.222943865,9.237732309,-12.05151253,25.03351243,0,0,0,0.013376764,1.8124263,0.189890415,0,30.45836955
11,21,10,5.023975257,4.723824277,-12.05151253,21.7301211,0,0,0,0.013425898,1.573260768,-0.128316814,0,20.88477796
11,21,11,5.27711344,6.174495706,-12.05151253,22.3688753,0,0,0,0.012820964,1.619506572,-0.033414619,0,23.36788483
11,21,12,4.983181965,5.005805709,-12.05151253,21.47187117,0,0,0,0.013462676,1.554563473,-0.114882635,0,20.86248982
11,21,13,3.481521843,0.611465828,-12.05151253,16.29809627,0,0,0,0.012942612,1.17998217,-0.443289835,0,9.089206352
11,21,14,4.569359529,4.687008582,-12.05151253,19.75472841,0,0,0,0.012393797,1.430242337,-0.155689544,0,18.24653058
11,21,15,10.73851894,29.63170398,-12.05151253,41.41595486,0,0,0,0.014921041,2.998515132,1.577352169,0,74.32545359
11,21,16,28.41650731,91.17996184,-12.05151253,98.87447502,0,0,0,0.023783174,7.158511992,5.990254083,0,219.5919809
11,21,17,17.08418287,48.38395899,-12.05151253,64.22940889,0,0,0,0.021434201,4.650209204,2.975306254,0,125.2929879
11,21,18,24.22944127,76.36366438,-12.05151253,80.81244241,0,0,0,0.020117719,5.85082083,4.931766736,0,180.1567408
11,21,19,23.83532032,74.95280267,-12.05151253,79.91509317,0,0,0,0.019951784,5.785852745,4.831229203,0,177.2887374
11,21,20,17.74757892,51.80119001,-12.05151253,65.08517406,0,0,0,0.020608759,4.712166602,3.202597181,0,130.517803
11,21,21,22.98232271,72.06577497,-12.05151253,77.55652299,0,0,0,0.019857353,5.615092265,4.622909793,0,170.8109676
11,21,22,23.56167054,74.27702371,-12.05151253,79.22549727,0,0,0,0.019821857,5.735926003,4.778346022,0,175.5467729
11,21,23,23.95997271,74.71451064,-12.05151253,79.68018321,0,0,0,0.020336646,5.768845264,4.824899474,0,176.9172354
11,22,0,26.58148147,84.7797888,-12.05151253,89.86158751,0,0,0,0.023734616,6.505978936,5.531553506,0,201.2326123
11,22,1,25.70157695,81.66604579,-12.05151253,86.86890529,0,0,0,0.022319463,6.289308743,5.309107339,0,193.805751
11,22,2,24.25870064,76.96134561,-12.05151253,80.95921526,0,0,0,0.019917518,5.861447185,4.966687328,0,180.975801
11,22,3,23.01395828,73.19102966,-12.05151253,76.02614313,0,0,0,0.018324803,5.504292762,4.68734858,0,170.3895847
11,22,4,22.10846012,68.75932605,-12.05151253,74.48574499,0,0,0,0.019898882,5.392767937,4.390066441,0,163.1047519
11,22,5,24.84123545,77.48798566,-12.05151253,82.74754481,0,0,0,0.022103451,5.990922244,5.028468367,0,184.0667474
11,22,6,27.5904502,88.17398379,-12.05151253,93.05018011,0,0,0,0.023170571,6.73683304,5.776809725,0,209.2999149
11,22,7,17.3600339,54.03365337,-12.05151253,58.68353816,0,0,0,0.015529008,4.248688163,3.305359133,0,125.5952892
11,22,8,11.43286603,32.14465796,-12.05151253,42.36065961,0,0,0,0.014452859,3.066911756,1.755998838,0,78.72403451
11,22,9,10.22326901,27.94660001,-12.05151253,39.03499738,0,0,0,0.014012006,2.826133811,1.454792456,0,69.44829214
11,22,10,10.05990331,26.92984956,-12.05151253,38.29160674,0,0,0,0.013703895,2.772312328,1.389059987,0,67.40492328
11,22,11,10.25871594,28.79891431,-12.05151253,39.32669295,0,0,0,0.013622167,2.847252569,1.504240757,0,70.69792616
11,22,12,9.717274193,26.08102353,-12.05151253,37.62030772,0,0,0,0.013855151,2.723710279,1.322695935,0,65.42735428
11,22,13,9.396078402,24.83047355,-12.05151253,36.41367333,0,0,0,0.013600072,2.636349949,1.235149696,0,62.47381247
11,22,14,9.166373827,23.41247256,-12.05151253,35.76161864,0,0,0,0.013819653,2.589141189,1.143372495,0,60.03528582
11,22,15,11.54275587,32.2204353,-12.05151253,44.22676216,0,0,0,0.015236426,3.20201758,1.7663405,0,80.9220353
11,22,16,27.27340078,87.37750776,-12.05151253,92.84200996,0,0,0,0.023619096,6.721761521,5.714786358,0,207.9015729
11,22,17,23.30204489,72.7080971,-12.05151253,78.83505695,0,0,0,0.020923931,5.707658123,4.67649566,0,173.1987641
11,22,18,25.29162865,80.11361407,-12.05151253,84.31936912,0,0,0,0.021082999,6.104722324,5.199802771,0,188.9987074
11,22,19,22.29330445,68.87130484,-12.05151253,76.83032217,0,0,0,0.020704262,5.562515325,4.406599489,0,165.933238
11,22,20,23.29590692,75.54073,-12.05151253,77.71142449,0,0,0,0.019486889,5.626307133,4.833931428,0,174.9762743
11,22,21,24.13256506,76.05621839,-12.05151253,80.80610304,0,0,0,0.022264289,5.85036186,4.90924599,0,179.7252461
11,22,22,24.09971017,76.196767,-12.05151253,80.16874963,0,0,0,0.021703821,5.804217473,4.91524453,0,179.1548801
11,22,23,24.69208103,78.76023643,-12.05151253,81.77598798,0,0,0,0.021145439,5.920581529,5.091024834,0,184.2095447
11,23,0,25.28901925,80.05483056,-12.05151253,84.99473087,0,0,0,0.022267681,6.153618515,5.196383186,0,189.6593375
11,23,1,26.54643058,85.36539775,-12.05151253,88.34767355,0,0,0,0.020460042,6.396371565,5.56221959,0,200.1870405
11,23,2,26.08528933,83.92435771,-12.05151253,86.52226375,0,0,0,0.019993914,6.264211896,5.456268092,0,196.2208722
11,23,3,25.34318392,80.28065985,-12.05151253,84.71605433,0,0,0,0.021106891,6.133442334,5.21197885,0,189.6549136
11,23,4,25.37291453,81.10352023,-12.05151253,84.20088905,0,0,0,0.02033296,6.096144367,5.259468168,0,190.0017568
11,23,5,26.55146379,85.17260864,-12.05151253,88.91751924,0,0,0,0.02211687,6.437628393,5.551761586,0,200.601586
11,23,6,24.39855716,76.7027995,-12.05151253,91.06514965,0,0,0,0.038355403,6.593116835,4.960076318,0,191.7065423
11,23,7,27.19244144,86.76486695,-12.05151253,90.41026918,0,0,0,0.02235204,6.545703489,5.67615283,0,204.5602734
11,23,8,19.48641021,60.41202736,-12.05151253,66.01010951,0,0,0,0.017623324,4.779131929,3.779073725,0,142.4328635
11,23,9,19.87575113,61.38093593,-12.05151253,67.22201963,0,0,0,0.017807955,4.866874221,3.854728221,0,145.1666046
11,23,10,18.34764014,55.83814698,-12.05151253,62.44935117,0,0,0,0.017550571,4.521333025,3.460879094,0,132.5833884
11,23,11,20.03450163,61.43307389,-12.05151253,66.98581315,0,0,0,0.018203211,4.849772872,3.866474709,0,145.1363269
11,23,12,21.20681796,66.13701389,-12.05151253,70.38423984,0,0,0,0.017670476,5.095818965,4.193782186,0,154.9838308
11,23,13,19.33141174,60.0483548,-12.05151253,64.59064418,0,0,0,0.016480441,4.676362638,3.750183748,0,140.361925
11,23,14,19.39048282,59.89223059,-12.05151253,64.98686626,0,0,0,0.016763578,4.705049117,3.744777889,0,140.6846577
11,23,15,23.52021801,75.26086385,-12.05151253,77.16660515,0,0,0,0.018456348,5.586862213,4.830837012,0,174.3323301
11,23,16,21.75352034,65.94264333,-12.05151253,80.84092894,0,0,0,0.023832385,5.852883255,4.213407068,0,166.5757028
11,23,17,19.92501402,58.49152634,-12.05151253,73.74728963,0,0,0,0.024380532,5.339303769,3.69653205,0,149.1725338
11,23,18,20.3184267,63.11475566,-12.05151253,72.23458204,0,0,0,0.020339005,5.229783739,3.97595901,0,152.8423336
11,23,19,17.28124126,51.41483826,-12.05151253,63.26344087,0,0,0,0.020065681,4.580273119,3.155102381,0,127.663449
11,23,20,17.92100377,54.29655316,-12.05151253,65.0548189,0,0,0,0.019490103,4.709968888,3.351248673,0,133.301571
11,23,21,23.13227687,73.80153177,-12.05151253,76.9239863,0,0,0,0.018863461,5.569296608,4.727943893,0,172.1223864
11,23,22,25.71768291,84.10575506,-12.05151253,85.66064617,0,0,0,0.019738664,6.201830783,5.445896247,0,195.1000373
11,23,23,24.82057364,80.4317703,-12.05151253,83.58460009,0,0,0,0.020202931,6.051525047,5.191286309,0,188.0484458
11,24,0,25.48581573,82.82480002,-12.05151253,83.83066915,0,0,0,0.019962862,6.069340447,5.361632049,0,191.5407077
11,24,1,23.45532864,74.82094017,-12.05151253,78.99155552,0,0,0,0.019894939,5.718988619,4.802718925,0,175.7579143
11,24,2,24.28980455,77.99153483,-12.05151253,80.47315631,0,0,0,0.019775558,5.826256517,5.025801355,0,181.5748166
11,24,3,23.85045965,76.63404034,-12.05151253,78.65002983,0,0,0,0.019391517,5.69426216,4.925717401,0,177.7223884
11,24,4,23.63871001,76.03673547,-12.05151253,78.00181078,0,0,0,0.018734658,5.6473311,4.880653065,0,176.1724626
11,24,5,24.62042598,77.82930164,-12.05151253,81.705772,0,0,0,0.020908574,5.915497893,5.03518058,0,183.0755741
11,24,6,25.4503133,80.71800775,-12.05151253,84.36102271,0,0,0,0.02131033,6.107738044,5.242306234,0,189.8491858
11,24,7,8.326585459,20.442756,-12.05151253,33.67888548,0,0,0,0.014456088,2.438351308,0.931183071,0,53.78070486
11,24,8,2.240412268,0.003433392,-12.05151253,10.75845796,0,0,0,0.010627785,0.778912356,-0.546287045,0,1.194044184
11,24,9,1.446238028,0.918044389,-12.05151253,7.197688764,0,0,0,0.009205401,0.521112667,-0.539578718,0,-2.498802003
11,24,10,0.905040947,-2.27862E-09,-12.05151253,4.677605835,0,0,0,0.007760492,0.338658662,-0.620858468,0,-6.743305068
11,24,11,0.644770535,4.67883E-10,-12.05151253,3.335202661,0,0,0,0.005170895,0.241468673,-0.635355529,0,-8.460255299
11,24,12,0.3755991,0.004245592,-12.05151253,2.121230711,0,0,0,0.003718477,0.153577103,-0.650111899,0,-10.04325345
11,24,13,0.861845615,-6.65851E-09,-12.05151253,4.415895713,0,0,0,0.006795401,0.31971085,-0.623264448,0,-7.07052941
11,24,14,0.691157649,-8.07716E-09,-12.05151253,3.465012085,0,0,0,0.007218502,0.250866875,-0.632771768,0,-8.270029199
11,24,15,7.222011068,16.85054038,-12.05151253,30.19191663,0,0,0,0.013631124,2.185894764,0.669571868,0,45.0820533
11,24,16,25.40635073,81.31955366,-12.05151253,84.46289319,0,0,0,0.021674183,6.115113467,5.273363626,0,190.5474363
11,24,17,27.35019821,87.91983951,-12.05151253,91.74995239,0,0,0,0.022366466,6.642696553,5.749271853,0,207.3828124
11,24,18,23.1678597,73.05459134,-12.05151253,80.20587045,0,0,0,0.021560859,5.80690502,4.688321275,0,174.8935961
11,24,19,21.84902277,69.61677949,-12.05151253,71.90806702,0,0,0,0.017087444,5.206144052,4.423375938,0,160.9689642
11,24,20,21.67268091,68.81504192,-12.05151253,71.5244813,0,0,0,0.017002233,5.178372446,4.368896913,0,159.5249632
11,24,21,19.70660467,63.05896676,-12.05151253,65.76177838,0,0,0,0.016267826,4.761152755,3.93877308,0,145.1920309
11,24,22,19.04971716,60.74552071,-12.05151253,63.83857746,0,0,0,0.015999017,4.621913008,3.773325501,0,139.9935403
11,24,23,21.77042195,69.37137272,-12.05151253,73.91736971,0,0,0,0.018240269,5.351617567,4.405328715,0,162.7828384
11,25,0,21.70317171,69.89007495,-12.05151253,73.50507233,0,0,0,0.017481715,5.321767237,4.430474591,0,162.81653
11,25,1,20.71841775,66.78456728,-12.05151253,70.37682664,0,0,0,0.01691289,5.095282249,4.202647018,0,155.1431413
11,25,2,22.06768602,72.4233795,-12.05151253,73.00375204,0,0,0,0.016299147,5.285471648,4.591883101,0,165.3369589
11,25,3,21.82426942,71.30375347,-12.05151253,71.27197455,0,0,0,0.015816419,5.160090957,4.515961627,0,162.0403539
11,25,4,21.11791164,68.62826369,-12.05151253,69.3807556,0,0,0,0.015694324,5.023166706,4.327592717,0,156.4418721
11,25,5,22.14629566,72.06436391,-12.05151253,73.05294574,0,0,0,0.016226864,5.289033272,4.57626449,0,165.0936174
11,25,6,19.58728854,63.02015875,-12.05151253,65.01795023,0,0,0,0.015486088,4.707299597,3.929965566,0,144.2266362
11,25,7,13.31753481,39.12614218,-12.05151253,47.42551981,0,0,0,0.014586227,3.433607634,2.24984356,0,93.51572169
11,25,8,11.90844375,32.78617502,-12.05151253,42.13750718,0,0,0,0.013905875,3.05075552,1.818221017,0,79.66349583
11,25,9,6.240918914,11.69666731,-12.05151253,25.97046797,0,0,0,0.011888306,1.880261881,0.327854304,0,34.07654615
11,25,10,6.382356798,12.03571756,-12.05151253,26.36225885,0,0,0,0.012211959,1.908627541,0.354617493,0,35.00427767
11,25,11,5.286444445,6.840409986,-12.05151253,22.09653734,0,0,0,0.011847782,1.599789303,0.004196544,0,23.78771286
11,25,12,5.456566968,7.584504343,-12.05151253,23.36733283,0,0,0,0.012674215,1.691794897,0.055118424,0,26.11647914
11,25,13,4.287120998,2.286524642,-12.05151253,19.51610472,0,0,0,0.01330957,1.412965982,-0.305117186,0,15.15939619
11,25,14,4.058948464,1.903799082,-12.05151253,18.36291716,0,0,0,0.012393857,1.329475203,-0.33914421,0,13.27687702
11,25,15,4.254716858,3.069127867,-12.05151253,19.09887116,0,0,0,0.011891321,1.382758272,-0.263331097,0,15.50252184
11,25,16,20.05469334,63.79205651,-12.05151253,67.64047807,0,0,0,0.017323449,4.897170612,3.998994719,0,148.3492042
11,25,17,23.25668441,76.19506949,-12.05151253,75.69355319,0,0,0,0.017032227,5.480213251,4.868193444,0,173.4592335
11,25,18,21.51088434,69.13320727,-12.05151253,72.22960984,0,0,0,0.017727631,5.229423752,4.377606654,0,160.446947
11,25,19,22.99153698,74.68232683,-12.05151253,75.37948634,0,0,0,0.01749738,5.457474811,4.769164966,0,171.2459748
11,25,20,22.63534784,72.96206306,-12.05151253,74.13135177,0,0,0,0.017304448,5.367109868,4.653506539,0,167.715171
11,25,21,21.78182063,70.81705729,-12.05151253,70.69314313,0,0,0,0.0157662,5.118183563,4.486488253,0,160.8609465
11,25,22,21.25565947,69.07124759,-12.05151253,69.23498777,0,0,0,0.015682162,5.012613114,4.359939475,0,156.898617
11,25,23,20.58703891,67.18749411,-12.05151253,67.70257707,0,0,0,0.01540718,4.90166658,4.217772241,0,152.5604436
11,26,0,17.5408051,56.15087654,-12.05151253,59.94326318,0,0,0,0.015208973,4.339892254,3.43335742,0,129.3718909
11,26,1,18.13626356,58.35664364,-12.05151253,61.4914681,0,0,0,0.015131453,4.45198229,3.589385683,0,133.9893622
11,26,2,17.64239041,56.44832429,-12.05151253,60.00131167,0,0,0,0.014949148,4.344094965,3.455583561,0,129.8551415
11,26,3,17.86260723,57.46118302,-12.05151253,60.46842728,0,0,0,0.014950262,4.377914135,3.524265869,0,131.6578353
11,26,4,18.35745402,59.20573802,-12.05151253,62.05837059,0,0,0,0.015258509,4.493026031,3.649000548,0,135.7273352
11,26,5,19.52195899,63.27836951,-12.05151253,65.6271999,0,0,0,0.015659159,4.751409273,3.940709049,0,145.0837934
11,26,6,20.57451326,67.02955014,-12.05151253,68.35399693,0,0,0,0.01578089,4.948829378,4.208277083,0,153.0794351
11,26,7,12.90039884,37.5987818,-12.05151253,46.61225739,0,0,0,0.015074608,3.374727435,2.141535114,0,90.59126266
11,26,8,4.478564406,3.685811031,-12.05151253,20.39373303,0,0,0,0.012510947,1.476506272,-0.216513536,0,17.77909962
11,26,9,4.162071526,2.198279998,-12.05151253,18.67986052,0,0,0,0.011920091,1.352421902,-0.316997668,0,14.03604383
11,26,10,3.701622436,0.696446522,-12.05151253,16.94033934,0,0,0,0.01191508,1.226480568,-0.426296807,0,10.09899461
11,26,11,3.187313975,0.125409696,-12.05151253,14.66823789,0,0,0,0.011731233,1.061980423,-0.48675054,0,6.516410143
11,26,12,3.189883789,0.103556955,-12.05151253,14.77179987,0,0,0,0.012544304,1.069478311,-0.487824599,0,6.6079261
11,26,13,2.770930468,0.063676397,-12.05151253,12.9722215,0,0,0,0.011828715,0.939188837,-0.513381646,0,4.192951739
11,26,14,3.349587613,0.106678367,-12.05151253,15.4479594,0,0,0,0.012143775,1.11843226,-0.478755233,0,7.504533645
11,26,15,3.725937496,1.054955483,-12.05151253,16.99154213,0,0,0,0.011823821,1.23018765,-0.404973509,0,10.55796054
11,26,16,22.74526362,71.84856599,-12.05151253,75.78234789,0,0,0,0.018882966,5.486641987,4.597607061,0,168.427797
11,26,17,25.96496498,89.30500899,-12.05151253,84.83504877,0,0,0,0.016784222,6.142057531,5.749268302,0,199.9616203
11,26,18,21.32261387,68.07165124,-12.05151253,71.96668788,0,0,0,0.017746561,5.210388202,4.307991318,0,158.8455665
11,26,19,21.73310528,73.00129136,-12.05151253,72.76311977,0,0,0,0.016099221,5.268049872,4.605436645,0,165.3355896
11,26,20,21.82437418,72.56443708,-12.05151253,72.64882187,0,0,0,0.01630899,5.259774704,4.586187539,0,164.8483918
11,26,21,19.94687831,62.47190587,-12.05151253,67.46134508,0,0,0,0.018980562,4.884201384,3.919457031,0,146.6512557
11,26,22,21.43681276,63.40900586,-12.05151253,73.81097933,0,0,0,0.020893178,5.343914903,4.054642849,0,156.0247363
11,26,23,20.51069828,61.247518,-12.05151253,70.59155047,0,0,0,0.020165311,5.110828254,3.882663399,0,149.3119112
11,27,0,20.0420413,61.97194318,-12.05151253,69.38685023,0,0,0,0.018762781,5.023607957,3.896909687,0,148.2886026
11,27,1,24.48803724,79.59895921,-12.05151253,80.23313279,0,0,0,0.017755192,5.808878814,5.126376454,0,183.2216272
11,27,2,22.72025576,73.34996387,-12.05151253,74.5106401,0,0,0,0.017093412,5.394570343,4.679841985,0,168.6208529
11,27,3,21.63606416,68.77794662,-12.05151253,71.18024512,0,0,0,0.017075824,5.153449747,4.364791152,0,159.0780601
11,27,4,21.65594067,67.96994311,-12.05151253,71.77207999,0,0,0,0.01758545,5.196298591,4.320892478,0,158.8812278
11,27,5,24.00062671,75.23667214,-12.05151253,78.88156737,0,0,0,0.019500024,5.711025477,4.856248298,0,176.6541275
11,27,6,19.744218,64.37945179,-12.05151253,66.1259403,0,0,0,0.016018483,4.787518077,4.014419159,0,147.0160533
11,27,7,13.82503845,41.7836844,-12.05151253,48.93397229,0,0,0,0.014826125,3.542819594,2.426136614,0,98.47496493
11,27,8,3.666504947,0.785654769,-12.05151253,17.08608175,0,0,0,0.012281915,1.237032319,-0.423283952,0,10.31275921
11,27,9,3.409725141,1.388310797,-12.05151253,15.76594968,0,0,0,0.0120847,1.141454757,-0.404018646,0,9.261993889
11,27,10,2.796894801,0.003433394,-12.05151253,13.1981271,0,0,0,0.01142477,0.955544402,-0.515290968,0,4.398620964
11,27,11,2.800501804,0.027619856,-12.05151253,13.17924684,0,0,0,0.011477296,0.954177471,-0.513742872,0,4.407767862
11,27,12,2.406244787,0.012265436,-12.05151253,11.45539803,0,0,0,0.011274956,0.829370817,-0.536558229,0,2.126483262
11,27,13,1.945890223,5.23764E-09,-12.05151253,9.386473563,0,0,0,0.010368826,0.679580686,-0.562883162,0,-0.592082394
11,27,14,1.714388832,2.49857E-09,-12.05151253,8.422995181,0,0,0,0.011121504,0.609824851,-0.57577779,0,-1.868959954
11,27,15,3.475427144,0.555108482,-12.05151253,16.01587828,0,0,0,0.01206456,1.159549587,-0.446768414,0,8.719747105
11,27,16,22.58770567,72.11820606,-12.05151253,77.27428646,0,0,0,0.020162357,5.59465834,4.603850035,0,170.1473564
11,27,17,28.37642081,90.12522244,-12.05151253,98.3264867,0,0,0,0.024522624,7.118837637,5.92927228,0,217.84925
11,27,18,22.06548636,66.70052143,-12.05151253,82.93950873,0,0,0,0.023960955,6.004820432,4.272997386,0,169.9557828
11,27,19,20.59642703,65.41836705,-12.05151253,74.31981839,0,0,0,0.021552762,5.380754852,4.119754782,0,157.8051623
11,27,20,22.73851702,70.82171982,-12.05151253,77.26735829,0,0,0,0.021280751,5.59415674,4.540035944,0,168.931556
11,27,21,16.462325,47.91230011,-12.05151253,60.31892144,0,0,0,0.019855364,4.367089912,2.91439737,0,119.9433767
11,27,22,23.24221376,73.81762269,-12.05151253,76.78079284,0,0,0,0.018876817,5.558929402,4.734963642,0,172.1018866
11,27,23,25.58465594,82.02927442,-12.05151253,86.72652388,0,0,0,0.022457327,6.279000329,5.322826673,0,193.913226
11,28,0,26.12245805,84.61328828,-12.05151253,87.75962269,0,0,0,0.021351919,6.353796683,5.496711822,0,198.3157169
11,28,1,25.47647108,81.95217672,-12.05151253,85.48258039,0,0,0,0.020628578,6.18893882,5.312506434,0,192.3817895
11,28,2,24.16143954,77.47737704,-12.05151253,80.65711143,0,0,0,0.019981708,5.839574868,4.990012835,0,181.0939849
11,28,3,23.54406766,74.71813082,-12.05151253,77.58866264,0,0,0,0.01913628,5.617419175,4.801935207,0,174.2378392
11,28,4,23.68970063,74.72664896,-12.05151253,78.28095434,0,0,0,0.020207486,5.667541094,4.810521424,0,175.1440614
11,28,5,25.81402261,82.50450309,-12.05151253,85.58110863,0,0,0,0.021455463,6.196072265,5.362072633,0,193.4277222
11,28,6,24.48516841,77.70158509,-12.05151253,84.3512296,0,0,0,0.022915799,6.107029023,5.020532921,0,185.6369483
11,28,7,16.64262108,51.68996767,-12.05151253,57.27893206,0,0,0,0.015508939,4.146994681,3.134855945,0,120.8573678
11,28,8,7.220846179,12.2780076,-12.05151253,28.60613833,0,0,0,0.01402958,2.071084415,0.414816908,0,38.55341048
11,28,9,4.212237923,0.861951643,-12.05151253,19.22000375,0,0,0,0.013520786,1.391528271,-0.388636889,0,13.25909295
11,28,10,3.876782462,0.128283814,-12.05151253,17.78891651,0,0,0,0.013369192,1.287917555,-0.448187057,0,10.59556994
11,28,11,3.78245849,0.123601923,-12.05151253,17.37336682,0,0,0,0.013181712,1.257831758,-0.453701683,0,10.04522649
11,28,12,3.533078413,0.085139993,-12.05151253,16.34177337,0,0,0,0.012943015,1.183144392,-0.469734483,0,8.634832161
11,28,13,3.561601316,0.085134812,-12.05151253,16.47541366,0,0,0,0.013108638,1.192819949,-0.468146046,0,8.808419796
11,28,14,4.639774217,2.670334028,-12.05151253,20.85577639,0,0,0,0.013803476,1.50995821,-0.264096219,0,17.37403757
11,28,15,7.827998473,18.72353801,-12.05151253,32.54412749,0,0,0,0.014767175,2.35619483,0.807651334,0,50.22276478
11,28,16,24.76007782,80.10667533,-12.05151253,83.86932853,0,0,0,0.019982164,6.072139386,5.169808902,0,187.9464996
11,28,17,28.90297358,92.42931901,-12.05151253,99.96437199,0,0,0,0.023756769,7.237420532,6.086939449,0,222.5932688
11,28,18,21.13929151,64.23504907,-12.05151253,71.67959892,0,0,0,0.02021982,5.189602962,4.084081522,0,154.2963313
11,28,19,21.4718031,65.81362648,-12.05151253,72.88477557,0,0,0,0.020833472,5.276857751,4.19052918,0,157.606913
11,28,20,21.64510777,65.82818034,-12.05151253,73.5629858,0,0,0,0.021298819,5.325960172,4.200992899,0,158.5330133
11,28,21,21.25351979,65.86288021,-12.05151253,71.82932226,0,0,0,0.021353897,5.200442932,4.181114232,0,156.2971208
11,28,22,21.50616996,66.06921435,-12.05151253,72.74386493,0,0,0,0.021256562,5.266655821,4.206679658,0,157.7623287
11,28,23,20.62693615,63.5727257,-12.05151253,70.13597512,0,0,0,0.020149955,5.077844598,4.018651916,0,151.4007709
11,29,0,24.57727765,78.49087396,-12.05151253,83.16371775,0,0,0,0.019866255,6.021053165,5.069626796,0,185.290903
11,29,1,24.29459797,78.24512522,-12.05151253,81.37519385,0,0,0,0.019340367,5.891564035,5.040193334,0,182.8145023
11,29,2,23.06724567,74.07368834,-12.05151253,76.3226437,0,0,0,0.017858757,5.525759404,4.739480777,0,171.6951641
11,29,3,21.80587153,69.16480855,-12.05151253,72.64010024,0,0,0,0.01758929,5.259143257,4.395797632,0,161.231798
11,29,4,22.53274244,71.13053468,-12.05151253,74.97342211,0,0,0,0.018419245,5.428075761,4.545775288,0,166.577457
11,29,5,25.68181731,81.57207422,-12.05151253,85.03420332,0,0,0,0.019745837,6.15647632,5.30277251,0,191.715577
11,29,6,23.09449244,74.04553877,-12.05151253,76.31336575,0,0,0,0.018671845,5.52508768,4.739430491,0,171.6850744
11,29,7,18.66617181,59.87974797,-12.05151253,62.75726367,0,0,0,0.015682191,4.543625889,3.703738484,0,137.5147175
11,29,8,11.28396983,32.74853102,-12.05151253,42.71248353,0,0,0,0.014839771,3.092383807,1.781341049,0,79.58203647
11,29,9,9.457109155,24.70951796,-12.05151253,36.71960324,0,0,0,0.014108545,2.658499275,1.231811882,0,62.73913752
11,29,10,8.407094979,20.0631819,-12.05151253,33.74213844,0,0,0,0.013918257,2.442930823,0.914525174,0,53.53227704
11,29,11,5.212272212,5.38856722,-12.05151253,23.10173304,0,0,0,0.013542154,1.672565472,-0.080802492,0,23.25636507
11,29,12,4.345017383,1.88590154,-12.05151253,19.6425464,0,0,0,0.013034341,1.422120359,-0.324207064,0,14.93290042
11,29,13,4.176737734,1.215665525,-12.05151253,18.98397549,0,0,0,0.012952531,1.374439825,-0.370912387,0,13.34134618
11,29,14,3.530838024,0.072162625,-12.05151253,16.35582342,0,0,0,0.012876305,1.184161616,-0.470582112,0,8.633767344
11,29,15,4.839369377,4.167227743,-12.05151253,21.7278819,0,0,0,0.013885503,1.57309865,-0.169601789,0,20.10034885
11,29,16,25.21125515,80.5711603,-12.05151253,85.59039358,0,0,0,0.021649759,6.196744495,5.220811293,0,190.7605021
11,29,17,22.07155172,72.14264697,-12.05151253,75.7251268,0,0,0,0.018156638,5.48249918,4.576461619,0,167.9649304
11,29,18,18.1739353,55.79912983,-12.05151253,63.20925729,0,0,0,0.017091728,4.576350228,3.449030479,0,133.1732823
11,29,19,21.10941397,66.27932526,-12.05151253,70.54240418,0,0,0,0.017629493,5.107270063,4.196283527,0,155.200814
11,29,20,21.70578836,68.69672826,-12.05151253,71.84670298,0,0,0,0.01754766,5.201701295,4.364150928,0,159.7811069
11,29,21,21.86582374,67.62517083,-12.05151253,73.12740694,0,0,0,0.021090207,5.294424263,4.313379149,0,160.1957826
11,29,22,21.70370249,67.17063225,-12.05151253,72.35555236,0,0,0,0.019954738,5.238541991,4.279031197,0,158.7159025
11,29,23,21.36613264,65.91409768,-12.05151253,71.42127879,0,0,0,0.019982409,5.170900584,4.19023958,0,156.0311191
11,30,0,21.53516972,67.75711689,-12.05151253,71.33730752,0,0,0,0.018471932,5.164821065,4.302311116,0,158.0636857
11,30,1,21.84418633,68.71448067,-12.05151253,72.12353984,0,0,0,0.018909629,5.221744284,4.372848503,0,160.2441967
11,30,2,24.91048702,79.77689079,-12.05151253,82.47762856,0,0,0,0.019105979,5.971380307,5.159817696,0,186.2637978
11,30,3,23.52293621,74.61565846,-12.05151253,78.40342338,0,0,0,0.019518296,5.676407852,4.795050475,0,174.9814821
11,30,4,25.17010474,80.3124149,-12.05151253,83.48475262,0,0,0,0.019452841,6.04429609,5.204107096,0,188.1836158
11,30,5,19.82841554,59.88809433,-12.05151253,68.67707269,0,0,0,0.019791508,4.972220063,3.768940351,0,145.1030219
11,30,6,23.47813995,73.78220991,-12.05151253,77.48453263,0,0,0,0.019532452,5.609880162,4.746132239,0,173.0689148
11,30,7,22.55884588,72.38706102,-12.05151253,75.34906068,0,0,0,0.018250961,5.455271994,4.617217766,0,168.3341958
11,30,8,11.92293264,34.92671567,-12.05151253,44.78510343,0,0,0,0.014757718,3.242441489,1.938256163,0,84.77869458
11,30,9,9.641340531,24.19665522,-12.05151253,37.27532055,0,0,0,0.014005175,2.698733208,1.213507115,0,62.98804926
11,30,10,9.944483998,25.92008204,-12.05151253,38.40240345,0,0,0,0.014038059,2.78033401,1.32638708,0,66.3362161
11,30,11,10.03020881,26.64771977,-12.05151253,38.56623332,0,0,0,0.013825496,2.792195292,1.371691374,0,67.37036153
11,30,12,10.07821508,27.47131562,-12.05151253,38.96217547,0,0,0,0.013924092,2.820861504,1.420239612,0,68.71521884
11,30,13,8.794035265,20.94271513,-12.05151253,34.74485683,0,0,0,0.014004433,2.515527635,0.985067749,0,55.94469451
11,30,14,5.987740702,9.535457462,-12.05151253,25.99678957,0,0,0,0.014071713,1.882167565,0.19337289,0,31.55808737
11,30,15,10.9376617,31.00446674,-12.05151253,41.92896134,0,0,0,0.014495216,3.035656801,1.664907306,0,76.53463657
11,30,16,27.64426232,88.51358258,-12.05151253,94.61219926,0,0,0,0.023104683,6.849923226,5.798722713,0,211.3902822
11,30,17,23.67850768,72.9316061,-12.05151253,79.98320097,0,0,0,0.023540488,5.790783751,4.70991409,0,175.0660406
11,30,18,18.87391253,56.83620581,-12.05151253,66.55433571,0,0,0,0.020309881,4.818533906,3.545784343,0,138.5975696
11,30,19,22.38915137,69.78967281,-12.05151253,75.31985524,0,0,0,0.020551431,5.453157519,4.463091259,0,165.3839671
11,30,20,23.875636,76.08275118,-12.05151253,78.81924691,0,0,0,0.020377077,5.706513476,4.896412918,0,177.349425
11,30,21,25.73168733,82.41846972,-12.05151253,86.79234062,0,0,0,0.021169483,6.283765461,5.3526945,0,194.5486146
11,30,22,22.77895593,71.80221147,-12.05151253,77.60481842,0,0,0,0.020502555,5.618588853,4.596901776,0,170.3704665
11,30,23,23.21243235,73.18044042,-12.05151253,78.31276376,0,0,0,0.020190109,5.669844096,4.697813765,0,173.041972
12,1,0,24.77190937,81.25982534,-12.05151253,83.21796495,0,0,0,0.020321085,6.024980662,5.234698375,0,188.4781873
12,1,1,20.42852709,64.73551491,-12.05151253,73.45960146,0,0,0,0.020243515,5.318475146,4.072367891,0,155.9832175
12,1,2,26.07954606,84.60620002,-12.05151253,87.66625992,0,0,0,0.02066248,6.347037218,5.493926809,0,198.16212
12,1,3,23.4778737,74.71423622,-12.05151253,79.6641717,0,0,0,0.020850848,5.767686031,4.798031275,0,176.3913372
12,1,4,24.68089451,79.59193384,-12.05151253,82.34338517,0,0,0,0.020497186,5.961661086,5.136727291,0,185.6835865
12,1,5,25.06974858,80.975193,-12.05151253,83.55920162,0,0,0,0.020259185,6.049686197,5.235433998,0,188.85801
12,1,6,22.05098631,69.11594451,-12.05151253,77.66237574,0,0,0,0.019815019,5.622756004,4.406728799,0,166.8270938
12,1,7,14.91853244,45.96826258,-12.05151253,52.30763026,0,0,0,0.01495091,3.787072431,2.720125234,0,107.6650613
12,1,8,3.989297452,4.677506826,-12.05151253,17.55991082,0,0,0,0.011573433,1.271337543,-0.18852825,0,15.26958529
12,1,9,1.427033876,4.366261033,-12.05151253,6.316472706,0,0,0,0.004047131,0.457312624,-0.348582722,0,0.171032114
12,1,10,0.978106273,2.627287465,-12.05151253,4.327537174,0,0,0,0.003243312,0.313313691,-0.470448817,0,-4.272473436
12,1,11,0.966406295,4.052285005,-12.05151253,3.964936875,0,0,0,0.000749972,0.28706143,-0.391728143,0,-3.1718011
12,1,12,0.280507067,0.01185393,-12.05151253,1.556221358,0,0,0,0.000737007,0.112670426,-0.654984741,0,-10.74450749
12,1,13,0.028853513,-2.05092E-10,-12.05151253,0.379432112,0,0,0,0.00049045,0.027470885,-0.669662108,0,-12.28492768
12,1,14,0.001906411,-2.22791E-11,-12.05151253,0.093648975,0,0,0,0.000195095,0.006780186,-0.671163061,0,-12.62014493
12,1,15,3.842544234,2.650680057,-12.05151253,17.6774357,0,0,0,0.013034481,1.279846344,-0.309596655,0,13.10243162
12,1,16,25.71707026,83.73763105,-12.05151253,85.73517037,0,0,0,0.020338707,6.207226334,5.425357615,0,194.7912818
12,1,17,28.39975966,90.92401053,-12.05151253,98.86736909,0,0,0,0.024277254,7.157997522,5.975064752,0,219.2969663
12,1,18,21.78075391,66.45536905,-12.05151253,81.54665964,0,0,0,0.024308198,5.903978158,4.243482801,0,167.9030392
12,1,19,18.24068424,57.12888296,-12.05151253,66.85586662,0,0,0,0.019967379,4.840364743,3.526815645,0,138.561069
12,1,20,16.05922189,47.19803087,-12.05151253,59.42522261,0,0,0,0.019660948,4.302386117,2.852159731,0,117.8051696
12,1,21,20.95185365,66.52302186,-12.05151253,70.81126794,0,0,0,0.018871324,5.126735799,4.201081318,0,155.5813194
12,1,22,21.36100547,67.69289949,-12.05151253,71.9620036,0,0,0,0.019365011,5.21004906,4.289033258,0,158.4828434
12,1,23,21.74101785,69.26583524,-12.05151253,72.78845902,0,0,0,0.019442607,5.269884433,4.397812469,0,161.4309391
12,2,0,21.50701967,68.34209695,-12.05151253,72.53671766,0,0,0,0.019499174,5.251658358,4.333326548,0,159.9388058
12,2,1,27.53552706,89.56265593,-12.05151253,94.91078912,0,0,0,0.022442162,6.871541132,5.851099544,0,212.7025424
12,2,2,24.83706907,81.01830107,-12.05151253,83.63559494,0,0,0,0.020117219,6.055217073,5.224874869,0,188.7396617
12,2,3,24.97834521,81.71362195,-12.05151253,82.04202861,0,0,0,0.018717562,5.939842871,5.271473323,0,187.912517
12,2,4,24.2674051,79.23534432,-12.05151253,79.75740768,0,0,0,0.018257432,5.774436316,5.093833895,0,182.0951722
12,2,5,23.0476895,74.47087405,-12.05151253,77.48396807,0,0,0,0.018796063,5.609839288,4.760514741,0,173.3401692
12,2,6,24.60710077,77.98656038,-12.05151253,83.4889707,0,0,0,0.021943959,6.044601479,5.043197678,0,185.1408624
12,2,7,11.26703265,32.83285053,-12.05151253,42.39590167,0,0,0,0.013947799,3.069463281,1.785094245,0,79.31277764
12,2,8,1.146684508,3.250122079,-12.05151253,4.834947079,0,0,0,0.003133747,0.350050169,-0.426367121,0,-2.892942074
12,2,9,0.447479825,0.361629471,-12.05151253,2.119629334,0,0,0,0.000459884,0.153461164,-0.62620186,0,-9.595054717
12,2,10,0.367761353,0.016449712,-12.05151253,1.888286209,0,0,0,0.000453313,0.136711922,-0.649868692,0,-10.29171872
12,2,11,0.193519345,2.6184E-09,-12.05151253,1.121559994,0,0,0,0.000791812,0.081200944,-0.660490221,0,-11.31493066
12,2,12,0.072332704,3.45149E-10,-12.05151253,0.383054176,0,0,0,5.2674E-05,0.027733122,-0.667240317,0,-12.23558017
12,2,13,0.148874554,-1.73981E-09,-12.05151253,0.81560344,0,0,0,0.001699109,0.059049689,-0.662976936,0,-11.68926268
12,2,14,0,0,-12.05151253,0,0,0,0,0,0,-0.671269248,0,-12.72278178
12,2,15,1.61138704,0.01284263,-12.05151253,8.01336988,0,0,0,0.010363394,0.580167979,-0.580799656,0,-2.404181266
12,2,16,26.47151707,85.91679928,-12.05151253,88.40094526,0,0,0,0.021366325,6.400228437,5.588759973,0,200.7481038
12,2,17,28.03796154,89.75611027,-12.05151253,97.57767421,0,0,0,0.023913791,7.064623613,5.889860551,0,216.2986314
12,2,18,24.57290557,77.63837976,-12.05151253,85.76181965,0,0,0,0.020961272,6.209155743,5.021899345,0,187.1736088
12,2,19,22.66574173,71.28485309,-12.05151253,77.54360578,0,0,0,0.020612624,5.614157058,4.561778883,0,169.6392366
12,2,20,24.04109532,76.1149432,-12.05151253,80.55673825,0,0,0,0.020484418,5.832307849,4.907422098,0,179.4214786
12,2,21,22.82731939,72.36428947,-12.05151253,76.37274997,0,0,0,0.020072654,5.529387098,4.630903365,0,169.6932094
12,2,22,22.58519624,70.80593689,-12.05151253,75.87735945,0,0,0,0.021229794,5.493520824,4.530616867,0,167.2623475
12,2,23,23.33830368,74.13626613,-12.05151253,77.43680149,0,0,0,0.020579052,5.606424428,4.75806429,0,173.2449265
12,3,0,22.18928349,70.04888819,-12.05151253,73.97841239,0,0,0,0.019733372,5.356037057,4.466396915,0,164.0072389
12,3,1,22.29103483,70.52352366,-12.05151253,74.51238292,0,0,0,0.018222623,5.394696524,4.49850166,0,165.1868497
12,3,2,22.20788873,70.95131404,-12.05151253,73.58805618,0,0,0,0.017168639,5.327775268,4.517698346,0,164.5583887
12,3,3,22.62636572,72.62163683,-12.05151253,74.41464549,0,0,0,0.016776906,5.387620333,4.634044494,0,167.6495772
12,3,4,23.42831818,74.64652563,-12.05151253,77.21493822,0,0,0,0.017894914,5.590361527,4.791499552,0,173.6380255
12,3,5,25.04616118,79.37490132,-12.05151253,83.01467879,0,0,0,0.020516298,6.010262745,5.144983933,0,186.5599917
12,3,6,23.66172003,73.14880434,-12.05151253,79.91291307,0,0,0,0.022823497,5.785694906,4.721076959,0,175.2015203
12,3,7,17.31200135,54.26004967,-12.05151253,59.50353135,0,0,0,0.016202147,4.30805567,3.315293994,0,126.6636216
12,3,8,15.09748953,46.09847677,-12.05151253,51.16371945,0,0,0,0.01401326,3.704253288,2.737346075,0,106.7637858
12,3,9,7.941200901,17.3881986,-12.05151253,29.95468407,0,0,0,0.012187485,2.168719127,0.739578304,0,46.15305595
12,3,10,4.647083283,5.930692676,-12.05151253,20.45110457,0,0,0,0.011241713,1.480659971,-0.082087127,0,20.38718255
12,3,11,3.214106285,3.867162816,-12.05151253,14.4023189,0,0,0,0.008952605,1.042727888,-0.276842559,0,10.2069134
12,3,12,1.849337512,0.491910497,-12.05151253,8.634181645,0,0,0,0.005037482,0.625114751,-0.540861734,0,-0.986792381
12,3,13,0.556611486,0.035985256,-12.05151253,2.899235772,0,0,0,0.003102056,0.20990467,-0.63826161,0,-8.984934904
12,3,14,0.605576497,1.05664E-09,-12.05151253,3.116878498,0,0,0,0.003951074,0.225662003,-0.637538637,0,-8.736983098
12,3,15,4.556398587,2.884485145,-12.05151253,20.59450053,0,0,0,0.013468234,1.491041838,-0.256812024,0,17.23156977
12,3,16,24.03713487,75.44586687,-12.05151253,82.45037572,0,0,0,0.022475786,5.969407202,4.869933949,0,180.7436819
12,3,17,17.07185747,51.81757167,-12.05151253,62.61184476,0,0,0,0.018263092,4.533097561,3.165871955,0,127.166994
12,3,18,22.39099131,71.62033791,-12.05151253,74.71054037,0,0,0,0.019351936,5.409043123,4.565161789,0,166.6639139
12,3,19,20.57397697,64.93726844,-12.05151253,70.26090561,0,0,0,0.018348674,5.086889566,4.091707121,0,152.9175838
12,3,20,15.3711945,45.6862194,-12.05151253,57.3832809,0,0,0,0.018781738,4.154549537,2.729628706,0,113.2921422
12,3,21,24.36212189,74.78103423,-12.05151253,81.27623663,0,0,0,0.022443573,5.884399532,4.851004548,0,179.1257279
12,3,22,19.59029095,59.60231329,-12.05151253,69.94294401,0,0,0,0.021139956,5.063869146,3.739758808,0,145.9088036
12,3,23,23.93306832,76.58033705,-12.05151253,79.33608407,0,0,0,0.020437073,5.743932487,4.927327431,0,178.4896739
12,4,0,24.21542345,78.25124232,-12.05151253,79.62727393,0,0,0,0.019261693,5.765014632,5.036124035,0,180.8628275
12,4,1,23.38251808,75.57367324,-12.05151253,76.27304703,0,0,0,0.017683975,5.522168605,4.840590608,0,173.558169
12,4,2,22.70664524,73.44559357,-12.05151253,73.98064625,0,0,0,0.016777288,5.356198789,4.684410453,0,168.1387591
12,4,3,23.56001367,76.46562715,-12.05151253,78.49197673,0,0,0,0.016995282,5.682819116,4.900158946,0,177.0660784
12,4,4,23.72937222,76.91219403,-12.05151253,77.95261854,0,0,0,0.017109188,5.643769582,4.934465992,0,177.138017
12,4,5,24.16689074,78.27218647,-12.05151253,79.44624085,0,0,0,0.018356868,5.751907838,5.034587353,0,180.6386576
12,4,6,22.3942651,72.01441279,-12.05151253,75.07482572,0,0,0,0.018050316,5.435417382,4.58729411,0,167.4727529
12,4,7,20.9996197,65.87516104,-12.05151253,70.70352921,0,0,0,0.01900419,5.118935514,4.167656039,0,154.8323932
12,4,8,16.81904323,52.70127037,-12.05151253,57.43121479,0,0,0,0.015109989,4.158019951,3.201012219,0,122.274158
12,4,9,16.18342281,50.90855802,-12.05151253,55.98172196,0,0,0,0.015002136,4.05307667,3.065754084,0,118.1560231
12,4,10,16.0336301,49.48153258,-12.05151253,55.0916228,0,0,0,0.014935026,3.988633491,2.977925313,0,115.5367668
12,4,11,15.64659496,48.97257084,-12.05151253,54.39257898,0,0,0,0.014706532,3.938022718,2.928018287,0,113.8409798
12,4,12,16.58957213,52.54516062,-12.05151253,56.38355928,0,0,0,0.01437207,4.082169692,3.179535365,0,120.7428566
12,4,13,15.5880402,49.02078623,-12.05151253,53.69905004,0,0,0,0.014225232,3.887811223,2.927442384,0,113.0858428
12,4,14,15.91791912,49.94160698,-12.05151253,54.7765834,0,0,0,0.014571732,3.965824638,2.997106355,0,115.5620997
12,4,15,16.55945216,51.95390184,-12.05151253,57.06973086,0,0,0,0.015301107,4.131848514,3.14492457,0,120.8236465
12,4,16,22.33288308,68.51276893,-12.05151253,81.93264272,0,0,0,0.023929081,5.931923333,4.388833569,0,171.0714682
12,4,17,18.29357781,54.56226029,-12.05151253,65.69817355,0,0,0,0.019838378,4.756547765,3.386800934,0,134.6656862
12,4,18,23.00803141,72.61940212,-12.05151253,77.84557174,0,0,0,0.020402678,5.636019394,4.6551788,0,171.7330936
12,4,19,24.1868915,77.30043648,-12.05151253,80.72846045,0,0,0,0.019965717,5.844740537,4.98157492,0,181.0105571
12,4,20,19.91471855,61.34193936,-12.05151253,70.27703974,0,0,0,0.020132688,5.088057677,3.854726597,0,148.4451021
12,4,21,27.12806517,85.83910195,-12.05151253,93.00821717,0,0,0,0.024129909,6.733794923,5.621001961,0,206.3027985
12,4,22,27.53658088,89.18872583,-12.05151253,92.72002368,0,0,0,0.022438349,6.712929715,5.830330336,0,209.9595163
12,4,23,27.37759087,89.33522152,-12.05151253,92.24922759,0,0,0,0.02176134,6.678844078,5.829634402,0,209.4407673
12,5,0,23.35643886,73.59854244,-12.05151253,80.95401768,0,0,0,0.021845452,5.86107088,4.72912321,0,176.469526
12,5,1,23.26265501,73.20653071,-12.05151253,79.10068393,0,0,0,0.021082269,5.726889517,4.702064396,0,173.9683933
12,5,2,24.85788191,79.27725642,-12.05151253,83.13970445,0,0,0,0.021185804,6.019314602,5.129057957,0,186.3928886
12,5,3,25.0925775,78.67927726,-12.05151253,84.65795444,0,0,0,0.022124376,6.129235901,5.108823062,0,187.63848
12,5,4,25.58635739,81.35246112,-12.05151253,85.45684195,0,0,0,0.021926381,6.187075357,5.285222943,0,191.8383726
12,5,5,24.9961146,79.37758919,-12.05151253,84.03490065,0,0,0,0.022558037,6.084126807,5.142346053,0,187.6061228
12,5,6,27.08794601,89.17359115,-12.05151253,91.21529915,0,0,0,0.021178034,6.603987658,5.804498372,0,207.8549878
12,5,7,23.49996815,74.60529249,-12.05151253,80.91839892,0,0,0,0.020784806,5.858492082,4.793193769,0,177.6446177
12,5,8,26.4680987,86.58024787,-12.05151253,88.05274615,0,0,0,0.020151269,6.375018821,5.625523656,0,201.0702739
12,5,9,24.97235829,80.06476411,-12.05151253,84.24379449,0,0,0,0.019995742,6.099250721,5.179298469,0,188.5279493
12,5,10,23.38230947,74.10625147,-12.05151253,77.85185898,0,0,0,0.019438213,5.63647459,4.758843596,0,173.7036638
12,5,11,22.686212,71.45437283,-12.05151253,75.97335838,0,0,0,0.020079607,5.500471147,4.572361327,0,168.1553428
12,5,12,22.66300228,72.08767639,-12.05151253,74.62769064,0,0,0,0.019232745,5.403044802,4.606343554,0,167.3554779
12,5,13,25.10033341,79.42644375,-12.05151253,83.30387516,0,0,0,0.021265789,6.031200562,5.15087224,0,186.9824784
12,5,14,25.13116413,79.99302758,-12.05151253,83.06556931,0,0,0,0.020992686,6.013947218,5.18414823,0,187.3573366
12,5,15,24.56721898,77.98430446,-12.05151253,83.32227137,0,0,0,0.020795724,6.032532447,5.040850607,0,184.9164611
12,5,16,22.39974233,70.79584739,-12.05151253,78.52718772,0,0,0,0.021680665,5.685368391,4.519725099,0,169.8980391
12,5,17,24.38193223,74.92959244,-12.05151253,86.90109971,0,0,0,0.024469726,6.291639619,4.860382676,0,185.3376039
12,5,18,27.5738181,86.8119996,-12.05151253,95.86178057,0,0,0,0.024517415,6.940392913,5.700020797,0,210.8610169
12,5,19,23.49980555,75.15765882,-12.05151253,79.91926112,0,0,0,0.020065184,5.786154505,4.823951517,0,177.1553842
12,5,20,23.87343857,75.58246207,-12.05151253,81.34576277,0,0,0,0.020276315,5.889433224,4.868424417,0,179.5282848
12,5,21,25.20540591,81.12389464,-12.05151253,85.7720547,0,0,0,0.020829329,6.20989676,5.251272792,0,191.5318416
12,5,22,24.97620036,80.07547257,-12.05151253,84.65694275,0,0,0,0.02087707,6.129162655,5.180108934,0,188.9872518
12,5,23,25.6621206,81.04847346,-12.05151253,140.7416186,0,0,0,0.021289861,10.18969319,5.272510841,0,250.884194
12,6,0,26.83151217,88.35050114,-12.05151253,150.7437708,0,0,0,0.020707455,10.91384901,5.744368893,0,270.553197
12,6,1,26.93210379,87.35148897,-12.05151253,158.9082199,0,0,0,0.020620932,11.50495512,5.694326868,0,278.3602031
12,6,2,25.09163702,80.34245491,-12.05151253,137.6344498,0,0,0,0.01973455,9.964734162,5.201409672,0,246.2029075
12,6,3,23.91002011,75.6899073,-12.05151253,133.7490863,0,0,0,0.019222688,9.683433846,4.876446709,0,235.8766044
12,6,4,23.90340608,75.4488669,-12.05151253,133.9221071,0,0,0,0.020207229,9.695960555,4.862652357,0,235.8016877
12,6,5,25.0911781,80.10291955,-12.05151253,137.8025485,0,0,0,0.020238089,9.976904515,5.188041991,0,246.1303183
12,6,6,28.49838814,91.99352299,-12.05151253,152.4283252,0,0,0,0.021721475,11.03581075,6.040130202,0,277.9663862
12,6,7,23.95810087,77.03464016,-12.05151253,80.71404643,0,0,0,0.018192412,5.843696961,4.954026427,0,180.4711907
12,6,8,20.35780581,65.91705299,-12.05151253,67.09604241,0,0,0,0.015404546,4.85775347,4.134240387,0,150.3267871
12,6,9,13.0997161,37.04532855,-12.05151253,45.53177903,0,0,0,0.01397137,3.296500802,2.121809739,0,89.05759306
12,6,10,10.6443194,28.4836743,-12.05151253,39.43204997,0,0,0,0.013915582,2.854880418,1.508160001,0,70.88548714
12,6,11,9.13753826,23.06436102,-12.05151253,35.64298139,0,0,0,0.013738947,2.580551853,1.122376542,0,59.51003548
12,6,12,9.049074873,22.94986184,-12.05151253,35.06652458,0,0,0,0.013471143,2.538816379,1.111071527,0,58.67730781
12,6,13,9.107299896,22.79904163,-12.05151253,34.99101865,0,0,0,0.013479519,2.53334975,1.105913975,0,58.49859089
12,6,14,9.771364873,26.56764881,-12.05151253,38.12261575,0,0,0,0.01421415,2.76007738,1.352813814,0,66.53722225
12,6,15,13.27319883,39.37335486,-12.05151253,48.38085629,0,0,0,0.015133524,3.502773996,2.261143792,0,94.75494876
12,6,16,28.99043507,92.60604226,-12.05151253,99.66101004,0,0,0,0.02374193,7.215457127,6.101654539,0,222.5468284
12,6,17,28.09150419,94.92607369,-12.05151253,109.9008895,0,0,0,0.020064358,7.956824397,6.18080984,0,235.0246534
12,6,18,24.22296742,77.21534703,-12.05151253,82.01333251,0,0,0,0.019182809,5.937765274,4.978844867,0,182.3359274
12,6,19,20.74896238,64.44260678,-12.05151253,71.82039901,0,0,0,0.01927627,5.199796888,4.073901154,0,154.2534299
12,6,20,19.40916072,59.26418997,-12.05151253,68.05483057,0,0,0,0.019727464,4.927169733,3.710836385,0,143.3344023
12,6,21,24.87111725,75.26429662,-12.05151253,84.31835284,0,0,0,0.022318532,6.104648745,4.906273304,0,183.4354948
12,6,22,25.11939768,80.42818387,-12.05151253,85.56178697,0,0,0,0.021733216,6.194673377,5.207731044,0,190.4819936
12,6,23,27.54620627,90.92372309,-12.05151253,92.11904425,0,0,0,0.021197896,6.669418804,5.927505817,0,211.1555836
12,7,0,27.01907088,87.46465988,-12.05151253,92.04921366,0,0,0,0.022101171,6.664363069,5.705474556,0,206.8733707
12,7,1,25.75093063,82.44873384,-12.05151253,85.97294919,0,0,0,0.021521481,6.224441521,5.355452063,0,193.7225162
12,7,2,24.90316981,79.68153564,-12.05151253,83.37962401,0,0,0,0.021025632,6.036684778,5.154098846,0,187.1246262
12,7,3,25.72702654,82.73792622,-12.05151253,85.26319586,0,0,0,0.020335025,6.17305538,5.370228621,0,193.2402551
12,7,4,25.60952072,81.35461854,-12.05151253,85.52991506,0,0,0,0.021228303,6.19236585,5.286633309,0,191.9427692
12,7,5,25.55308946,82.21027873,-12.05151253,84.89728342,0,0,0,0.021418908,6.146563319,5.33115036,0,192.1082717
12,7,6,27.23243002,87.91145003,-12.05151253,90.93070416,0,0,0,0.021100251,6.583382981,5.74224487,0,206.3697998
12,7,7,26.22733178,84.95083452,-12.05151253,87.49296841,0,0,0,0.021041413,6.334490913,5.521354615,0,198.4965091
12,7,8,27.12323275,87.69435759,-12.05151253,90.78790282,0,0,0,0.021312498,6.573044164,5.724070534,0,205.8724078
12,7,9,24.16527657,77.28765925,-12.05151253,80.46099076,0,0,0,0.020398754,5.825375731,4.979659277,0,180.6878478
12,7,10,23.76981064,75.75658754,-12.05151253,79.36986599,0,0,0,0.020460061,5.746378298,4.872351131,0,177.4839411
12,7,11,23.4536957,74.63406751,-12.05151253,78.53089561,0,0,0,0.020396098,5.685636842,4.792219163,0,175.0653984
12,7,12,22.60405866,71.4141804,-12.05151253,75.62606644,0,0,0,0.019555125,5.47532721,4.565546668,0,167.653222
12,7,13,23.88402764,76.15586364,-12.05151253,81.4956389,0,0,0,0.019172571,5.900284256,4.900952697,0,180.3044272
12,7,14,23.64772375,75.46060795,-12.05151253,78.64611228,0,0,0,0.019418584,5.693978529,4.849064827,0,176.2653934
12,7,15,24.51180515,78.61488327,-12.05151253,81.09375674,0,0,0,0.019991465,5.871187988,5.072887297,0,183.1329994
12,7,16,27.18014536,87.81697729,-12.05151253,90.18910431,0,0,0,0.021088869,6.529691152,5.734070483,0,205.4195649
12,7,17,28.80404187,92.37186958,-12.05151253,97.63372715,0,0,0,0.022331059,7.068681846,6.07822902,0,219.927368
12,7,18,26.46512922,83.96919249,-12.05151253,95.18748237,0,0,0,0.022903512,6.891573723,5.479922471,0,205.9646913
12,7,19,24.09341246,76.24113164,-12.05151253,80.36709611,0,0,0,0.020869203,5.818577759,4.917364858,0,179.4069395
12,7,20,25.68476775,81.66033688,-12.05151253,85.86314718,0,0,0,0.021330585,6.216491856,5.307853079,0,192.7024148
12,7,21,24.37879442,77.63093443,-12.05151253,81.85012269,0,0,0,0.020555211,5.925948883,5.010672649,0,182.7655157
12,7,22,23.02155287,72.46795055,-12.05151253,77.38451075,0,0,0,0.019762545,5.602638578,4.647496092,0,171.0923988
12,7,23,23.43352009,74.32148146,-12.05151253,78.16680096,0,0,0,0.018963872,5.659276389,4.773684338,0,174.3222146
12,8,0,23.41007605,74.87928654,-12.05151253,77.23601103,0,0,0,0.018650897,5.591887199,4.803448248,0,173.8878474
12,8,1,21.23577011,67.40422963,-12.05151253,71.70623989,0,0,0,0.017683411,5.191531768,4.265978737,0,157.769921
12,8,2,21.40630989,68.41588725,-12.05151253,71.51915646,0,0,0,0.017708375,5.177986928,4.331827133,0,158.8173635
12,8,3,21.63084373,69.26637969,-12.05151253,71.77330262,0,0,0,0.017290492,5.19638711,4.391706096,0,160.2243972
12,8,4,20.11806108,63.69589331,-12.05151253,67.82444608,0,0,0,0.017119002,4.910489896,3.997168012,0,148.5116649
12,8,5,21.64749182,68.31187198,-12.05151253,72.6187683,0,0,0,0.019188265,5.257598825,4.339467316,0,160.142874
12,8,6,22.46451452,70.22039476,-12.05151253,74.95284855,0,0,0,0.020751394,5.426586235,4.491280199,0,165.5248631
12,8,7,19.35539023,59.70309766,-12.05151253,65.54540971,0,0,0,0.018239108,4.745487663,3.732288527,0,141.0484004
12,8,8,19.32081976,60.11523262,-12.05151253,64.87372869,0,0,0,0.017064454,4.696857957,3.75331887,0,140.7255098
12,8,9,15.10565686,45.33332643,-12.05151253,53.10240728,0,0,0,0.015719569,3.844614287,2.695182121,0,108.045394
12,8,10,7.592384416,16.88603385,-12.05151253,31.7721223,0,0,0,0.0139669,2.300301654,0.692178649,0,47.20547523
12,8,11,7.440576978,16.22165653,-12.05151253,31.2316648,0,0,0,0.013679728,2.261172531,0.646717158,0,45.76395519
12,8,12,8.67642849,21.54808739,-12.05151253,34.93382611,0,0,0,0.013851154,2.52920901,1.012236287,0,56.66212591
12,8,13,6.777499156,13.59176055,-12.05151253,28.9054204,0,0,0,0.013477014,2.092752437,0.463298517,0,39.79269554
12,8,14,10.44911342,28.84857164,-12.05151253,40.3477021,0,0,0,0.014226379,2.921173632,1.51761181,0,72.04688645
12,8,15,8.320663657,19.70431284,-12.05151253,33.81268259,0,0,0,0.014304257,2.448038219,0.889721943,0,53.13821097
12,8,16,23.32740053,72.57836005,-12.05151253,78.4817645,0,0,0,0.021933292,5.68207975,4.670681616,0,172.7107072
12,8,17,25.12316055,81.74456454,-12.05151253,83.77845797,0,0,0,0.018881661,6.065560357,5.281263039,0,189.9603756
12,8,18,23.98297143,75.22498011,-12.05151253,79.67456997,0,0,0,0.018956087,5.768438866,4.854613652,0,177.4730176
12,8,19,24.15730205,75.886633,-12.05151253,80.21059806,0,0,0,0.019779388,5.807247299,4.901177934,0,178.9312252
12,8,20,24.24992624,76.98954818,-12.05151253,80.07408954,0,0,0,0.018697338,5.797364083,4.967769477,0,180.0458823
12,8,21,22.16325944,69.43226053,-12.05151253,74.06703937,0,0,0,0.018294862,5.36245365,4.430601214,0,163.4223965
12,8,22,20.37875801,63.70388153,-12.05151253,69.0310944,0,0,0,0.017324461,4.997851235,4.012133774,0,150.0895309
12,8,23,19.33878107,60.47891421,-12.05151253,65.63982315,0,0,0,0.016262982,4.752323196,3.774576379,0,141.9491685
12,9,0,20.77782076,64.60902769,-12.05151253,70.43776151,0,0,0,0.017221554,5.099693934,4.084778211,0,152.9747911
12,9,1,20.14340522,64.94944481,-12.05151253,68.59952272,0,0,0,0.016117486,4.966605445,4.068402499,0,150.6919856
12,9,2,22.59828158,74.37671084,-12.05151253,74.28118796,0,0,0,0.015774992,5.377958009,4.73023783,0,169.3286387
12,9,3,21.43329827,70.19200177,-12.05151253,70.50066769,0,0,0,0.015615397,5.10424834,4.432259964,0,159.6265789
12,9,4,21.02549703,68.55097167,-12.05151253,68.94764173,0,0,0,0.015479665,4.991809261,4.318140059,0,155.7980269
12,9,5,20.45019073,66.17244762,-12.05151253,67.83847615,0,0,0,0.015685099,4.911505673,4.153611708,0,151.4904044
12,9,6,22.40754093,71.62807554,-12.05151253,74.57448045,0,0,0,0.017341823,5.399192384,4.566514589,0,166.5416332
12,9,7,11.2833032,29.94568471,-12.05151253,40.8228394,0,0,0,0.014039224,2.955573573,1.625185378,0,74.59511295
12,9,8,4.943789477,6.216016058,-12.05151253,20.29978411,0,0,0,0.011269834,1.46970437,-0.04966808,0,20.83938324
12,9,9,0.647787228,0.902102505,-12.05151253,3.216693179,0,0,0,0.003188764,0.232888586,-0.58494039,0,-7.633792664
12,9,10,0.20721099,-2.76182E-10,-12.05151253,1.175778478,0,0,0,0.001145131,0.085126362,-0.659727596,0,-11.24197917
12,9,11,0.130759654,6.1597E-10,-12.05151253,0.800273542,0,0,0,0.000363514,0.057939804,-0.663985935,0,-11.72616195
12,9,12,0.128917951,5.86586E-10,-12.05151253,0.711426106,0,0,0,0.000278416,0.05150725,-0.664088518,0,-11.82347133
12,9,13,0.128928685,5.86833E-10,-12.05151253,0.71146485,0,0,0,0.000278307,0.051510055,-0.66408792,0,-11.82341856
12,9,14,0.367747973,1.48654E-09,-12.05151253,1.828477509,0,0,0,0.000436588,0.132381772,-0.650785686,0,-10.37325438
12,9,15,2.027696256,0.003418767,-12.05151253,9.837104269,0,0,0,0.011082092,0.712206349,-0.558136141,0,-0.018140943
12,9,16,23.50822111,74.71470073,-12.05151253,78.01202829,0,0,0,0.019959812,5.648070848,4.799747498,0,174.6512158
12,9,17,26.92423201,87.04241929,-12.05151253,90.13227151,0,0,0,0.021532891,6.525576457,5.67667323,0,204.2711929
12,9,18,25.22742697,79.81877005,-12.05151253,85.7779482,0,0,0,0.022398315,6.21032345,5.179803926,0,190.1851584
12,9,19,25.69570432,81.87496001,-12.05151253,85.50121841,0,0,0,0.020990352,6.190288213,5.320416755,0,192.5520655
12,9,20,26.07445708,83.33761434,-12.05151253,87.35129494,0,0,0,0.021234016,6.324233754,5.42298313,0,196.4803047
12,9,21,23.49063456,74.18121284,-12.05151253,79.21826422,0,0,0,0.019998943,5.73540233,4.769052652,0,175.363053
12,9,22,18.91682232,58.98632296,-12.05151253,67.04246309,0,0,0,0.018587487,4.853874328,3.667935944,0,141.4344936
12,9,23,22.52949507,72.91888837,-12.05151253,74.97215086,0,0,0,0.017598198,5.427983722,4.645205709,0,168.4598094
12,10,0,21.97962403,70.93534601,-12.05151253,73.47998918,0,0,0,0.017327253,5.319951217,4.504094583,0,164.1848197
12,10,1,21.94740049,71.24282241,-12.05151253,73.20362274,0,0,0,0.017032155,5.299942286,4.519426167,0,164.1787337
12,10,2,22.12686263,71.9486393,-12.05151253,73.28699757,0,0,0,0.016986836,5.305978624,4.568736209,0,165.2026886
12,10,3,22.05844641,71.61008879,-12.05151253,73.27295165,0,0,0,0.017083755,5.3049617,4.546068163,0,164.7580879
12,10,4,22.44714843,71.57009223,-12.05151253,75.22993614,0,0,0,0.018456788,5.446647377,4.565491057,0,167.2262595
12,10,5,23.44818654,74.09986372,-12.05151253,78.9453925,0,0,0,0.020680279,5.715646417,4.762157151,0,174.9404141
12,10,6,24.34881981,76.59304169,-12.05151253,82.34487609,0,0,0,0.021761637,5.961769029,4.951192437,0,182.1699481
12,10,7,22.16263377,70.77129549,-12.05151253,73.87605843,0,0,0,0.018730263,5.34862663,4.505150612,0,164.6309827
12,10,8,18.68565617,59.1971807,-12.05151253,63.3349007,0,0,0,0.016128751,4.585446811,3.666804766,0,137.4346054
12,10,9,15.71592415,48.58951996,-12.05151253,55.02482248,0,0,0,0.015429622,3.983797147,2.910543989,0,114.1885248
12,10,10,7.481604724,14.21633725,-12.05151253,30.36995897,0,0,0,0.014735313,2.19878503,0.53730612,0,42.76721487
12,10,11,4.891175618,2.752158662,-12.05151253,21.79041772,0,0,0,0.014186301,1.577626243,-0.245535529,0,18.72851648
12,10,12,3.762353149,0.090937425,-12.05151253,17.43996604,0,0,0,0.013708326,1.262653541,-0.456640963,0,10.06146498
12,10,13,3.236615874,0.075625386,-12.05151253,15.07692311,0,0,0,0.012185746,1.091569233,-0.48677741,0,6.954629402
12,10,14,2.789715305,0.110643662,-12.05151253,13.08105719,0,0,0,0.011303093,0.94706854,-0.509719254,0,4.378555999
12,10,15,10.48281383,29.46164946,-12.05151253,40.89127889,0,0,0,0.014805873,2.960528592,1.553637357,0,73.31320147
12,10,16,27.35645654,88.403691,-12.05151253,93.72906464,0,0,0,0.02361999,6.78598428,5.77657097,0,210.0238749
12,10,17,23.46956322,74.20742397,-12.05151253,79.47673069,0,0,0,0.021017445,5.754115302,4.769338938,0,175.646677
12,10,18,23.99159664,75.03470327,-12.05151253,80.57443253,0,0,0,0.021454288,5.833588915,4.844495657,0,178.2487588
12,10,19,23.58223315,73.73252864,-12.05151253,79.82136161,0,0,0,0.021515377,5.779066581,4.749162984,0,175.6343558
12,10,20,23.37336791,73.67934203,-12.05151253,78.69996859,0,0,0,0.020618498,5.697877726,4.734566696,0,174.1542289
12,10,21,25.99282702,83.3284668,-12.05151253,88.52864762,0,0,0,0.023458366,6.409474087,5.417926818,0,197.6492882
12,10,22,22.57806218,69.84886272,-12.05151253,79.37852122,0,0,0,0.023085729,5.747004936,4.476910469,0,170.0009347
12,10,23,25.37106741,81.74588571,-12.05151253,85.15914551,0,0,0,0.020219358,6.165522135,5.295145041,0,191.7054726
12,11,0,21.03668792,67.09853841,-12.05151253,72.90602742,0,0,0,0.018102822,5.278396385,4.237862858,0,158.5241033
12,11,1,22.78336045,74.959075,-12.05151253,75.22722326,0,0,0,0.01652997,5.446450964,4.772984406,0,171.1541115
12,11,2,21.77944646,71.40372961,-12.05151253,71.35589554,0,0,0,0.015894089,5.166166837,4.519033659,0,162.1886537
12,11,3,21.01307031,68.56653927,-12.05151253,68.74913488,0,0,0,0.015595118,4.977437365,4.318315005,0,155.5885794
12,11,4,20.67948078,67.12938125,-12.05151253,68.01885436,0,0,0,0.015791318,4.924565055,4.219684367,0,152.9362446
12,11,5,21.27781992,68.62360675,-12.05151253,70.68038085,0,0,0,0.016403633,5.117259574,4.336240218,0,158.0001984
12,11,6,24.79278983,82.6290198,-12.05151253,81.56742516,0,0,0,0.017146062,5.905481582,5.312125548,0,188.1724754
12,11,7,17.09871877,53.80399136,-12.05151253,58.74065837,0,0,0,0.015673571,4.252823666,3.278011706,0,125.1383649
12,11,8,10.34156551,27.47747235,-12.05151253,39.86674018,0,0,0,0.014877556,2.886351989,1.435251161,0,69.97074622
12,11,9,6.444214175,9.416515026,-12.05151253,26.3986066,0,0,0,0.014183502,1.911259118,0.212173368,0,32.34543925
12,11,10,4.039629443,0.121521554,-12.05151253,18.61393466,0,0,0,0.01396775,1.34764887,-0.439493138,0,11.64569661
12,11,11,3.926910437,0.116859602,-12.05151253,18.11740664,0,0,0,0.013659272,1.311700241,-0.446031257,0,10.9889924
12,11,12,3.917454788,0.116859602,-12.05151253,18.07271821,0,0,0,0.013614253,1.308464798,-0.446557937,0,10.93104118
12,11,13,3.861421626,0.11219765,-12.05151253,17.83529985,0,0,0,0.013599106,1.291275709,-0.449938655,0,10.61234275
12,11,14,3.676420018,0.079774293,-12.05151253,17.06908572,0,0,0,0.013450598,1.235801806,-0.462049225,0,9.560970674
12,11,15,8.488266569,21.18227024,-12.05151253,34.72556307,0,0,0,0.014710769,2.514130767,0.981379652,0,55.85480853
12,11,16,25.70442101,82.26865055,-12.05151253,85.42209805,0,0,0,0.02144115,6.184559899,5.342830838,0,192.892489
12,11,17,21.04551754,66.00078342,-12.05151253,71.17537084,0,0,0,0.018219655,5.153096849,4.177209716,0,155.5186855
12,11,18,20.24047741,63.60137662,-12.05151253,69.30491706,0,0,0,0.018045827,5.017675995,3.998722021,0,150.1297024
12,11,19,22.76771286,72.43559511,-12.05151253,75.75523489,0,0,0,0.018447414,5.484679006,4.631555006,0,169.0417118
12,11,20,25.55287033,84.08081862,-12.05151253,84.37022568,0,0,0,0.018758053,6.108404339,5.435327226,0,193.5148917
12,11,21,25.83083561,84.75236935,-12.05151253,85.41875977,0,0,0,0.021072721,6.184318207,5.488215268,0,195.6440584
12,11,22,25.05512247,81.93778839,-12.05151253,82.38599759,0,0,0,0.020056635,5.964746226,5.288235887,0,188.6004347
12,11,23,24.17115596,76.34740299,-12.05151253,81.4332171,0,0,0,0.020001327,5.895764918,4.927614486,0,180.7436442
12,12,0,23.44622384,73.33311441,-12.05151253,79.06675998,0,0,0,0.019325503,5.724433423,4.719339892,0,174.2576845
12,12,1,24.66560479,80.37429816,-12.05151253,82.52669285,0,0,0,0.018217205,5.974932562,5.179453346,0,186.6876864
12,12,2,24.07418958,79.62140164,-12.05151253,79.31658277,0,0,0,0.016933671,5.742520593,5.104575182,0,181.8246909
12,12,3,23.84096089,77.57570162,-12.05151253,78.72304403,0,0,0,0.017335234,5.699548388,4.977638854,0,178.7827165
12,12,4,23.93084237,77.21149363,-12.05151253,79.2994885,0,0,0,0.017989471,5.741282967,4.962358867,0,179.1119433
12,12,5,25.15352201,80.31249408,-12.05151253,84.11591818,0,0,0,0.019075618,6.089992476,5.203187848,0,188.8426777
12,12,6,25.71877668,83.01292128,-12.05151253,86.75392825,0,0,0,0.019849703,6.280984405,5.385086328,0,195.1200341
12,12,7,18.32741985,57.36045428,-12.05151253,62.89318453,0,0,0,0.016934749,4.55346656,3.544545341,0,134.6444928
12,12,8,16.56991403,52.06727174,-12.05151253,57.24642685,0,0,0,0.01555098,4.144641304,3.151822,0,121.1441144
12,12,9,12.24093574,36.037762,-12.05151253,45.45910421,0,0,0,0.014906807,3.291239145,2.017854216,0,87.01028958
12,12,10,9.870207118,26.50202761,-12.05151253,38.75470485,0,0,0,0.014852594,2.805840631,1.354664226,0,67.2507845
12,12,11,8.869998124,21.36116063,-12.05151253,35.34855576,0,0,0,0.01469573,2.559235437,1.012606294,0,57.11473944
12,12,12,5.847513011,8.77667023,-12.05151253,25.53969383,0,0,0,0.014319924,1.849073833,0.143297758,0,30.11905605
12,12,13,6.069303823,9.579996651,-12.05151253,26.31973007,0,0,0,0.014174859,1.905548457,0.200396788,0,32.03763812
12,12,14,5.62728781,8.113642902,-12.05151253,24.63635674,0,0,0,0.013945316,1.783672228,0.094100592,0,28.21749305
12,12,15,10.74163473,30.27029458,-12.05151253,41.51570832,0,0,0,0.014875258,3.005737282,1.613095215,0,75.10983286
12,12,16,26.04253509,83.2423032,-12.05151253,87.611751,0,0,0,0.021833077,6.343090773,5.415896245,0,196.6258969
12,12,17,25.00483104,79.07648302,-12.05151253,93.39967764,0,0,0,0.021446795,6.762136661,5.126059945,0,197.3391226
12,12,18,24.00065972,76.68178853,-12.05151253,79.41563676,0,0,0,0.018420689,5.749692101,4.93674312,0,178.7514284
12,12,19,23.11701985,73.5641306,-12.05151253,77.34701701,0,0,0,0.018442693,5.599924032,4.713870832,0,172.3088925
12,12,20,22.2738238,70.58112575,-12.05151253,75.11161155,0,0,0,0.018167671,5.438080676,4.500751442,0,165.8720484
12,12,21,23.14466732,73.71097122,-12.05151253,77.8023979,0,0,0,0.020896706,5.632893608,4.723589818,0,172.983904
12,12,22,25.53802903,81.83245388,-12.05151253,85.35634308,0,0,0,0.020297384,6.179799239,5.30926665,0,192.1846767
12,12,23,23.83026738,76.05783193,-12.05151253,80.25249421,0,0,0,0.018861736,5.810280581,4.892497883,0,178.8107212
12,13,0,25.81861094,83.86572552,-12.05151253,86.70099606,0,0,0,0.019191066,6.277152114,5.438148293,0,196.0683115
12,13,1,24.81423107,80.7706178,-12.05151253,83.42809308,0,0,0,0.017913562,6.040193939,5.209806834,0,188.2293437
12,13,2,22.83721848,73.64068347,-12.05151253,76.70889895,0,0,0,0.016985546,5.553724284,4.70254989,0,171.4085481
12,13,3,24.04453167,78.24353496,-12.05151253,79.28181516,0,0,0,0.016935792,5.740003418,5.026176063,0,180.3014845
12,13,4,23.29277053,74.79222291,-12.05151253,77.2711544,0,0,0,0.017771685,5.594431579,4.792064886,0,173.7089035
12,13,5,23.61327622,74.73880823,-12.05151253,80.02817911,0,0,0,0.018920929,5.794040167,4.806941856,0,176.948654
12,13,6,25.638999,83.38740597,-12.05151253,86.79309512,0,0,0,0.01963299,6.283820087,5.401501509,0,195.4729422
12,13,7,18.9900532,59.71976783,-12.05151253,64.88216185,0,0,0,0.017069024,4.697468518,3.712867783,0,139.9678757
12,13,8,16.37517448,50.59209431,-12.05151253,56.71044074,0,0,0,0.015883245,4.10583591,3.058807624,0,118.8067238
12,13,9,11.03167043,30.74396257,-12.05151253,42.30557719,0,0,0,0.014899813,3.062923789,1.65563351,0,76.76315478
12,13,10,8.543643952,19.22646389,-12.05151253,33.8519406,0,0,0,0.014442621,2.4508805,0.875525759,0,52.91138479
12,13,11,6.218469036,8.547540222,-12.05151253,25.81938453,0,0,0,0.013962014,1.86932344,0.151197468,0,30.56836418
12,13,12,5.883059758,7.63422022,-12.05151253,24.36679523,0,0,0,0.013412826,1.764155975,0.081643247,0,27.69177472
12,13,13,5.427710836,5.698076433,-12.05151253,23.16949175,0,0,0,0.01362161,1.677471203,-0.051562897,0,23.8832964
12,13,14,3.91610322,0.124629522,-12.05151253,18.05089028,0,0,0,0.013579888,1.306884456,-0.446200434,0,10.91437439
12,13,15,10.85680958,30.47879434,-12.05151253,41.95763759,0,0,0,0.015077801,3.037732961,1.631123891,0,75.92566364
12,13,16,26.43239459,86.78120508,-12.05151253,90.14308261,0,0,0,0.020731062,6.526359181,5.634728254,0,203.4869883
12,13,17,28.72841972,92.32426089,-12.05151253,101.5664805,0,0,0,0.023683229,7.353413188,6.071365062,0,224.0161101
12,13,18,19.93708877,60.20530931,-12.05151253,72.16434211,0,0,0,0.02187428,5.224698369,3.792662325,0,149.2944626
12,13,19,18.28475882,54.44059475,-12.05151253,66.48710267,0,0,0,0.020386953,4.813666233,3.379532946,0,135.3745298
12,13,20,18.15710623,53.62864036,-12.05151253,66.01934123,0,0,0,0.02060948,4.779800305,3.327196837,0,133.8811819
12,13,21,17.92043464,53.54532549,-12.05151253,65.01782606,0,0,0,0.020859778,4.707290607,3.309373591,0,132.4695976
12,13,22,20.59903863,63.29480096,-12.05151253,74.58056208,0,0,0,0.022250531,5.399632695,4.001617617,0,155.84639
12,13,23,26.68115994,86.58661578,-12.05151253,88.83417075,0,0,0,0.021485196,6.431593962,5.637745859,0,202.1412589
12,14,0,25.84695456,83.43108098,-12.05151253,86.08637861,0,0,0,0.020393353,6.232653811,5.415517331,0,194.9814661
12,14,1,25.38282593,82.50503885,-12.05151253,84.17820457,0,0,0,0.019197413,6.094502011,5.33808482,0,191.4663411
12,14,2,24.42641449,79.42026508,-12.05151253,82.31385979,0,0,0,0.018475819,5.959523449,5.112990804,0,185.2000169
12,14,3,23.07468836,74.0224914,-12.05151253,76.14063837,0,0,0,0.017888593,5.512582218,4.737043665,0,171.4538201
12,14,4,23.29949805,74.27378595,-12.05151253,77.10471076,0,0,0,0.0185282,5.582381059,4.763562671,0,172.9909542
12,14,5,25.5243337,81.81631199,-12.05151253,84.40277385,0,0,0,0.019589785,6.110760827,5.307604717,0,191.1298623
12,14,6,25.20465216,81.28017768,-12.05151253,85.02599295,0,0,0,0.020305559,6.155881889,5.259935774,0,190.8954335
12,14,7,20.11333156,64.64249968,-12.05151253,67.75377398,0,0,0,0.01743816,4.905373236,4.049630552,0,149.4305346
12,14,8,16.67419613,52.946496,-12.05151253,57.44135567,0,0,0,0.015399285,4.158754151,3.206603303,0,122.391292
12,14,9,7.050013615,13.4812994,-12.05151253,29.50492025,0,0,0,0.014212991,2.136156226,0.472324887,0,40.60741484
12,14,10,4.535281384,1.794470032,-12.05151253,20.61676377,0,0,0,0.014022753,1.492653697,-0.318702094,0,16.08297701
12,14,11,4.019209716,0.129291474,-12.05151253,18.50010171,0,0,0,0.013715712,1.339407364,-0.440197732,0,11.51001571
12,14,12,3.982441574,0.12773749,-12.05151253,18.33088119,0,0,0,0.013519111,1.327155798,-0.442332274,0,11.28789035
12,14,13,3.972729673,0.129291474,-12.05151253,18.27756207,0,0,0,0.013330376,1.323295494,-0.44278667,0,11.22190988
12,14,14,3.925777138,0.12773749,-12.05151253,18.06995008,0,0,0,0.013264226,1.308264385,-0.445488483,0,10.9479923
12,14,15,10.80881982,30.5420552,-12.05151253,41.69068983,0,0,0,0.014767849,3.018405944,1.631974491,0,75.6552006
12,14,16,24.39747949,78.45847929,-12.05151253,82.96310401,0,0,0,0.020717991,6.00652873,5.057807655,0,184.8526046
12,14,17,27.91480288,89.72824356,-12.05151253,96.14420858,0,0,0,0.023586529,6.960840701,5.881448438,0,214.6016181
12,14,18,25.54431629,81.75407283,-12.05151253,86.3762597,0,0,0,0.022016461,6.253641202,5.305251026,0,193.204045
12,14,19,24.72693803,78.43423995,-12.05151253,82.89062896,0,0,0,0.021168079,6.001281537,5.074808365,0,185.0975524
12,14,20,26.3052908,86.74337689,-12.05151253,88.1356498,0,0,0,0.021548595,6.381021046,5.625541542,0,201.1609161
12,14,21,25.06630883,80.4277651,-12.05151253,83.56038652,0,0,0,0.021196711,6.049771984,5.204750669,0,188.2786673
12,14,22,23.74577479,76.80928868,-12.05151253,79.66323499,0,0,0,0.019008221,5.767618213,4.929647788,0,178.8830602
12,14,23,22.20432735,69.70555656,-12.05151253,75.08163047,0,0,0,0.019439156,5.435910046,4.448111285,0,164.8434623
12,15,0,22.95436754,73.35784521,-12.05151253,77.72576571,0,0,0,0.019493132,5.627345438,4.693321002,0,172.3266255
12,15,1,24.98358792,81.78605716,-12.05151253,83.55845257,0,0,0,0.018378941,6.049631966,5.275799982,0,189.620396
12,15,2,23.95796728,78.38077575,-12.05151253,80.49802441,0,0,0,0.017685757,5.828056967,5.028998738,0,181.6599964
12,15,3,24.43504843,81.01218443,-12.05151253,79.8086119,0,0,0,0.016772619,5.778143502,5.202141622,0,184.20139
12,15,4,23.43328504,76.90229482,-12.05151253,77.00832906,0,0,0,0.017029235,5.575403024,4.91742255,0,175.8022512
12,15,5,23.39565408,75.89149707,-12.05151253,77.57396207,0,0,0,0.017785711,5.616354854,4.859025071,0,175.3027663
12,15,6,25.17615607,80.97127439,-12.05151253,83.0990352,0,0,0,0.017951674,6.016370148,5.241142629,0,188.4704176
12,15,7,15.88513948,49.39089481,-12.05151253,54.57185309,0,0,0,0.014881088,3.951002163,2.964605861,0,114.7268639
12,15,8,4.511742378,3.225859705,-12.05151253,20.06573278,0,0,0,0.012603361,1.452759053,-0.240284812,0,16.97689993
12,15,9,1.92781776,0.144321056,-12.05151253,9.500571814,0,0,0,0.010384118,0.687841399,-0.555851116,0,-0.336427504
12,15,10,1.372780233,0.027353657,-12.05151253,6.72870668,0,0,0,0.006107356,0.487158364,-0.593281791,0,-4.022688035
12,15,11,0.611070966,0.001559186,-12.05151253,3.180621882,0,0,0,0.00180111,0.230277024,-0.637145749,0,-8.663328115
12,15,12,1.218089907,0.037006535,-12.05151253,6.030901625,0,0,0,0.00677509,0.436637278,-0.601360376,0,-4.923462477
12,15,13,1.177765759,1.57942E-09,-12.05151253,5.915187711,0,0,0,0.007652046,0.42825959,-0.605667695,0,-5.128315122
12,15,14,0.930659655,-8.95601E-10,-12.05151253,4.730267819,0,0,0,0.006022646,0.34247139,-0.619431505,0,-6.66152253
12,15,15,4.13404988,3.384390578,-12.05151253,18.80023042,0,0,0,0.013022982,1.361136682,-0.252492115,0,15.38882589
12,15,16,26.42165113,85.23466434,-12.05151253,88.3132397,0,0,0,0.02070285,6.393878554,5.547987523,0,199.8806116
12,15,17,28.59315575,93.25795768,-12.05151253,96.76268539,0,0,0,0.023044261,7.005618422,6.11583777,0,219.7067867
12,15,18,21.5783744,67.70724119,-12.05151253,72.57162238,0,0,0,0.018212981,5.25418546,4.30193954,0,159.3800634
12,15,19,21.22787256,67.44973481,-12.05151253,70.9146269,0,0,0,0.017312144,5.134218987,4.268073482,0,156.9603263
12,15,20,20.28056251,64.85192836,-12.05151253,67.59499544,0,0,0,0.016826485,4.89387767,4.070610493,0,149.6572884
12,15,21,15.74956967,49.09278003,-12.05151253,54.64519356,0,0,0,0.015340745,3.956312014,2.94044963,0,114.3481331
12,15,22,18.10000736,57.84587888,-12.05151253,60.36049363,0,0,0,0.015221947,4.370099738,3.558916615,0,132.1991056
12,15,23,17.74009604,56.7474184,-12.05151253,59.19584691,0,0,0,0.014851442,4.285779316,3.477685306,0,129.4101649
12,16,0,21.57999534,70.84115968,-12.05151253,72.60737746,0,0,0,0.016571151,5.256774128,4.476589086,0,162.7269543
12,16,1,23.56831458,79.08635283,-12.05151253,78.2603691,0,0,0,0.015758312,5.666050722,5.046595727,0,179.5919287
12,16,2,21.97107667,73.46911081,-12.05151253,71.57905196,0,0,0,0.01538362,5.182323362,4.644749194,0,164.8101831
12,16,3,20.58418024,67.9075026,-12.05151253,67.15768554,0,0,0,0.015074315,4.862216433,4.257717486,0,152.7328641
12,16,4,19.42030986,62.96351921,-12.05151253,63.618145,0,0,0,0.014977243,4.605953698,3.917510031,0,142.4889025
12,16,5,19.62860908,63.73220419,-12.05151253,64.04737592,0,0,0,0.014910405,4.637030017,3.971928051,0,143.9805451
12,16,6,19.78110113,64.17885175,-12.05151253,64.59356131,0,0,0,0.014995771,4.676573839,4.005300127,0,145.1988714
12,16,7,4.798257117,5.035318961,-12.05151253,21.40986929,0,0,0,0.013034454,1.550074537,-0.123539061,0,20.63150276
12,16,8,0.832178139,1.688802258,-12.05151253,3.705862424,0,0,0,0.003408207,0.26830444,-0.53085064,0,-6.083807707
12,16,9,0.323936588,0.015149754,-12.05151253,1.82801523,0,0,0,0.001057919,0.132348303,-0.652382139,0,-10.40338688
12,16,10,0.428012858,2.40148E-09,-12.05151253,2.236418026,0,0,0,0.000938328,0.161916665,-0.647428932,0,-9.871655588
12,16,11,0.324720473,3.73653E-09,-12.05151253,1.663136385,0,0,0,0.001149138,0.120411074,-0.653182318,0,-10.59527778
12,16,12,0.44412606,3.92452E-09,-12.05151253,2.199978271,0,0,0,0.001230461,0.159278427,-0.646531426,0,-9.893430737
12,16,13,0.172323624,2.78013E-09,-12.05151253,0.891377101,0,0,0,0.000847124,0.064535702,-0.661670822,0,-11.5840998
12,16,14,0.196587389,-2.2974E-09,-12.05151253,1.049984126,0,0,0,0.002187384,0.076018851,-0.660319331,0,-11.38705412
12,16,15,1.093455296,0.004894164,-12.05151253,5.676945832,0,0,0,0.009765527,0.411010878,-0.610091183,0,-5.46553202
12,16,16,22.6173347,71.32898296,-12.05151253,75.28737771,0,0,0,0.020263859,5.450806146,4.561540645,0,167.2147935
12,16,17,24.43090092,82.88543226,-12.05151253,79.05619233,0,0,0,0.017016901,5.723668324,5.30625051,0,185.3679487
12,16,18,22.09494029,72.48812342,-12.05151253,71.99744735,0,0,0,0.016903623,5.212615188,4.5970074,0,164.3555247
12,16,19,22.21162579,72.90027831,-12.05151253,72.14456968,0,0,0,0.016824442,5.223266845,4.62646381,0,165.0715163
12,16,20,19.50485591,62.76086157,-12.05151253,65.27704687,0,0,0,0.017121125,4.726058193,3.910931215,0,144.1453623
12,16,21,18.16231212,56.91745014,-12.05151253,62.2576955,0,0,0,0.019320076,4.507457154,3.51067351,0,133.323396
12,16,22,19.29814811,61.8992571,-12.05151253,65.04623074,0,0,0,0.017778149,4.709347105,3.851426222,0,142.7706749
12,16,23,20.22915988,64.34047245,-12.05151253,69.06312896,0,0,0,0.017879527,5.000170536,4.039259273,0,150.6385581
12,17,0,20.50262456,65.39649076,-12.05151253,69.85723629,0,0,0,0.017971447,5.057663907,4.113311475,0,152.8937859
12,17,1,20.30747687,65.04384639,-12.05151253,68.86055131,0,0,0,0.017280875,4.985503915,4.082799458,0,151.2459463
12,17,2,21.6432398,69.84757901,-12.05151253,70.69597995,0,0,0,0.016954906,5.118388948,4.424769359,0,159.6953994
12,17,3,19.43867768,61.48737416,-12.05151253,64.66670277,0,0,0,0.01680715,4.681869281,3.83631184,0,142.0762304
12,17,4,19.66007001,62.4151746,-12.05151253,65.34622795,0,0,0,0.016791839,4.731066903,3.900321877,0,144.0181406
12,17,5,21.96806767,69.30936409,-12.05151253,72.56301499,0,0,0,0.017790704,5.253562285,4.412883701,0,161.4731709
12,17,6,24.03881992,76.61096167,-12.05151253,80.38954674,0,0,0,0.018885926,5.820203184,4.934923587,0,179.7618285
12,17,7,15.57489727,47.29879623,-12.05151253,54.47552613,0,0,0,0.016468989,3.944028092,2.83079548,0,112.0889997
12,17,8,7.434862771,14.06463838,-12.05151253,30.47485384,0,0,0,0.015193352,2.206379418,0.526252966,0,42.6706682
12,17,9,4.940925133,3.850202015,-12.05151253,21.9748968,0,0,0,0.014381,1.590982529,-0.181603466,0,20.13827148
12,17,10,3.764383435,0.080036221,-12.05151253,17.49486955,0,0,0,0.014056054,1.266628555,-0.457135073,0,10.1113262
12,17,11,3.294756642,0.023620565,-12.05151253,15.50974315,0,0,0,0.013409554,1.122905404,-0.486435638,0,7.426487141
12,17,12,1.824303491,4.76879E-09,-12.05151253,9.003206985,0,0,0,0.012036847,0.651832186,-0.569655543,0,-1.129788564
12,17,13,2.59722933,7.05562E-09,-12.05151253,12.38594308,0,0,0,0.012542329,0.896742279,-0.526603574,0,3.314340912
12,17,14,1.59613601,3.69501E-09,-12.05151253,7.893881166,0,0,0,0.011478066,0.571516996,-0.582364472,0,-2.560864765
12,17,15,3.826017662,0.107535698,-12.05151253,17.70979744,0,0,0,0.013906485,1.282189335,-0.452170326,0,10.43576376
12,17,16,22.88676898,73.43820009,-12.05151253,77.19693207,0,0,0,0.020075364,5.589057882,4.694031529,0,171.7735534
12,17,17,19.7400476,62.25767309,-12.05151253,66.45332871,0,0,0,0.017736424,4.811220999,3.896003794,0,145.1244981
12,17,18,19.50192214,61.24090615,-12.05151253,66.13120719,0,0,0,0.018174743,4.787899401,3.826106288,0,143.4547034
12,17,19,19.54925821,62.02635028,-12.05151253,65.17833456,0,0,0,0.017159041,4.718911422,3.872492145,0,143.3109931
12,17,20,19.95931399,63.53854622,-12.05151253,66.41533584,0,0,0,0.017117603,4.808470315,3.979561566,0,146.666833
12,17,21,21.313356,67.4596058,-12.05151253,70.18571481,0,0,0,0.019809946,5.081445752,4.273384724,0,156.2818045
12,17,22,22.36962731,70.55296332,-12.05151253,75.8665033,0,0,0,0.020238971,5.492734839,4.50451905,0,166.7550743
12,17,23,20.3891702,64.64496988,-12.05151253,69.6048925,0,0,0,0.018238319,5.039394217,4.065132354,0,151.7102849
12,18,0,21.06753978,68.11104896,-12.05151253,70.48011369,0,0,0,0.017308996,5.102760231,4.295978145,0,157.0232373
12,18,1,22.68687251,74.7999488,-12.05151253,73.89047763,0,0,0,0.016471962,5.34967058,4.758746699,0,169.4506756
12,18,2,20.99627859,68.52009827,-12.05151253,68.313317,0,0,0,0.016087312,4.945884151,4.314792943,0,155.0549457
12,18,3,19.68529381,63.2547132,-12.05151253,64.86590358,0,0,0,0.016294806,4.696291419,3.948489142,0,144.4154734
12,18,4,20.32587907,65.46563895,-12.05151253,66.64422928,0,0,0,0.016378269,4.8250422,4.107318306,0,149.3329735
12,18,5,23.3929756,74.66869468,-12.05151253,77.19423043,0,0,0,0.018409571,5.588862283,4.790765786,0,173.6024258
12,18,6,24.53252745,80.87185939,-12.05151253,82.19154522,0,0,0,0.01816507,5.950667874,5.199755099,0,186.7130076
12,18,7,18.67499678,58.76318955,-12.05151253,63.18882239,0,0,0,0.017422835,4.574870741,3.642037731,0,136.8098275
12,18,8,12.59397824,36.74206758,-12.05151253,46.56173232,0,0,0,0.016170308,3.37106942,2.076748504,0,89.31025384
12,18,9,5.508108845,5.807141879,-12.05151253,24.58353366,0,0,0,0.015442891,1.779847837,-0.041009783,0,25.60155279
12,18,10,4.367021389,1.045621359,-12.05151253,20.20489397,0,0,0,0.015022979,1.462834323,-0.369785047,0,14.67409644
12,18,11,4.107414895,0.129291474,-12.05151253,18.95463338,0,0,0,0.014917055,1.372315456,-0.435284703,0,12.09177502
12,18,12,3.985492688,0.11996757,-12.05151253,18.41993189,0,0,0,0.014587246,1.333603069,-0.442595112,0,11.37947482
12,18,13,4.004207889,0.126183505,-12.05151253,18.49941361,0,0,0,0.014725303,1.339357545,-0.441206447,0,11.49116887
12,18,14,3.27853792,0.03025715,-12.05151253,15.44090298,0,0,0,0.013744553,1.117921376,-0.486969363,0,7.34288208
12,18,15,4.946479978,3.556729453,-12.05151253,22.32129623,0,0,0,0.015168363,1.616061847,-0.197640483,0,20.20658285
12,18,16,26.68933187,85.57206933,-12.05151253,90.8445507,0,0,0,0.02218288,6.577145471,5.581690798,0,203.2354585
12,18,17,23.3687527,74.28504456,-12.05151253,78.93051651,0,0,0,0.019091671,5.714569395,4.768047259,0,175.0345096
12,18,18,17.52335485,52.80316584,-12.05151253,62.8066774,0,0,0,0.018595034,4.547203444,3.245917954,0,128.893402
12,18,19,20.92219091,65.46504469,-12.05151253,71.75413861,0,0,0,0.018868933,5.194999636,4.140499775,0,155.44423
12,18,20,22.61977958,72.59297112,-12.05151253,76.12978006,0,0,0,0.018670356,5.511796076,4.632080966,0,169.4535656
12,18,21,23.47433471,75.83460835,-12.05151253,77.97552148,0,0,0,0.018491509,5.645427755,4.86023888,0,175.7571101
12,18,22,26.31331595,83.92711543,-12.05151253,88.71012955,0,0,0,0.022117973,6.422613379,5.469122779,0,198.8129025
12,18,23,23.57026725,74.7138735,-12.05151253,80.51566182,0,0,0,0.021434312,5.829333916,4.803157391,0,177.4022156
12,19,0,23.23767725,73.97878749,-12.05151253,79.45720615,0,0,0,0.020542007,5.752701725,4.743687838,0,175.1390899
12,19,1,25.79135092,84.70810827,-12.05151253,85.55351768,0,0,0,0.018690896,6.19407468,5.483550629,0,195.6977806
12,19,2,22.97455233,74.81242218,-12.05151253,76.9933189,0,0,0,0.017744859,5.574316288,4.775465232,0,173.0963073
12,19,3,22.81597619,74.13871461,-12.05151253,75.50505835,0,0,0,0.017534332,5.466566224,4.72910703,0,170.6214442
12,19,4,21.97212411,70.08415044,-12.05151253,73.1150718,0,0,0,0.017989698,5.293531198,4.456265244,0,162.88762
12,19,5,24.40248076,78.11331822,-12.05151253,80.68860888,0,0,0,0.020289716,5.841855283,5.038860755,0,182.0539011
12,19,6,26.83724648,87.82977615,-12.05151253,90.8816547,0,0,0,0.019731009,6.5798318,5.715683912,0,205.8124115
12,19,7,18.58788204,58.52565864,-12.05151253,63.42506496,0,0,0,0.017015021,4.591974703,3.623954968,0,136.7200378
12,19,8,11.95387524,34.22209815,-12.05151253,44.70233869,0,0,0,0.015453619,3.236449322,1.90073247,0,83.97943496
12,19,9,5.237231705,4.370936854,-12.05151253,23.5719492,0,0,0,0.015008428,1.706609122,-0.136094259,0,22.71412851
12,19,10,4.482561982,1.725444243,-12.05151253,20.25334338,0,0,0,0.014330411,1.46634206,-0.325483301,0,15.56502624
12,19,11,4.04040753,0.119967571,-12.05151253,18.64890254,0,0,0,0.014300187,1.350180544,-0.439536355,0,11.68270948
12,19,12,3.98364211,0.11996757,-12.05151253,18.38171949,0,0,0,0.014027313,1.330836491,-0.442698189,0,11.33598225
12,19,13,3.86073872,0.119967569,-12.05151253,17.80522621,0,0,0,0.013391562,1.289098378,-0.449543908,0,10.587366
12,19,14,3.804644517,0.116859601,-12.05151253,17.565971,0,0,0,0.013411961,1.271776301,-0.452841469,0,10.26830938
12,19,15,4.722614194,2.866181769,-12.05151253,21.35068128,0,0,0,0.013871669,1.545789324,-0.248573313,0,18.19905239
12,19,16,25.74894217,82.52977364,-12.05151253,88.27725298,0,0,0,0.021985486,6.391273115,5.359855223,0,196.2775701
12,19,17,27.06231346,91.38210411,-12.05151253,92.04949838,0,0,0,0.020437984,6.664383682,5.92608481,0,211.0533099
12,19,18,17.57328101,53.63545564,-12.05151253,63.2081098,0,0,0,0.018704102,4.57626715,3.295057383,0,130.2553625
12,19,19,18.00761529,55.15102686,-12.05151253,64.53651047,0,0,0,0.018974715,4.672443358,3.403667119,0,133.7387253
12,19,20,24.95515695,80.94786787,-12.05151253,90.11877089,0,0,0,0.019313571,6.524599012,5.227529234,0,195.741725
12,19,21,24.48900188,75.54331122,-12.05151253,82.23520966,0,0,0,0.022684622,5.953829179,4.900530591,0,181.0930546
12,19,22,27.22637752,88.41856548,-12.05151253,92.3639076,0,0,0,0.022568379,6.687146911,5.770154077,0,208.4372074
12,19,23,26.52591602,85.69113391,-12.05151253,88.95461407,0,0,0,0.022064507,6.440314059,5.579220432,0,201.1617505
12,20,0,26.73611627,86.37287798,-12.05151253,89.77848688,0,0,0,0.021455227,6.49996245,5.628901732,0,202.986288
12,20,1,24.14557965,77.78720622,-12.05151253,81.35427924,0,0,0,0.019566303,5.890049817,5.006386924,0,182.1515556
12,20,2,23.8058931,76.05490491,-12.05151253,79.17002845,0,0,0,0.018834175,5.73191006,4.890977201,0,177.6210354
12,20,3,22.43398941,70.45138212,-12.05151253,74.99971334,0,0,0,0.018278908,5.429979246,4.502445946,0,165.7842764
12,20,4,23.17595743,72.15013427,-12.05151253,77.16980983,0,0,0,0.019273526,5.587094232,4.63839406,0,170.6891508
12,20,5,25.01725726,79.70667034,-12.05151253,83.23377315,0,0,0,0.020290563,6.026125176,5.161853519,0,187.1144575
12,20,6,23.19585857,73.93349642,-12.05151253,77.9524321,0,0,0,0.019528873,5.643756084,4.738835824,0,173.4323953
12,20,7,20.19917815,63.05067212,-12.05151253,68.31520121,0,0,0,0.017747508,4.946020567,3.965747412,0,148.4430544
12,20,8,16.60667486,51.86507792,-12.05151253,56.70278536,0,0,0,0.015304343,4.10528166,3.142607382,0,120.386219
12,20,9,10.46198866,28.29099013,-12.05151253,40.5931164,0,0,0,0.015165114,2.938941627,1.48727167,0,71.73596106
12,20,10,7.328073547,13.33656103,-12.05151253,30.16142662,0,0,0,0.014742995,2.183687287,0.479750898,0,41.45272984
12,20,11,4.911747758,2.551030087,-12.05151253,22.16254106,0,0,0,0.014453262,1.604567973,-0.255592522,0,18.93723509
12,20,12,6.756629624,11.42982646,-12.05151253,28.57915343,0,0,0,0.01451954,2.069130708,0.341716356,0,37.13946358
12,20,13,4.59203217,1.803729475,-12.05151253,20.85069045,0,0,0,0.014065041,1.509589989,-0.315025324,0,16.40356927
12,20,14,4.522268266,1.602321534,-12.05151253,20.57858974,0,0,0,0.014130912,1.489889897,-0.330129596,0,15.82555822
12,20,15,11.07042113,30.91792299,-12.05151253,42.80019301,0,0,0,0.01516659,3.098733974,1.667481519,0,77.51840667
12,20,16,28.31430238,92.19722601,-12.05151253,96.67337052,0,0,0,0.022657112,6.999152026,6.041222884,0,218.1964184
12,20,17,25.70216544,80.79428854,-12.05151253,91.47326976,0,0,0,0.023003984,6.62266473,5.260583239,0,197.8244632
12,20,18,24.24601216,76.44283626,-12.05151253,80.83840163,0,0,0,0.020551603,5.852700278,4.937099609,0,180.286089
12,20,19,22.36949556,69.62633377,-12.05151253,76.7415721,0,0,0,0.020831099,5.55608982,4.452898446,0,166.7157083
12,20,20,22.07561681,69.21188719,-12.05151253,76.36949071,0,0,0,0.019958388,5.529151127,4.413444725,0,165.5680364
12,20,21,21.51096924,66.71878524,-12.05151253,74.00671012,0,0,0,0.021863875,5.358085813,4.243128076,0,159.8080298
12,20,22,24.05462187,75.2561839,-12.05151253,83.18119318,0,0,0,0.022578985,6.022318386,4.860342634,0,181.3457264
12,20,23,26.2361207,84.34072974,-12.05151253,87.78521666,0,0,0,0.022462906,6.355649686,5.487861321,0,198.1765285
12,21,0,27.64816538,89.86854216,-12.05151253,93.04527145,0,0,0,0.021855811,6.736477653,5.874411362,0,211.1432113
12,21,1,26.98607427,88.02503599,-12.05151253,93.40397271,0,0,0,0.020139269,6.762447624,5.734849594,0,208.8810069
12,21,2,24.51468551,78.82657495,-12.05151253,81.62795916,0,0,0,0.019507808,5.909864243,5.08483896,0,183.9319181
12,21,3,24.47660367,78.37078554,-12.05151253,81.09534734,0,0,0,0.019534086,5.871303147,5.057330331,0,182.8393916
12,21,4,23.56378464,75.05441382,-12.05151253,78.52558245,0,0,0,0.01937011,5.68525217,4.821764406,0,175.6186551
12,21,5,25.43384527,81.15617934,-12.05151253,84.85390853,0,0,0,0.021563135,6.143422978,5.265795122,0,190.8232018
12,21,6,28.31935406,92.33612056,-12.05151253,96.87779477,0,0,0,0.022019453,7.013952342,6.049240688,0,218.5669693
12,21,7,22.64240471,70.76784497,-12.05151253,76.61755673,0,0,0,0.019715402,5.547111107,4.531681659,0,168.074802
12,21,8,17.8973473,54.97189771,-12.05151253,62.36209509,0,0,0,0.016703301,4.515015685,3.387547699,0,131.0990943
12,21,9,5.554192437,6.119276306,-12.05151253,24.47941137,0,0,0,0.014345271,1.772309383,-0.021057039,0,25.8669652
12,21,10,4.171955237,1.309447527,-12.05151253,19.15717112,0,0,0,0.013419332,1.386979189,-0.365955114,0,13.62150476
12,21,11,3.870553536,0.127871825,-12.05151253,17.83487463,0,0,0,0.013449806,1.291244923,-0.448556956,0,10.63792523
12,21,12,3.747703823,0.124758393,-12.05151253,17.26760506,0,0,0,0.012752369,1.250174607,-0.455573103,0,9.895908617
12,21,13,3.663020023,0.120087593,-12.05151253,16.88964443,0,0,0,0.012480159,1.222810257,-0.460550154,0,9.395979772
12,21,14,3.020778773,0.015956413,-12.05151253,14.25142719,0,0,0,0.012248258,1.031803328,-0.502123098,0,5.778578325
12,21,15,7.772654371,17.25423421,-12.05151253,31.63866904,0,0,0,0.013891052,2.290639639,0.722728446,0,47.64130422
12,21,16,26.22494426,85.38464498,-12.05151253,87.04080901,0,0,0,0.02074489,6.301754572,5.545384872,0,198.46677
12,21,17,28.42952225,88.74683555,-12.05151253,98.34170472,0,0,0,0.026265432,7.119939421,5.855453882,0,216.4682087
12,21,18,23.11552204,69.93560796,-12.05151253,84.59148654,0,0,0,0.025387473,6.124423625,4.511678693,0,176.2525938
12,21,19,26.8464332,81.88987008,-12.05151253,92.23536971,0,0,0,0.024240295,6.677840767,5.385342844,0,201.0075844
12,21,20,22.73922238,71.13174606,-12.05151253,75.92776075,0,0,0,0.01910796,5.497169878,4.557343694,0,167.8208382
12,21,21,21.04683206,65.76132282,-12.05151253,70.96663225,0,0,0,0.01823509,5.137984175,4.163944979,0,155.0434388
12,21,22,20.18710523,63.23952804,-12.05151253,68.63906204,0,0,0,0.017753149,4.969468092,3.975594225,0,148.9769982
12,21,23,20.41951821,63.80711318,-12.05151253,69.66084271,0,0,0,0.018255165,5.043445012,4.02015412,0,150.9178159
12,22,0,22.24853153,69.46437664,-12.05151253,75.77779977,0,0,0,0.019781029,5.486312703,4.437139737,0,165.3824289
12,22,1,21.35813296,66.85085692,-12.05151253,72.76438591,0,0,0,0.018102375,5.26814154,4.241971488,0,158.4500787
12,22,2,23.12630892,74.32591594,-12.05151253,75.95466466,0,0,0,0.016871416,5.499117722,4.756819676,0,171.6281858
12,22,3,21.29934009,68.97575704,-12.05151253,69.87787536,0,0,0,0.01565508,5.059158176,4.357053662,0,157.5333269
12,22,4,20.0362834,64.21918149,-12.05151253,66.01817654,0,0,0,0.015278488,4.779715982,4.021760146,0,147.0388835
12,22,5,20.36005939,65.13410799,-12.05151253,67.02205801,0,0,0,0.015543763,4.852397,4.090755875,0,149.4234095
12,22,6,21.10093516,66.05509397,-12.05151253,70.3695862,0,0,0,0.017124417,5.094758041,4.183321574,0,154.7693068
12,22,7,16.22567999,49.89985845,-12.05151253,55.17802457,0,0,0,0.0149317,3.994888979,3.011923243,0,116.2737944
12,22,8,2.785325312,0.594946902,-12.05151253,13.05317528,0,0,0,0.010517341,0.94504989,-0.482988086,0,4.854514102
12,22,9,0.121494681,0.00333186,-12.05151253,0.929318951,0,0,0,0.000641385,0.067282692,-0.66431641,0,-11.59375938
12,22,10,0.347212507,0.030439002,-12.05151253,1.772242426,0,0,0,0.000613777,0.128310352,-0.650234059,0,-10.42292853
12,22,11,0.169966212,2.1372E-09,-12.05151253,1.044708767,0,0,0,0.001138906,0.075636915,-0.66180213,0,-11.42186386
12,22,12,0.420695786,-3.00824E-09,-12.05151253,2.258818998,0,0,0,0.003440857,0.163538495,-0.647836493,0,-9.852854894
12,22,13,0.438502288,-3.94477E-09,-12.05151253,2.358884853,0,0,0,0.003928411,0.170783263,-0.646844671,0,-9.726258394
12,22,14,0.54708165,0.021070217,-12.05151253,2.840467364,0,0,0,0.003291105,0.205649837,-0.639623189,0,-9.07357555
12,22,15,9.030562341,23.90474859,-12.05151253,35.14013111,0,0,0,0.012681215,2.544145492,1.163227571,0,59.74398378
12,22,16,22.00067712,68.95818572,-12.05151253,73.2541005,0,0,0,0.018412248,5.303596876,4.395139412,0,161.8785993
12,22,17,21.23753956,68.49446194,-12.05151253,68.40993352,0,0,0,0.014752799,4.952879187,4.326803235,0,155.3848577
12,22,18,17.04199967,52.21193877,-12.05151253,58.63984523,0,0,0,0.015233426,4.245524795,3.186175123,0,123.2892045
12,22,19,16.38046814,50.75379418,-12.05151253,56.06351612,0,0,0,0.014467284,4.058998567,3.068109163,0,118.2878409
12,22,20,17.44461498,54.66192563,-12.05151253,58.22739476,0,0,0,0.01437449,4.215663381,3.345065064,0,125.8575258
12,22,21,15.94055929,49.55358011,-12.05151253,54.43519759,0,0,0,0.01423056,3.941108306,2.976754316,0,114.8099176
12,22,22,20.43159007,64.2783126,-12.05151253,70.3247875,0,0,0,0.01769489,5.091514615,4.04707233,0,152.1394595
12,22,23,19.01862915,61.08817767,-12.05151253,64.91324251,0,0,0,0.015694617,4.699718758,3.790679892,0,141.4746301
12,23,0,18.6624663,60.59832442,-12.05151253,63.26416673,0,0,0,0.014993234,4.580325671,3.743556795,0,138.8123206
12,23,1,21.26149475,70.54587536,-12.05151253,68.74907754,0,0,0,0.014362103,4.977433214,4.442401267,0,157.9391317
12,23,2,19.92167055,65.4382961,-12.05151253,64.62746079,0,0,0,0.014332228,4.679028161,4.083280894,0,146.7125562
12,23,3,19.24882816,63.60086733,-12.05151253,62.61445271,0,0,0,0.013877238,4.533286376,3.943458791,0,141.9032581
12,23,4,20.00432771,68.15958303,-12.05151253,65.21481006,0,0,0,0.013733061,4.721552248,4.23946058,0,150.3019541
12,23,5,20.10660161,68.45965345,-12.05151253,65.47321944,0,0,0,0.013238645,4.740261087,4.261871158,0,151.0033328
12,23,6,21.55110513,73.7929041,-12.05151253,69.77810253,0,0,0,0.014144332,5.051934623,4.639392066,0,162.7760702
12,23,7,4.868592576,4.461624013,-12.05151253,21.75518433,0,0,0,0.012343632,1.575075346,-0.151576184,0,20.46973118
12,23,8,0.471393707,0.70591711,-12.05151253,2.507512855,0,0,0,0.002584449,0.181543931,-0.605693036,0,-8.788253518
12,23,9,0.909057379,0.247606735,-12.05151253,4.665725711,0,0,0,0.008080129,0.337798541,-0.606843057,0,-6.490087096
12,23,10,0.095352019,9.54941E-10,-12.05151253,0.617589657,0,0,0,0.000799119,0.044713491,-0.665958141,0,-11.95901639
12,23,11,0.148242539,2.39163E-09,-12.05151253,0.778009772,0,0,0,0.000739385,0.056327908,-0.663012139,0,-11.73120507
12,23,12,0.015020166,2.42323E-10,-12.05151253,0.150834359,0,0,0,0.000143346,0.010920408,-0.670432625,0,-12.54502688
12,23,13,0.019681503,2.6449E-10,-12.05151253,0.257452793,0,0,0,0.000350766,0.018639582,-0.670172988,0,-12.42556088
12,23,14,0.16873555,-1.97191E-09,-12.05151253,0.913166993,0,0,0,0.001902359,0.06611329,-0.661870678,0,-11.56346502
12,23,15,0.325334684,-1.96416E-09,-12.05151253,1.749039846,0,0,0,0.003200584,0.126630485,-0.653148106,0,-10.50045504
12,23,16,19.78957219,63.48563776,-12.05151253,65.95345438,0,0,0,0.016308204,4.775030097,3.967159946,0,145.93565
12,23,17,26.30473931,84.91856573,-12.05151253,87.28093146,0,0,0,0.01786345,6.319139438,5.523868843,0,198.3135957
12,23,18,23.58382199,76.02046835,-12.05151253,77.73382036,0,0,0,0.016865139,5.627928594,4.876689724,0,175.8080816
12,23,19,24.55310025,79.81741906,-12.05151253,81.34570016,0,0,0,0.016702913,5.889428691,5.142168677,0,184.7130072
12,23,20,25.19947316,82.72446722,-12.05151253,83.26757224,0,0,0,0.01643654,6.02857223,5.340094231,0,190.5251031
12,23,21,22.19801896,72.12151821,-12.05151253,73.01328857,0,0,0,0.015872025,5.286162093,4.582328972,0,165.1656763
12,23,22,20.8608139,67.62720153,-12.05151253,69.66283567,0,0,0,0.015641565,5.043589303,4.257513211,0,155.4160826
12,23,23,23.9470691,79.10547335,-12.05151253,78.74645088,0,0,0,0.016548054,5.701243043,5.068757366,0,180.5340293
12,24,0,23.02780885,74.43549147,-12.05151253,76.82269658,0,0,0,0.017674478,5.561963232,4.75743658,0,172.5715587
12,24,1,23.0459488,75.3920497,-12.05151253,76.60595782,0,0,0,0.016984393,5.546271346,4.811727268,0,173.3674268
12,24,2,23.8229013,78.11627386,-12.05151253,79.2711087,0,0,0,0.016456098,5.73922827,5.006742808,0,179.9211985
12,24,3,22.67093081,73.7418514,-12.05151253,74.14239033,0,0,0,0.016441355,5.36790906,4.698922721,0,168.5869331
12,24,4,23.30240199,74.79438347,-12.05151253,76.56306028,0,0,0,0.017581219,5.543165564,4.792721702,0,172.9618017
12,24,5,25.16902098,80.34530214,-12.05151253,84.22167103,0,0,0,0.0197836,6.097648982,5.20587855,0,189.0077927
12,24,6,26.2724336,83.81112907,-12.05151253,89.68577788,0,0,0,0.022915088,6.493250319,5.460385193,0,199.6943786
12,24,7,20.56156236,65.6474877,-12.05151253,68.83887246,0,0,0,0.017160288,4.983934366,4.13057484,0,152.1280795
12,24,8,13.6767797,41.03055115,-12.05151253,49.32647256,0,0,0,0.014895187,3.571236613,2.37592908,0,97.94435176
12,24,9,2.318208448,4.03758E-09,-12.05151253,11.19017895,0,0,0,0.011928539,0.810168956,-0.542145037,0,1.736827329
12,24,10,1.902274924,2.68258E-09,-12.05151253,9.259683973,0,0,0,0.011535389,0.67040112,-0.565312535,0,-0.77292966
12,24,11,1.238117915,-2.53602E-09,-12.05151253,6.1895672,0,0,0,0.009496404,0.448124665,-0.60230608,0,-4.768512433
12,24,12,1.032309322,-2.99778E-09,-12.05151253,5.16876746,0,0,0,0.00893897,0.374218764,-0.613769619,0,-6.08104764
12,24,13,0.740413763,-5.85135E-09,-12.05151253,3.780954559,0,0,0,0.007248845,0.27374111,-0.630028202,0,-7.879182465
12,24,14,0.325376465,-3.80249E-09,-12.05151253,1.682637205,0,0,0,0.003505361,0.121822934,-0.653145779,0,-10.57131635
12,24,15,2.665201163,0.065998489,-12.05151253,12.60756331,0,0,0,0.0114335,0.912787584,-0.519141428,0,3.692330085
12,24,16,22.81133643,71.07349195,-12.05151253,76.59800325,0,0,0,0.020281479,5.545695435,4.558115693,0,168.5554117
12,24,17,28.66365736,92.99155162,-12.05151253,105.0357148,0,0,0,0.020084818,7.604585755,6.104925892,0,228.3690078
12,24,18,21.03564446,65.41522904,-12.05151253,72.62368341,0,0,0,0.018860912,5.257954679,4.144044406,0,156.4439044
12,24,19,21.73668519,67.92145989,-12.05151253,74.60807797,0,0,0,0.018828261,5.401624845,4.322689433,0,161.9578531
12,24,20,22.49113439,70.87004361,-12.05151253,76.47025397,0,0,0,0.019041286,5.536446387,4.528948366,0,167.8643555
12,24,21,21.93973374,70.08901613,-12.05151253,73.20466822,0,0,0,0.017812834,5.300017979,4.45473212,0,162.9544685
12,24,22,27.3399856,87.95144874,-12.05151253,93.4479437,0,0,0,0.023407655,6.765631124,5.750463645,0,209.2273679
12,24,23,25.23625802,81.29558705,-12.05151253,85.6086212,0,0,0,0.020723299,6.198064175,5.262554522,0,191.5702957
12,25,0,25.53799366,82.70258124,-12.05151253,84.66623806,0,0,0,0.019254443,6.129835636,5.357730774,0,192.3621213
12,25,1,22.66919453,72.49805957,-12.05151253,76.31944178,0,0,0,0.018330327,5.525527585,4.629546805,0,169.6085881
12,25,2,22.11871028,70.39487669,-12.05151253,74.08146239,0,0,0,0.017778037,5.363497877,4.481737547,0,164.4065503
12,25,3,20.78760709,65.52736475,-12.05151253,69.69341907,0,0,0,0.017247064,5.045803541,4.136474683,0,153.1564037
12,25,4,20.63184693,64.89944736,-12.05151253,69.37245915,0,0,0,0.017596395,5.022566043,4.092823844,0,151.9852272
12,25,5,21.73730328,67.74354133,-12.05151253,73.24956366,0,0,0,0.01905229,5.303268409,4.312813797,0,160.3140302
12,25,6,23.88689898,76.19610685,-12.05151253,79.27210645,0,0,0,0.018925798,5.739300507,4.903354177,0,177.9651802
12,25,7,16.70854813,51.419393,-12.05151253,57.91237925,0,0,0,0.016509543,4.192856258,3.123457073,0,121.3216307
12,25,8,4.830878436,2.712715928,-12.05151253,22.01493496,0,0,0,0.013968655,1.593881291,-0.251091042,0,18.8637757
12,25,9,2.713187614,0.024025833,-12.05151253,12.92336084,0,0,0,0.012047971,0.935651325,-0.518806459,0,4.037954589
12,25,10,2.512450967,5.93155E-09,-12.05151253,11.9937878,0,0,0,0.011625185,0.868350237,-0.531325729,0,2.803375931
12,25,11,2.577195022,6.38215E-09,-12.05151253,12.2388762,0,0,0,0.011365095,0.886094637,-0.527719485,0,3.134298942
12,25,12,2.237016232,5.18823E-09,-12.05151253,10.73748412,0,0,0,0.010897394,0.77739385,-0.546667444,0,1.164611626
12,25,13,1.671894738,3.12382E-09,-12.05151253,8.234517935,0,0,0,0.01051336,0.596179098,-0.578144711,0,-2.116552111
12,25,14,1.373142377,1.11492E-09,-12.05151253,6.853080321,0,0,0,0.010621491,0.496163015,-0.594785218,0,-3.913290548
12,25,15,3.581270951,0.392271738,-12.05151253,16.58208683,0,0,0,0.012213135,1.200543086,-0.44994292,0,9.266930283
12,25,16,23.19373996,73.96362017,-12.05151253,78.18331901,0,0,0,0.020241975,5.660472297,4.740395711,0,173.7102766
12,25,17,24.65963856,80.00371978,-12.05151253,83.85170509,0,0,0,0.019631903,6.070863448,5.158479811,0,187.7125261
12,25,18,18.51136138,55.90620651,-12.05151253,65.56663244,0,0,0,0.01957683,4.747024189,3.473789283,0,136.1730781
12,25,19,19.59546473,60.25865204,-12.05151253,68.8487478,0,0,0,0.019633491,4.984649341,3.776605056,0,145.4322399
12,25,20,26.013606,84.77968484,-12.05151253,96.67803281,0,0,0,0.019687023,6.999489576,5.499917052,0,207.9389048
12,25,21,19.21071389,58.44969142,-12.05151253,67.532532,0,0,0,0.019452921,4.889355317,3.654415328,0,141.7046483
12,25,22,26.32559439,85.11303878,-12.05151253,98.90994383,0,0,0,0.019376354,7.161079933,5.535862619,0,211.0133834
12,25,23,23.68309165,74.44708547,-12.05151253,79.57738079,0,0,0,0.019563903,5.76140237,4.794581617,0,176.2315933
12,26,0,24.2237431,76.46957287,-12.05151253,81.11253791,0,0,0,0.019763495,5.872547745,4.937348451,0,180.584001
12,26,1,25.88030685,83.93703806,-12.05151253,86.66094899,0,0,0,0.020613019,6.274252707,5.445556863,0,196.167204
12,26,2,25.56075525,82.78084343,-12.05151253,85.61930694,0,0,0,0.019669997,6.198837823,5.363357799,0,193.4912587
12,26,3,24.30953064,77.5380397,-12.05151253,82.54171706,0,0,0,0.020694122,5.976020315,5.00164042,0,183.3361297
12,26,4,25.57432357,82.68172806,-12.05151253,85.2139552,0,0,0,0.0194287,6.169490357,5.358592827,0,192.9660062
12,26,5,25.32199334,82.42501467,-12.05151253,85.60074218,0,0,0,0.019795864,6.197493734,5.330239098,0,192.8437663
12,26,6,24.43155671,78.05017309,-12.05151253,90.27553794,0,0,0,0.021588177,6.535948947,5.036963102,0,192.3002554
12,26,7,23.93192526,75.98923393,-12.05151253,83.28924352,0,0,0,0.021098845,6.030141231,4.894339318,0,182.1044696
12,26,8,22.3425689,70.41936433,-12.05151253,78.13355075,0,0,0,0.020372146,5.656869074,4.495570433,0,169.0167831
12,26,9,21.66707025,68.81334576,-12.05151253,73.48573665,0,0,0,0.019107313,5.320367334,4.368489924,0,161.6226047
12,26,10,16.76100358,50.17570319,-12.05151253,59.88376249,0,0,0,0.018354159,4.335584404,3.057105319,0,122.1800006
12,26,11,17.24145517,52.7122776,-12.05151253,61.20495845,0,0,0,0.018410507,4.431238992,3.225153668,0,126.7819819
12,26,12,16.4155453,49.70915053,-12.05151253,59.00582408,0,0,0,0.018415263,4.272021663,3.01187631,0,120.3813206
12,26,13,18.19184654,56.44496729,-12.05151253,64.12475825,0,0,0,0.018489447,4.642632497,3.486001282,0,134.8571828
12,26,14,17.17266383,52.92290259,-12.05151253,60.89843234,0,0,0,0.018097952,4.409046501,3.233053802,0,126.6026845
12,26,15,24.05835401,77.30102235,-12.05151253,80.78661127,0,0,0,0.020013898,5.848950656,4.974448015,0,180.9378877
12,26,16,26.53525962,85.76336753,-12.05151253,88.93294821,0,0,0,0.020790372,6.43874545,5.583764284,0,201.2233629
12,26,17,20.57670789,61.20394014,-12.05151253,75.56071018,0,0,0,0.022900744,5.470595417,3.883912847,0,154.6672547
12,26,18,24.52534957,75.64120915,-12.05151253,85.53367674,0,0,0,0.023352955,6.192638196,4.908008073,0,184.7727222
12,26,19,19.86757886,61.79190032,-12.05151253,69.97554497,0,0,0,0.019893166,5.066229456,3.877163742,0,148.546798
12,26,20,20.32607099,62.51591497,-12.05151253,71.63111641,0,0,0,0.020135266,5.186092828,3.94302937,0,151.5708473
12,26,21,23.25817306,72.16123991,-12.05151253,80.59416219,0,0,0,0.0209885,5.835017342,4.643592054,0,174.4616605
12,26,22,22.06093526,69.18731933,-12.05151253,76.70658983,0,0,0,0.019882365,5.553557104,4.411258533,0,165.8880299
12,26,23,20.08348958,62.4380651,-12.05151253,71.08915551,0,0,0,0.019228632,5.146854859,3.925181348,0,150.6504625
12,27,0,23.39561162,74.25900675,-12.05151253,79.96973631,0,0,0,0.019668459,5.789808909,4.768092995,0,176.1504125
12,27,1,25.30842565,81.51798296,-12.05151253,85.02452025,0,0,0,0.01917867,6.155775266,5.278961712,0,191.253332
12,27,2,23.39897606,74.28231393,-12.05151253,79.08580427,0,0,0,0.018985426,5.725812229,4.769578604,0,175.229958
12,27,3,25.09583533,80.30242586,-12.05151253,83.16419606,0,0,0,0.019026317,6.021087794,5.1994139,0,187.7504727
12,27,4,24.55969612,78.71225706,-12.05151253,82.08020728,0,0,0,0.01905451,5.942607007,5.080978544,0,184.343288
12,27,5,24.9439624,80.19377084,-12.05151253,84.88458319,0,0,0,0.019022012,6.145643823,5.184902493,0,189.3203722
12,27,6,26.26900332,84.78079195,-12.05151253,87.9676069,0,0,0,0.019274456,6.36885474,5.514204349,0,198.8682232
12,27,7,22.18986644,68.58716851,-12.05151253,77.62731801,0,0,0,0.019243444,5.620217824,4.385011598,0,166.3773133
12,27,8,23.2149994,72.10026482,-12.05151253,95.55647633,0,0,0,0.020634625,6.918288886,4.637790969,0,190.3969425
12,27,9,23.3782793,74.82602175,-12.05151253,78.71653414,0,0,0,0.019722669,5.699077072,4.79871032,0,175.3868327
12,27,10,20.0600684,62.61769553,-12.05151253,68.64113329,0,0,0,0.018366719,4.96961805,3.933882203,0,148.1892517
12,27,11,17.31111416,53.30273526,-12.05151253,60.75935919,0,0,0,0.017289897,4.398977605,3.261922165,0,126.9998857
12,27,12,18.22773951,56.31425213,-12.05151253,63.19092159,0,0,0,0.017537297,4.575022723,3.480719686,0,133.7546804
12,27,13,19.92893404,62.70107219,-12.05151253,67.62580909,0,0,0,0.017627087,4.896108578,3.931222099,0,147.0492606
12,27,14,22.25614034,70.68888905,-12.05151253,75.2009501,0,0,0,0.01926062,5.444548787,4.505768889,0,166.0640453
12,27,15,24.09313316,77.46054191,-12.05151253,80.55076001,0,0,0,0.019953824,5.831875025,4.985270453,0,180.8900218
12,27,16,24.77374106,80.06542738,-12.05151253,82.62922895,0,0,0,0.019371414,5.982356176,5.168272434,0,186.5868849
12,27,17,26.82934329,85.87721876,-12.05151253,89.50220499,0,0,0,0.020021615,6.479959642,5.606486258,0,202.263722
12,27,18,27.53287008,88.39520107,-12.05151253,91.97733496,0,0,0,0.020302996,6.659159051,5.785924315,0,208.3192799
12,27,19,26.20395624,83.71014138,-12.05151253,87.7140157,0,0,0,0.019792268,6.350494736,5.450945989,0,197.3978338
12,27,20,25.92819932,83.21534982,-12.05151253,86.70987966,0,0,0,0.019628478,6.277795287,5.408026439,0,195.5073665
12,27,21,26.41715184,85.74494683,-12.05151253,87.71289516,0,0,0,0.019002965,6.35041361,5.576159648,0,199.7690575
12,27,22,25.01706203,81.42253895,-12.05151253,82.76282226,0,0,0,0.018302223,5.992028332,5.257416527,0,188.4186578
12,27,23,25.39631623,82.62497043,-12.05151253,84.11094656,0,0,0,0.018608745,6.089632531,5.345516419,0,191.5344784
12,28,0,25.180029,81.32203476,-12.05151253,83.46097619,0,0,0,0.019101771,6.042574676,5.260895704,0,189.2340996
12,28,1,23.75154994,75.39954653,-12.05151253,79.02634051,0,0,0,0.018361758,5.721507053,4.851446825,0,176.7172401
12,28,2,22.79511404,72.85655043,-12.05151253,75.82312675,0,0,0,0.01730645,5.489594376,4.656528463,0,169.586708
12,28,3,20.33499563,64.17456418,-12.05151253,68.45184747,0,0,0,0.016467265,4.955913757,4.035913233,0,149.918189
12,28,4,21.10522574,66.24286977,-12.05151253,71.01214921,0,0,0,0.017366002,5.141279603,4.194019671,0,155.6613975
12,28,5,22.2399754,69.27894532,-12.05151253,75.16681324,0,0,0,0.019795806,5.442077279,4.426334636,0,164.5224292
12,28,6,23.55440388,74.50897715,-12.05151253,79.23369379,0,0,0,0.019945917,5.736519431,4.790861076,0,175.7928887
12,28,7,23.08165286,72.89210018,-12.05151253,77.52931985,0,0,0,0.019735721,5.613122757,4.674468796,0,171.7588876
12,28,8,19.63115383,62.01466079,-12.05151253,68.55633808,0,0,0,0.018157369,4.963478877,3.876402626,0,147.008679
12,28,9,21.61417528,68.07446052,-12.05151253,73.14963607,0,0,0,0.018575492,5.296033652,4.324387766,0,160.4257562
12,28,10,21.0424049,65.70442492,-12.05151253,70.49426202,0,0,0,0.018613528,5.10378457,4.160529173,0,154.4725066
12,28,11,17.6379523,55.27962467,-12.05151253,59.35323689,0,0,0,0.015267251,4.297174351,3.390239789,0,127.9219827
12,28,12,15.20498478,46.90872079,-12.05151253,53.45466739,0,0,0,0.01490703,3.870117919,2.788464152,0,110.1903495
12,28,13,16.29288589,50.31549011,-12.05151253,56.46540463,0,0,0,0.015404291,4.088095295,3.038817295,0,118.164585
12,28,14,18.26379931,55.34451481,-12.05151253,63.00573215,0,0,0,0.017275018,4.561615008,3.428713848,0,132.5701376
12,28,15,17.15095445,52.06868529,-12.05151253,59.79890003,0,0,0,0.01671346,4.329440362,3.184264686,0,124.4974457
12,28,16,23.94607994,76.66424927,-12.05151253,80.72834578,0,0,0,0.019589174,5.844732235,4.932726089,0,180.08421
12,28,17,24.18405834,77.71803841,-12.05151253,80.60920739,0,0,0,0.019509199,5.836106615,5.004677541,0,181.320085
12,28,18,23.26980655,71.88382212,-12.05151253,77.14243269,0,0,0,0.019404045,5.585112127,4.628787868,0,170.4778529
12,28,19,24.46186296,78.82618913,-12.05151253,81.2222185,0,0,0,0.019583063,5.88048862,5.081875253,0,183.440705
12,28,20,25.44365324,81.99698697,-12.05151253,84.43837621,0,0,0,0.019939801,6.113338438,5.313174411,0,191.2739565
12,28,21,22.83641073,71.4721536,-12.05151253,76.95732147,0,0,0,0.020091872,5.571710075,4.581717785,0,169.387893
12,28,22,23.18785606,72.35264706,-12.05151253,78.32256634,0,0,0,0.020519343,5.670553803,4.650336775,0,172.1529668
12,28,23,23.2095203,73.41301133,-12.05151253,77.93254368,0,0,0,0.019150136,5.642316162,4.710605764,0,172.8756348
12,29,0,24.23362197,78.25459207,-12.05151253,80.26344422,0,0,0,0.018114774,5.811073362,5.037324274,0,181.5666581
12,29,1,23.14787974,74.41875498,-12.05151253,76.78152818,0,0,0,0.017286298,5.55898264,4.763192306,0,172.6361116
12,29,2,22.3204214,71.37420895,-12.05151253,73.73782808,0,0,0,0.016611566,5.338618753,4.547521663,0,165.2836979
12,29,3,20.91482411,65.95772565,-12.05151253,69.44013505,0,0,0,0.016339245,5.027465778,4.167531773,0,153.4725091
12,29,4,20.26747116,63.62804996,-12.05151253,67.24370406,0,0,0,0.016156692,4.868444174,4.001711278,0,147.9740248
12,29,5,19.84924939,62.02688506,-12.05151253,66.29126346,0,0,0,0.01622258,4.799487475,3.889231441,0,144.8208269
12,29,6,20.07506936,62.87572953,-12.05151253,67.12269587,0,0,0,0.016499449,4.859683181,3.94909025,0,146.8472551
12,29,7,19.32447023,60.58137727,-12.05151253,64.78637083,0,0,0,0.016444731,4.690533248,3.779486457,0,141.1271702
12,29,8,16.09286377,48.91218892,-12.05151253,55.9293323,0,0,0,0.015860977,4.049283658,2.949512187,0,115.8975293
12,29,9,13.95074335,41.82456328,-12.05151253,49.13193743,0,0,0,0.014314939,3.55715227,2.435415331,0,98.86261406
12,29,10,13.45489176,40.13643274,-12.05151253,47.77490825,0,0,0,0.014169382,3.458903357,2.313767526,0,95.10156048
12,29,11,11.68234198,33.25645171,-12.05151253,42.5550835,0,0,0,0.013855356,3.080988045,1.831821561,0,80.36902962
12,29,12,9.171472601,24.38624831,-12.05151253,36.25915761,0,0,0,0.013596507,2.625163011,1.197895806,0,61.60202131
12,29,13,13.58934892,40.86479782,-12.05151253,47.86043137,0,0,0,0.01385178,3.465095231,2.361826725,0,96.10383931
12,29,14,13.34625879,40.15506879,-12.05151253,47.17547671,0,0,0,0.013865622,3.415504514,2.308754698,0,94.36341659
12,29,15,14.23857172,43.07015333,-12.05151253,49.25593187,0,0,0,0.014073177,3.566129468,2.520826737,0,100.6141738
12,29,16,22.58003721,70.85667955,-12.05151253,75.55323895,0,0,0,0.019330689,5.4700545,4.533155875,0,166.9609842
12,29,17,23.16837923,75.22931696,-12.05151253,78.10744679,0,0,0,0.018908976,5.654979148,4.80948243,0,174.937001
12,29,18,19.70934944,61.13358584,-12.05151253,67.97404305,0,0,0,0.018156282,4.921320717,3.831682247,0,145.536625
12,29,19,21.04812644,66.03754446,-12.05151253,71.26609975,0,0,0,0.01811698,5.159665622,4.179402621,0,155.6574433
12,29,20,21.10762721,65.87441682,-12.05151253,71.06231133,0,0,0,0.017926111,5.14491134,4.173630604,0,155.3293109
12,29,21,21.34598891,65.34570857,-12.05151253,73.11540251,0,0,0,0.019816325,5.293555142,4.157458302,0,157.2264172
12,29,22,22.5125999,70.85345526,-12.05151253,76.64241302,0,0,0,0.019800127,5.548910702,4.529220024,0,168.0548865
12,29,23,24.28299135,77.34181422,-12.05151253,80.5011235,0,0,0,0.018873552,5.828281341,4.989232422,0,180.9108039
12,30,0,22.08435457,70.71867479,-12.05151253,73.44331249,0,0,0,0.016832546,5.317295824,4.497859487,0,164.0268172
12,30,1,18.30074492,57.91731964,-12.05151253,61.98513806,0,0,0,0.015343971,4.487723995,3.574076948,0,134.228835
12,30,2,18.6766972,59.8063289,-12.05151253,61.81026129,0,0,0,0.014761034,4.475062918,3.700235305,0,136.4318341
12,30,3,18.60000336,59.75455849,-12.05151253,61.63569477,0,0,0,0.01477359,4.462424301,3.693079847,0,136.1090218
12,30,4,17.52132989,55.66152784,-12.05151253,58.58414301,0,0,0,0.014541368,4.241491954,3.405015927,0,127.3765375
12,30,5,18.22026235,58.42674177,-12.05151253,60.4401721,0,0,0,0.014355892,4.37586846,3.597968881,0,133.0238569
12,30,6,19.07799871,62.11723071,-12.05151253,63.11890167,0,0,0,0.014541506,4.569808481,3.851305031,0,140.6982736
12,30,7,12.87337821,38.44337796,-12.05151253,45.8818478,0,0,0,0.013846103,3.32184578,2.18707407,0,90.66985738
12,30,8,1.952167343,0.320092407,-12.05151253,9.498676367,0,0,0,0.009868986,0.687704169,-0.54470438,0,-0.127707643
12,30,9,0.035000279,-1.78125E-10,-12.05151253,0.319959471,0,0,0,0.000408432,0.023165066,-0.669319733,0,-12.34229902
12,30,10,0.020970516,-2.4507E-10,-12.05151253,0.187297951,0,0,0,0.000390189,0.013560372,-0.67010119,0,-12.4993947
12,30,11,0,0,-12.05151253,0,0,0,0,0,0,-0.671269248,0,-12.72278178
12,30,12,0.020970516,-2.4507E-10,-12.05151253,0.187297951,0,0,0,0.000390189,0.013560372,-0.67010119,0,-12.4993947
12,30,13,0.001906411,-2.22791E-11,-12.05151253,0.093648975,0,0,0,0.000195095,0.006780186,-0.671163061,0,-12.62014493
12,30,14,0.679038072,-2.62206E-09,-12.05151253,3.460984094,0,0,0,0.006100677,0.250575248,-0.633446828,0,-8.288261273
12,30,15,12.23877581,36.1081521,-12.05151253,43.82622513,0,0,0,0.013446834,3.173018699,2.021654636,0,85.32976067
12,30,16,21.52643508,68.32002691,-12.05151253,71.1902971,0,0,0,0.017453413,5.15417751,4.333178685,0,158.4900562
12,30,17,22.55658363,70.63854219,-12.05151253,75.25320942,0,0,0,0.019309202,5.448332362,4.51969926,0,166.3841635
12,30,18,20.71234988,63.72987722,-12.05151253,71.16989372,0,0,0,0.019444576,5.152700305,4.032162801,0,152.764916
12,30,19,21.39119055,66.06501296,-12.05151253,72.6941004,0,0,0,0.019512399,5.263052869,4.200041287,0,157.5813979
12,30,20,22.81787612,71.93069574,-12.05151253,75.72148973,0,0,0,0.019127709,5.482235856,4.606226205,0,168.5261388
12,30,21,23.1506291,73.19669345,-12.05151253,76.95603026,0,0,0,0.019527283,5.57161659,4.695276618,0,171.5382608
12,30,22,23.3012712,73.14457045,-12.05151253,78.55765957,0,0,0,0.019009402,5.687574553,4.700764132,0,173.3593368
12,30,23,19.90803699,62.6247415,-12.05151253,68.40473968,0,0,0,0.016949391,4.952503153,3.925806514,0,147.7812647
12,31,0,15.6641197,46.12580393,-12.05151253,57.88538323,0,0,0,0.017066962,4.190901746,2.770429498,0,114.6021925
12,31,1,21.30638497,67.76126341,-12.05151253,71.48502288,0,0,0,0.016704137,5.175515657,4.289798767,0,157.9831773
12,31,2,20.21629477,64.44757087,-12.05151253,68.19382888,0,0,0,0.016345612,4.937233211,4.044508068,0,149.8042689
12,31,3,19.8478363,62.66762179,-12.05151253,67.24342878,0,0,0,0.016323816,4.868424243,3.924841767,0,146.5169642
12,31,4,20.67321085,65.17539958,-12.05151253,69.68939335,0,0,0,0.01685723,5.045512079,4.110498353,0,152.6593589
12,31,5,22.33652949,70.0006574,-12.05151253,74.96369612,0,0,0,0.018561024,5.427371599,4.471912062,0,165.1672152
12,31,6,23.29943526,74.83148948,-12.05151253,82.95006425,0,0,0,0.019576691,6.005584652,4.794623259,0,179.8492611
12,31,7,22.90837427,73.03240256,-12.05151253,77.41692711,0,0,0,0.019246083,5.604985522,4.672632021,0,171.603055
12,31,8,23.44200896,75.29449221,-12.05151253,77.78158157,0,0,0,0.01829677,5.631386505,4.828353867,0,174.9446073
12,31,9,19.12388571,60.61196243,-12.05151253,63.57219851,0,0,0,0.016266296,4.602627172,3.770017493,0,139.6454451
12,31,10,15.62803026,47.91823539,-12.05151253,53.94620417,0,0,0,0.015482592,3.905705182,2.868257749,0,112.2304028
12,31,11,14.43627521,43.96422877,-12.05151253,50.62809219,0,0,0,0.014904321,3.665473874,2.581638824,0,103.2391007
12,31,12,14.69579754,44.79937223,-12.05151253,51.273443,0,0,0,0.015007753,3.712197273,2.642611708,0,105.086917
12,31,13,14.0886941,42.51433184,-12.05151253,50.05159346,0,0,0,0.015115939,3.623735366,2.481519297,0,100.7234775
12,31,14,11.33328556,32.46613051,-12.05151253,43.05375973,0,0,0,0.014939637,3.117092204,1.768358227,0,79.70205333
12,31,15,12.97592772,38.19183121,-12.05151253,47.96007838,0,0,0,0.015467514,3.472309675,2.178774924,0,92.7428769
12,31,16,25.1699061,81.24968669,-12.05151253,83.53427629,0,0,0,0.019678403,6.047881603,5.25630207,0,189.2262186
12,31,17,23.12570488,73.88192019,-12.05151253,79.05035992,0,0,0,0.019375091,5.723246058,4.732055468,0,174.4811491
12,31,18,24.77802604,79.89966599,-12.05151253,83.06464218,0,0,0,0.019481453,6.013880093,5.159278198,0,186.8834614
12,31,19,24.79479345,80.84177606,-12.05151253,82.60862347,0,0,0,0.019366989,5.980864339,5.212687674,0,187.4065995
12,31,20,24.48978612,78.48155473,-12.05151253,81.99783678,0,0,0,0.019629932,5.936643383,5.064234437,0,183.9381729
12,31,21,24.16458477,77.8225159,-12.05151253,80.38413458,0,0,0,0.018731998,5.819811344,5.009412259,0,181.1676783
12,31,22,24.41405342,77.82902276,-12.05151253,81.26271808,0,0,0,0.019884891,5.883420789,5.023670095,0,182.3812575
12,31,23,25.38822273,81.83401537,-12.05151253,84.23729769,0,0,0,0.020146718,6.098780353,5.301009414,0,190.8279597